{
  "users": [],
  "groups": [],
  "antilink": {},
  "antibadword": {
    "120363401870430334@g.us": {
      "enabled": true,
      "action": "warn"
    },
    "120363321616695987@g.us": {
      "enabled": true,
      "action": "delete"
    }
  },
  "warnings": {},
  "sudo": [],
  "welcome": {
    "120363321616695987@g.us": {
      "enabled": true,
      "message": "fatevi stuprare da chri"
    }
  },
  "goodbye": {},
  "chatbot": {
    "120363401870430334@g.us": {
      "enabled": true
    }
  }
}