{"noiseKey":{"private":{"type":"Buffer","data":"OPoS8GqQ8qXR+10OOkMYodKbv4Kw352J5bjLuHuI/mo="},"public":{"type":"Buffer","data":"7ynbiPrbb9sQSPQJMvKqyYRIP4W0x2DgTpy6F+pQ+gA="}},"pairingEphemeralKeyPair":{"private":{"type":"Buffer","data":"KEct6mBGcDvvAOUkrsWyFwUS/7CxFf0pYzoBxlJk8k4="},"public":{"type":"Buffer","data":"13Tv/QL6YG+gMZDH/JaEWcEPF2ZAP8rjhbv4Pn2eSFw="}},"signedIdentityKey":{"private":{"type":"Buffer","data":"sOZK/cCOi09wwr0Jq/6NAop6s68mkCtlgKgXHkVMNV8="},"public":{"type":"Buffer","data":"wiNKDd2fBGbyWgaQE8oOizOF8tr5REa5mlhnbEd1YWw="}},"signedPreKey":{"keyPair":{"private":{"type":"Buffer","data":"0KaaRkulyidbbk2tUx76vMH6VTe7+LBmDX1WzxZHPEU="},"public":{"type":"Buffer","data":"PiDrxV2tWKRjbfqdh20JlVTIKLcmlwj4FmlLyxvxYgs="}},"signature":{"type":"Buffer","data":"9iabzw4hsdF3p47VWU1FgSLu7IwUjCCTgs0Qu9KG9E2HZRxnqVXIaFSHLHqtw6UUD5dzQw+WpBpMxfM6BBt4iA=="},"keyId":1},"registrationId":132,"advSecretKey":"gcIqKiPVQ+j0Gw1uzWinwmyJyT6gdaZ9OBAGq8y1wjs=","processedHistoryMessages":[{"key":{"remoteJid":"447878935454@s.whatsapp.net","fromMe":true,"id":"0A8350CD8AEA764A6209171AD9EADBF9"},"messageTimestamp":1742767797},{"key":{"remoteJid":"447878935454@s.whatsapp.net","fromMe":true,"id":"545CDE96F57304D4A8C1D049F0DCB01E"},"messageTimestamp":1742767797},{"key":{"remoteJid":"447878935454@s.whatsapp.net","fromMe":true,"id":"E4B6A7CAE9B3CBE489F3B95163A96100"},"messageTimestamp":1742767799},{"key":{"remoteJid":"447878935454@s.whatsapp.net","fromMe":true,"id":"CEE31A7C77209FAC871AF3651E14CAA7"},"messageTimestamp":1742767799}],"nextPreKeyId":138,"firstUnuploadedPreKeyId":138,"accountSyncCounter":1,"accountSettings":{"unarchiveChats":false},"deviceId":"YlJov_b2RYipLJH5C9l_EA","phoneId":"5c4e0b03-5978-48e5-9b65-456f5ffbaf2c","identityId":{"type":"Buffer","data":"jFnSDT0JcGvkcQo08tYon//CLYo="},"registered":true,"backupToken":{"type":"Buffer","data":"6ishbaG9ncsv5fesrjMpbWblfmw="},"registration":{},"pairingCode":"MGT5CHJS","me":{"id":"447878935454:10@s.whatsapp.net","name":"eri","lid":"189052145901611:10@lid"},"account":{"details":"CMfBxbcBELCNgr8GGAEgACgA","accountSignatureKey":"a9FRjKNP/D3u+6/OpS0R6rFyS0uIWY93DIPdy1+bzRk=","accountSignature":"WK178SIHEQBpkBjSyyaf8z3N8kuAIC/jVLgRN+kGdqty/Zd6So2SPLIUKD+Nf8m4d7kLE5k8vA+xlBeP3QhkBw==","deviceSignature":"cd2DXK6KL0LYZx3ihqUomkkh+LqmjWFCAF9pqy5KpAx7Ad8THmYvp/3rhoU0gjHzFjBbjvcT7MIn7UrruiRciQ=="},"signalIdentities":[{"identifier":{"name":"447878935454:10@s.whatsapp.net","deviceId":0},"identifierKey":{"type":"Buffer","data":"BWvRUYyjT/w97vuvzqUtEeqxcktLiFmPdwyD3ctfm80Z"}}],"platform":"smba","lastAccountSyncTimestamp":1743117432,"myAppStateKeyId":"AAAAAGxg","routingInfo":{"type":"Buffer","data":"CBIIBQ=="},"lastPropHash":"1K4hH4"}