[{"senderKeyId":1407488087,"senderChainKey":{"iteration":161,"seed":"17ddVBcX8EIQpr+o41HDBGTAObfQB1gTHAmtq6vJozA="},"senderSigningKey":{"public":"BZsLWaspsKmT5sPkJjiJ+6ck7zEdpR9piHFC0vSgYtwL","private":"uGl2X7bkTx5MX0t7sWjI8igvuyKdTE3gE6uDPtRwXHE="},"senderMessageKeys":[{"iteration":1,"seed":"//seYZMreuF3LgeYVdb+0g5hUS35iMLt0R6EMV3zCec="},{"iteration":3,"seed":"VBsJjJfVkvLCQBZwWu11H+YXk9CS64Bp30JKmHak1xw="},{"iteration":5,"seed":"Qnlma8KLwaqoYFE4KVW5SNOeWlpw6f5Mk8jylgRpGq4="},{"iteration":7,"seed":"kVxkCGaANwMvSfv2S+Hlwppvx8ki0VSbIzNAqcgOcdY="},{"iteration":9,"seed":"1sjX04poMF40gxp9DL2TIcysfit6nvOjAeDKGlDtmLY="},{"iteration":11,"seed":"4XbLTHfBF8yHxwZGGAdeRogAk2uMyGQUYYW8niY1nb4="},{"iteration":13,"seed":"8jUVd5urFH6E1cNawJBA1ej2lzYUDqKrl0Wt5PNO2is="},{"iteration":15,"seed":"ZXxrmlS0yXDKLDBi5zIuhcz+BcWHnCakb7U6051EBLA="},{"iteration":17,"seed":"a2z6XyofiTxl36dV9A4KaRMvxjo4YN0vRK9+1bWxh74="},{"iteration":19,"seed":"A4Kh/hs9I1p7gmmVOJ3axqdoaXUTiVWULhMumSF+A3I="},{"iteration":21,"seed":"qYSVGyQUnG4r8G/vIq3PlzDkINSrJVQKYF22Vg7Wv9I="},{"iteration":23,"seed":"VJB5LU7l8HP6fFoszdOysTmj4Ca3IdZxEh3IbK61XdY="},{"iteration":25,"seed":"ng34liIe3QMZmcEMGvTdJMAxZz1/Yeq9lFKouV+oJ/Q="},{"iteration":27,"seed":"xEKqmVys9HXBHISZ/4AuiDxjYHS4zs3s0G4lTOowMSI="},{"iteration":29,"seed":"OS/C7P1KoIYcfcUAqqwWeHE0frgYxywAYe+tRiTW2MY="},{},{},{},{},{},{},{},{},{},{},{},{},{},{},{},{},{},{},{},{},{},{},{},{},{},{},{},{},{},{},{},{},{},{},{},{},{},{},{},{},{},{},{},{},{},{},{},{},{},{},{},{},{},{},{},{},{},{},{},{},{},{},{},{},{}]}]