[{"senderKeyId":69400583,"senderChainKey":{"iteration":13,"seed":"aoUueEdvrd1c04tc44a2EYaNqhgxuamYIrBQ422/L9E="},"senderSigningKey":{"public":"Bd3mu3C20puf9XEL9Er+2F0MhNi+TYDVnwJvmjfTZcp2"},"senderMessageKeys":[]},{"senderKeyId":1483527449,"senderChainKey":{"iteration":2,"seed":"R8eRCbYoG4EuiEMirkaXQCNZzr+mQUN8OUAFSqLGAKM="},"senderSigningKey":{"public":"BUKVMdv3sEUk0jpc7p/6mzA67KbzKjx45DQUvpAv8Kpq"},"senderMessageKeys":[]},{"senderKeyId":1933791698,"senderChainKey":{"iteration":17,"seed":"fi+xNUkTdU8qsOvr4GyZWou7EdFuZjCVocqu3PSoayA="},"senderSigningKey":{"public":"BX7U1dJIXF8IJkXS4MFBaXuQe6+Ex8CZORmith0blzIj"},"senderMessageKeys":[{"iteration":12,"seed":"X3DWJYgql/2Cuq3WNbctL1M21pxuEG+iSM5r1MbQp1c="}]},{"senderKeyId":679932153,"senderChainKey":{"iteration":2,"seed":"eLSWnstiCqNZIhdUfPJ1abPSWdWVOSvH3eP+TFsSuG0="},"senderSigningKey":{"public":"BVSXBz39/maOKFS3RP0R1H+FUy87tyFeaMWjQrYQdnhd"},"senderMessageKeys":[]},{"senderKeyId":1219510137,"senderChainKey":{"iteration":3,"seed":"0uBSxIyE7QHI/5Uyb4zBLcqRLijxG194Fb2T6Z38SdQ="},"senderSigningKey":{"public":"BeDwIdiYaE/fO045XwM5FP2GdtocxISPgu+4wi2Rp+te"}}]