[{"senderKeyId":1788289934,"senderChainKey":{"iteration":2,"seed":"+06ibKbrYEy7yb9lV588zELYAvwhyFZLuXMoFbuV4WE="},"senderSigningKey":{"public":"BXnzTtU1EoyeAUt1Q7vCTI7Eu4PwQX1975zoWh0yyThU"},"senderMessageKeys":[]},{"senderKeyId":1868843864,"senderChainKey":{"iteration":1,"seed":"4mV2UwhL2AICPARnFEbUaK6DlyxJ87Gv0HGKhoPq08E="},"senderSigningKey":{"public":"BWnmlBpE7AMyv/hmuo7vBvQSz6/aQotI7BqaBkGrSSdW"},"senderMessageKeys":[]},{"senderKeyId":171815610,"senderChainKey":{"iteration":1,"seed":"nQU5fxhcpF3lQeNJ0OMBXTjCsYzzuLGulEpIMbZc5ZQ="},"senderSigningKey":{"public":"Bac+NRwd9wKKaEJ1R4I2iMf9Ktbnqk0aM2PZ6wwJoxY3"},"senderMessageKeys":[]},{"senderKeyId":909494046,"senderChainKey":{"iteration":6,"seed":"9zLFADWH3GvggfkROKETLetQqTJpw5WTE7CNirTva60="},"senderSigningKey":{"public":"BfitmEOM44UI54rqh4fCxRrx4VCJGwwC4RbYRQGZzTNH"},"senderMessageKeys":[]},{"senderKeyId":673462737,"senderChainKey":{"iteration":1,"seed":"5lFePtbCSOQXYeEJuYhxTqZNxwM4ejHzZ6om/5vdQpA="},"senderSigningKey":{"public":"BQctyhNv59tcLZ/Fr/vQmL6mFQjfT26oW+BoVuo++OFY"}}]