[{"senderKeyId":1100871282,"senderChainKey":{"iteration":53,"seed":"FRxAUqlCkUR14CoABqWKndFUZXI4Cn3CCvcMUINFsN0="},"senderSigningKey":{"public":"BQku6l/6CLWcTX4kcdXTTgitnZWsc47iz7cscVhLN9pI"},"senderMessageKeys":[{"iteration":35,"seed":"twtFjd+9Jqg2vWRabZdk52HhHLoIP33DUCawxmXR1xY="}]},{"senderKeyId":556236717,"senderChainKey":{"iteration":1,"seed":"EfuuLb6rl36xbtaGRxUUd4S9v+R+6Jx7Ndemuv90wsY="},"senderSigningKey":{"public":"BcmXiKFgLxukmyXq3mgGmoSodP27MWslWIzxA2ozCpEO"},"senderMessageKeys":[]},{"senderKeyId":193208880,"senderChainKey":{"iteration":27,"seed":"5ftdrHsYjGjOgXlTNbTc65oGPY88tBVGdemscV5BnXQ="},"senderSigningKey":{"public":"BdREMtfIcELhO19suHST4fGz6KnbjO4XGsf1yIxmudQ7"},"senderMessageKeys":[]},{"senderKeyId":601477978,"senderChainKey":{"iteration":0,"seed":"9RWQ4z1rmGUTlXGxZzAvk91/RbCjgvY6ANJKZBRgBkc="},"senderSigningKey":{"public":"BZbgSZDyGbd/KwmcAIw4qPuQedOO8Dy1mfW4WwZO4dAA"}},{"senderKeyId":1171336373,"senderChainKey":{"iteration":57,"seed":"hfUqp0qxRzozuFKdwtNne9JCP/HPvZCWw+i/dcXwshU="},"senderSigningKey":{"public":"BWzOzlC5JOQXmpAj5XBGSOid+OPGU0fo30JTnIjkekIA"},"senderMessageKeys":[{"iteration":42,"seed":"QWItlLoEanFCBVnwQcGknHxO3qla0iVqC16R5dDBnqk="}]}]