[{"senderKeyId":1065398902,"senderChainKey":{"iteration":4,"seed":"KtUa1pFQ79t5f7NDPWrxiAbCyA1nKrMPYaRaMz9yKFo="},"senderSigningKey":{"public":"BbI3fRekfDbmHT6HP1dgwn1OzuERiccjzGjL75EkUQQy"},"senderMessageKeys":[]},{"senderKeyId":207390507,"senderChainKey":{"iteration":4,"seed":"or2/lBGIy+kAnXhSE+bAs83keyxn9vaUmLad+cBun1g="},"senderSigningKey":{"public":"BVS3tv/BZEICHy+c8kd/7BaqqWdu2pibLPbiOIGzTssT"},"senderMessageKeys":[]},{"senderKeyId":147524604,"senderChainKey":{"iteration":18,"seed":"5d//XUS6OgOr3Ry8Jgy+RnJjgYuvJyrOazlNNeC8o9I="},"senderSigningKey":{"public":"Ba5O8sWs6ZkUJnU92PjXMPA0j2Ns52vEVAOrQNmS45Q8"},"senderMessageKeys":[{"iteration":0,"seed":"6drcSnLvpUCCIfxRbKG97xMUd0M1sdh1/1+qRJX+6iE="}]},{"senderKeyId":1674557184,"senderChainKey":{"iteration":3,"seed":"/l27nqgTdY2iEDILNioz0H4jGrXv5qQx51az3LiY0N8="},"senderSigningKey":{"public":"BYvBth5CsmfHTtNaPGUmKohOTTOem4XlC/sSySnjEV9O"},"senderMessageKeys":[]},{"senderKeyId":638251523,"senderChainKey":{"iteration":42,"seed":"hUY3NDEhfclrI3GOFRY+9h0xfqu/teLyVP2KtMpV4Xg="},"senderSigningKey":{"public":"BSHyohWjVX77z1DxxiJ/TbC67PJaQGfPT56tnO8TkIhR"},"senderMessageKeys":[{}]}]