[{"senderKeyId":824115663,"senderChainKey":{"iteration":31,"seed":"eh6p8Xok30kdusjX9giR2+GPauwLyrXbmdaCMgxPBd8="},"senderSigningKey":{"public":"Beg4JYtZGvTV7COI0cOAV0nkYHfQwD17NLfYnfan/0o0"},"senderMessageKeys":[]},{"senderKeyId":1950756331,"senderChainKey":{"iteration":22,"seed":"gBIOL0hB2aEnCDx8JVPoHreXviiGVRGlorP6omcSn9M="},"senderSigningKey":{"public":"BfL4fZQj587felJXbH86fw2eqABcLxhm++U170RYF88x"},"senderMessageKeys":[]},{"senderKeyId":876058204,"senderChainKey":{"iteration":1,"seed":"DnBP6ePDKZo41s5eanq7GNdx3dHejE47lA9rh0QVMrY="},"senderSigningKey":{"public":"BWqIEL16cDjtvwZqBQ7qf7zvRrN3lce0n1qZKQqtQaA4"},"senderMessageKeys":[]},{"senderKeyId":1708876578,"senderChainKey":{"iteration":24,"seed":"vjwMWEkwLLkf3l3WrK/C07+3aUEFEwCz1CM9wcIVmms="},"senderSigningKey":{"public":"BbIRri2yqen6Tv5vHvRvfnVHbkwmLjy267zuWB1XzE8M"},"senderMessageKeys":[]},{"senderKeyId":1341908013,"senderChainKey":{"iteration":2,"seed":"o6kuKooWA2BaqDkx5BCqOpIKQS4uQFGJTT7CRy0VOIg="},"senderSigningKey":{"public":"BUhtUaGFnKCyvpkqy3RPtEOlOebDohqM4pIh7pB202k0"}}]