[{"senderKeyId":1614054405,"senderChainKey":{"iteration":0,"seed":"B9Pl1OcfmfoBGPPXKxGRw50BSETc25vk8hZ48cD4Slc="},"senderSigningKey":{"public":"BXytH3RR/oipkE320hHuCsKID6TRxByifxpbMp3WMFRw"},"senderMessageKeys":[]},{"senderKeyId":52928492,"senderChainKey":{"iteration":7,"seed":"9lpM0v8W4A7q530E4ePqudFkJaYbRJTw20XqIx1GKzQ="},"senderSigningKey":{"public":"BZXk0fPTWIVXLSC2+UMGzdLm3LC+NcHXY129KnBi3bNT"},"senderMessageKeys":[{"iteration":1,"seed":"aWwTtpccpPLkdNa/uvEFhqfaGfy6iSv0xt338AMXPcY="},{"iteration":4,"seed":"stInfgI7F0mIynOPhWxQ/ZLr4g7UQ7ABBjICG9XMrl4="}]},{"senderKeyId":962375670,"senderChainKey":{"iteration":5,"seed":"96so03XFbWujBXVjnmbTk8IG0tAeQ2Uwh+MjsKQFbGM="},"senderSigningKey":{"public":"BSiiubBiwhQs1GkIkAR2Hc/A+SjSJb45/Dw7wKd0BOYm"},"senderMessageKeys":[{"iteration":3,"seed":"Nf46ahpAot6K+HFB9nyXsJlkfPxxqwPWc4fJ1C5iwig="}]},{"senderKeyId":284027685,"senderChainKey":{"iteration":12,"seed":"PniCgXizHwfi3MPQZi04MkUXIjWhHcCiaHtbs8bjE3I="},"senderSigningKey":{"public":"BfN43gLG80zotX4KwZw4fWuXni244790QIXjnkAzS8xf"},"senderMessageKeys":[{"iteration":2,"seed":"0Mcpj2Z9C+35sXrJhunDV2vEnyK+JfzZon5tayHt2PE="}]},{"senderKeyId":861790460,"senderChainKey":{"iteration":1,"seed":"JUuQDilhJFnQdXhEXGQpT4jyyns+MhEaJqGMv5NPpy0="},"senderSigningKey":{"public":"BRO8dbvIIk+WV1QIINUOoQcWdZmAmgQ7mIUxGq47LUxX"}}]