[{"senderKeyId":2079267849,"senderChainKey":{"iteration":3,"seed":"OsQR0NAouUYrrXcYFUDEG8wTw7JpkCzynVwbLXASaPs="},"senderSigningKey":{"public":"BYz+CwwdE4SuQoy52j9W0W6dnylsEmQrwNQhFBHLJOhN"},"senderMessageKeys":[]},{"senderKeyId":801150492,"senderChainKey":{"iteration":6,"seed":"KOS4npsp+FbUlG8BsQrQpIDHgcv5lOmeBOBnof7Qo9s="},"senderSigningKey":{"public":"BW8XSdXUo6NXB8EofW6ymEnwsi/LYJOJh6orKX7e1cUw"},"senderMessageKeys":[]},{"senderKeyId":220283808,"senderChainKey":{"iteration":1,"seed":"MpCDSezFC6lyBanOj9s8Ds8nuOQbAlPbl8vBf2KYCwQ="},"senderSigningKey":{"public":"BZ2p7qYb/km+5wLQUGj6g9tfBfZ2vDAwHz1LE62W5ZZM"},"senderMessageKeys":[]},{"senderKeyId":1156885246,"senderChainKey":{"iteration":11,"seed":"hhBa+OR73GqKeg5E6UUilIFM4J/WeHEx+17YRx7l+38="},"senderSigningKey":{"public":"BU/D9EQ89CEwyQCTT580UqwjX1tximfv0EMf1kYHsNkN"},"senderMessageKeys":[]}]