[{"senderKeyId":1819382251,"senderChainKey":{"iteration":1,"seed":"LCaaBWXOxVAnoj3nd0O9ujT5MRzEmKKxWG24xTpfrBI="},"senderSigningKey":{"public":"BaA+IYY8LJSwRwbxDe5fGwWGMG9Mp/m/wu2m37i8WA5m"},"senderMessageKeys":[]},{"senderKeyId":1531076701,"senderChainKey":{"iteration":9,"seed":"kmosVkNB3016MWRPbFvM0bcVy480jSnxK38m8X6VRNw="},"senderSigningKey":{"public":"Ba+DzZ/hDq4UormdAmwfatP5cTptTe4nzC6SzcYlO/lX"},"senderMessageKeys":[]},{"senderKeyId":367716826,"senderChainKey":{"iteration":1,"seed":"ioTr9jHGWpR6ZVnzyFoIuZ9NTJFP4AATajRS5EK49+U="},"senderSigningKey":{"public":"Ba801Je1lcU941q6sD7chUFPWQ9e9HPcVPVWqmyfQlRN"},"senderMessageKeys":[]},{"senderKeyId":1080988935,"senderChainKey":{"iteration":3,"seed":"zW1kWVBEd8O9nxArImRXjF4tl3uzuoXNe2x2m68xhRE="},"senderSigningKey":{"public":"BbotG2VCTa+CCTfE0Fg1odUyVIosWfhRvzcz2HKjEOhk"},"senderMessageKeys":[]},{"senderKeyId":2029434217,"senderChainKey":{"iteration":4,"seed":"hbo9kCHcLv+DjzaInffHXPaQOzp0zzV7cOecx0KJmlY="},"senderSigningKey":{"public":"BWkcwVqK4zGy/83qKIMw98pBdRDcSjeL7mlhnki99wpe"},"senderMessageKeys":[]}]