[{"senderKeyId":2062716746,"senderChainKey":{"iteration":14,"seed":"tQ4zJnL+GLuvlKDo4V/uN7W0mYaESVE61VAID+kmh94="},"senderSigningKey":{"public":"BWE8jnabRBXq9MjyWsUYJB5cI98FKkv6bzCQV4aC7DtL"},"senderMessageKeys":[]},{"senderKeyId":1459349875,"senderChainKey":{"iteration":41,"seed":"zt7ZENCpV+Ex2T2sqj++xxLrbHUg+2PA2NTcW9+rmyY="},"senderSigningKey":{"public":"BaPsSBr7AQbdFnUah8Ns6BtV5BMSr3xUenyYPW96I+Ej"},"senderMessageKeys":[{}]},{"senderKeyId":667083928,"senderChainKey":{"iteration":6,"seed":"ibn2g9oZS81eNybvjFnMSUV7+bGpiYkntgjWwVzVs3k="},"senderSigningKey":{"public":"BTVGj5QD9Clb/zOZ/00JTHWm/VmVwHCYTosgeySxMf5O"},"senderMessageKeys":[{"iteration":0,"seed":"QsZ9Mbtnxj6JnLREOVNalA4SXzaXWUZp6+XAyJk2iik="}]},{"senderKeyId":43809771,"senderChainKey":{"iteration":28,"seed":"HyTp2d86DXVavGYRpXo3ED6+BVdZ5a4tKMK1WPcrbTY="},"senderSigningKey":{"public":"BT2XBB4yiD+vGp2DdD+llGjLzbcyKCJzFnKh59CrrZMa"},"senderMessageKeys":[{"iteration":4,"seed":"ZgdJhti+5AnithpQ6aQVRlftXOK51ejQSdEXzF2yjoQ="},{"iteration":17,"seed":"vyJEyOPEIMnrgtw3SVk4Fy/iKHpMfw7IhyTsVYMHp6s="},{"iteration":21,"seed":"R9fO7abtzgwvVgdn8BjCnSnSw7wVA8BJAVISv7LSEEY="}]},{"senderKeyId":1860409101,"senderChainKey":{"iteration":1,"seed":"gdf7ACVwpgg/tQGqV4i+VNavOFzLq+usZUfntu8Qg7s="},"senderSigningKey":{"public":"BZymM7pJInv3EMcFvy2LVKTi+oSI0IqcsQixEXklP2xL"}}]