[{"senderKeyId":1487711720,"senderChainKey":{"iteration":2,"seed":"n5wzhV0ASx6r0WU7Ku3fzWRXm0CDWusIlMbquf5Rqbc="},"senderSigningKey":{"public":"BYRUl/XTynRJMT4fq6OEGI2hs1HyGZ469qNxxP+6lp1T"},"senderMessageKeys":[]},{"senderKeyId":1002230922,"senderChainKey":{"iteration":9,"seed":"e5FdcxZRVQeZuGteyOjxsuDzO6WyB0wfW5bqYFMvzvk="},"senderSigningKey":{"public":"BQlUpK8gg3O5vAWmR6qdEAYsebhCHLxbku6hMiQQWUJu"},"senderMessageKeys":[]},{"senderKeyId":1439362246,"senderChainKey":{"iteration":13,"seed":"1DT40nvPVp62+I5e5p5Bu2wlokzaUORmMls9sDv70VU="},"senderSigningKey":{"public":"BXc/350IeJpnmnOiDkK02GyjOtM8gJyT5/z4dqXS7Td1"},"senderMessageKeys":[]},{"senderKeyId":34974267,"senderChainKey":{"iteration":3,"seed":"JzuYcbXiQsWH3h8SpQTqv9fel5zBCyLDPei1OLXVemg="},"senderSigningKey":{"public":"BQibbFJePSImG60POd+PBTLwWwZ033OthWsDub1gW0hD"},"senderMessageKeys":[]},{"senderKeyId":1522610299,"senderChainKey":{"iteration":24,"seed":"lRhgOnL9r09ooRN37xCVgQ+viUFa0poedjzIKu95LU0="},"senderSigningKey":{"public":"BYDuNxMmymAbp7zG5uKKLDDlnu9PNdC97X23uaCDLx84"},"senderMessageKeys":[{"iteration":0,"seed":"fPENcMPEoVWG6rE2D4vtk9LB9/5Hh535Lee4rNMTdVM="},{},{}]}]