[{"senderKeyId":1933772330,"senderChainKey":{"iteration":1,"seed":"MMMUw3aLiNiTwkJhMjHklFeiP3iu9cOyZruFoSPuFLY="},"senderSigningKey":{"public":"BSXGtqwClYW8CMnDX27sewxiyN6zXDlUaXtDexpq1YYS"},"senderMessageKeys":[]},{"senderKeyId":319402289,"senderChainKey":{"iteration":1,"seed":"BifK7OpIBGDrfijreBJeTEQ0EyaHqq7NkE/Qf00VdXY="},"senderSigningKey":{"public":"BefF+rI9MUCftQ3GtNjE4eJ/aStAm4ciXiqi+eUzTTI+"}},{"senderKeyId":1669986034,"senderChainKey":{"iteration":1,"seed":"u+hdIgm7th/WIDqpTT5EEG2bNWBdi7MmFrWLGXBfdxU="},"senderSigningKey":{"public":"BSFJ9lm/Iulq7A15w2VPDvptPTSzgGGsQ4FGvxlnBJcU"}}]