[{"senderKeyId":2144245419,"senderChainKey":{"iteration":1,"seed":"cMhS7iTUzHg8fk4M48ujoFiLgFg9c1haGRSbb5Oh2HU="},"senderSigningKey":{"public":"BWFGUdSToE378QmXJ8y04TPkFiCsPuAw4ZWM+oisKa5a"},"senderMessageKeys":[]},{"senderKeyId":1985242458,"senderChainKey":{"iteration":4,"seed":"MG0Rymug1V4qwvq6IPrvaY24RKicmI67Tp8pOcpGC6M="},"senderSigningKey":{"public":"BQHwXMGT4nM8TbJGTXAYK3P0JgpQRNF5rIZr1akglRVo"},"senderMessageKeys":[]},{"senderKeyId":1115484465,"senderChainKey":{"iteration":4,"seed":"uWJWItkIaBruST009PwIQFTWXyS+hQEWnf1oCmq9s38="},"senderSigningKey":{"public":"BXykyhdxX7p2Ip8P55e1rZ8w1ENWzFqX6UETRYvQpXhK"},"senderMessageKeys":[]},{"senderKeyId":2124332319,"senderChainKey":{"iteration":13,"seed":"3d7Bn+B17B8YSV4O42C3R2EEqhdzQL9tAUs9xzet46Q="},"senderSigningKey":{"public":"BdVbUrw5jtHIyjqWds+wQcfA5gySk06LCu97sf67ZPRs"},"senderMessageKeys":[]},{"senderKeyId":110034262,"senderChainKey":{"iteration":20,"seed":"oHWTrwbP8DvkUz/E5zKWDnhkcE/F7WGplBHr221FB2Y="},"senderSigningKey":{"public":"BV2EXxPNF3QByKpwlh2YB52Xs8EUu2mTTRq8xd1POSIX"},"senderMessageKeys":[]}]