[{"senderKeyId":1749760120,"senderChainKey":{"iteration":1,"seed":"WJEZq135WUkz/yyB/o/sLOSNQSTLGneMElHDjdxUJvc="},"senderSigningKey":{"public":"BUhBU968zAmDrh4bhtX3oR4+3gdzMVVH4EjSJ5QRBy5/"},"senderMessageKeys":[]},{"senderKeyId":1707125131,"senderChainKey":{"iteration":1,"seed":"IKLOcuDM/04uTO9rAWa1ncE72wTVj+EvsLnwgFRsoi8="},"senderSigningKey":{"public":"BaxPDA74JKJ7E08ZXFSU1Ky05pgga2xfKrFQAHLoIX0+"},"senderMessageKeys":[]},{"senderKeyId":1597093220,"senderChainKey":{"iteration":3,"seed":"6L6BFzFSzfGM4F+HPyDFju1l7NEJYhRZvGHheIfG1AU="},"senderSigningKey":{"public":"BVk76ig3DIEyGxVEL5LyzerfuUNsK3FZfQhi1yqJ+iFe"},"senderMessageKeys":[]},{"senderKeyId":258181636,"senderChainKey":{"iteration":13,"seed":"Hye6FUv5KhDh+EWtc1Whw21NE8O+imm8smt78wZ3eIg="},"senderSigningKey":{"public":"BcxNr/9j1Wih4IbYYyVkaMwilsJtQse3cyzV9JlzQsxX"}}]