[{"senderKeyId":1673865047,"senderChainKey":{"iteration":39,"seed":"ZNa7qfh0SGmC3TtymSZWikv7NCaEZnWEbjLDlCdWNck="},"senderSigningKey":{"public":"BVJkjX9GBntWHqA487D0uPkUom2sScxuP7T3kIi/JuBC"},"senderMessageKeys":[{"iteration":0,"seed":"HUQqS58yzuRrZylI/n2+DahE5T9xkmKPkeP/gTll25c="}]},{"senderKeyId":1080932794,"senderChainKey":{"iteration":5,"seed":"eCwPR05kfK3FEBvNqboMP43N8DV87Hwg9LWTIHTSeTc="},"senderSigningKey":{"public":"BTyb1uDaOJFFHNAzn7uqtzNHdHZ7vX4GpRUwuwq3BHsz"},"senderMessageKeys":[]},{"senderKeyId":1736143988,"senderChainKey":{"iteration":1,"seed":"y6268o1g91qD0g2Bdp/zq3y1x3ShWyM+y0XH5HrHupE="},"senderSigningKey":{"public":"BQjaNgZM+kodu3oi5BQpbM8smO0B+Z1U/5Dd762cL3kq"},"senderMessageKeys":[]},{"senderKeyId":1369200159,"senderChainKey":{"iteration":62,"seed":"FZB8iRfEJPMUsA+c0//1TRYJZzCCn5HqT0/RLuf5g80="},"senderSigningKey":{"public":"BdxywaYocsuYJ7vm8wigTv0pUcazOZZcMPdlZldPO6w4"},"senderMessageKeys":[]},{"senderKeyId":1112989882,"senderChainKey":{"iteration":8,"seed":"yeE75yeJj+CiPIUEbKhc1pP//lQl+S3Gn47EGuyvdAI="},"senderSigningKey":{"public":"BQ9UGfz6A4YQU7s7abECJouqHkQIF07Dhnz3CUVtF9og"},"senderMessageKeys":[]}]