[{"senderKeyId":1961893075,"senderChainKey":{"iteration":8,"seed":"B6vt6jRX9aASD+bzJdJe5O4nHZDZkdOGR0xe4OE0uXg="},"senderSigningKey":{"public":"Bf1fmcPoYNyRlPgwdYg7IBqwUuMNSEkX8OFnClDh2K5V"},"senderMessageKeys":[]},{"senderKeyId":272048179,"senderChainKey":{"iteration":40,"seed":"I4fFYanScTZW1jB6fngtdRFy+9BTkxMw9ZHyU6n0mVk="},"senderSigningKey":{"public":"BbcXbYJDg0VkorYW5smEYXKKML9RNie50+C8oykxtSQG"},"senderMessageKeys":[{},{},{},{},{},{},{}]},{"senderKeyId":1142552222,"senderChainKey":{"iteration":12,"seed":"eJJTJRePhBI8qOfYneZKKnZYhIkzg8Snc8z/pLLZ8lY="},"senderSigningKey":{"public":"BfDNSzkepfNrDO0IDcBS6SNRRpRkAnrxk07WmqXrqtZ1"},"senderMessageKeys":[]},{"senderKeyId":1801808535,"senderChainKey":{"iteration":25,"seed":"jHTf0233VzDWp1ADHKCiRsBAEiuIafjlPGi+slYGOic="},"senderSigningKey":{"public":"BfUZqMdI41QxwPhxwcJ69PVK1S5V7k+Sw0hu/aWlgft/"},"senderMessageKeys":[]},{"senderKeyId":1801808535,"senderChainKey":{"iteration":24,"seed":"zPxn7K0A7sFelgsUwFRVxh+LgWGTJlywJyj/p9IzGKQ="},"senderSigningKey":{"public":"BfUZqMdI41QxwPhxwcJ69PVK1S5V7k+Sw0hu/aWlgft/"}}]