[{"senderKeyId":409011347,"senderChainKey":{"iteration":23,"seed":"7BPsRtUSeoWG7aIL9ZcHj39Cw431quJs+mUcDNN96to="},"senderSigningKey":{"public":"BTeehY/dd69XteSePzIyhF78sLdsvk6/ZWj/nkz0njVb"},"senderMessageKeys":[]},{"senderKeyId":1912659335,"senderChainKey":{"iteration":5,"seed":"+XGrqkRQiZmTYXrSiEpJTAaCgWVquWHVHbKiyyheM0M="},"senderSigningKey":{"public":"BTTEw89gb8hmUZyE9wzHLSiwDEJnRo2M2PUx1TEKEf5v"},"senderMessageKeys":[]},{"senderKeyId":1953714699,"senderChainKey":{"iteration":30,"seed":"VmQ7jLJ2y7oDF5lPFJVubVzgy9m/CfZs7u7+AvQ0JMg="},"senderSigningKey":{"public":"BRIBJ8Pujj7HXiAawyLMGvrnV3OBFEdq+mebpAghfzNg"},"senderMessageKeys":[]},{"senderKeyId":1152402288,"senderChainKey":{"iteration":1,"seed":"3ku0e/d+OoBEHn6ZVvGUzQsi3+sGOrU3PocW0oKbw04="},"senderSigningKey":{"public":"BZYS4yv2hLhrrguw3b7yh5/737vg7wDdy81vmOIBuhg+"},"senderMessageKeys":[]},{"senderKeyId":1359397316,"senderChainKey":{"iteration":5,"seed":"GlVk3SyFkCDYaJQZUC/CZ3+ig74JRyzDfLHbZuAilnY="},"senderSigningKey":{"public":"BUNX27cg6p8DE/D2JT6qJt4GFUSnqvRLR/3WtSIPyvsh"},"senderMessageKeys":[]}]