{"393892182097@s.whatsapp.net":true,"393383872411@s.whatsapp.net":true,"393762010754@s.whatsapp.net":true,"393516682605@s.whatsapp.net":true,"393516503026@s.whatsapp.net":true,"393888045556@s.whatsapp.net":true,"393209560752@s.whatsapp.net":true,"393716491397@s.whatsapp.net":true,"393808606171@s.whatsapp.net":true,"393808606171:30@s.whatsapp.net":true,"393713646231@s.whatsapp.net":true,"393508308570@s.whatsapp.net":true,"393755389615@s.whatsapp.net":true,"393668188889@s.whatsapp.net":true,"393668188889:9@s.whatsapp.net":true,"66803528197@s.whatsapp.net":true,"393519790431@s.whatsapp.net":true,"393516253434@s.whatsapp.net":true,"393516551783@s.whatsapp.net":true,"393516551783:19@s.whatsapp.net":true,"393518236412@s.whatsapp.net":true,"22675716814@s.whatsapp.net":true,"393458785593@s.whatsapp.net":true,"393458785593:57@s.whatsapp.net":true,"393206866025@s.whatsapp.net":true,"393206866025:16@s.whatsapp.net":true,"393913147794@s.whatsapp.net":true,"393713958577@s.whatsapp.net":true,"393408755712@s.whatsapp.net":true,"393341357785@s.whatsapp.net":true,"393341357785:7@s.whatsapp.net":true,"393883978292@s.whatsapp.net":true,"393883978292:3@s.whatsapp.net":true,"393455261584@s.whatsapp.net":true,"393519623007@s.whatsapp.net":true,"393737419092@s.whatsapp.net":true,"393347137189@s.whatsapp.net":true,"27843355557@s.whatsapp.net":true,"393517742435@s.whatsapp.net":true,"212699291406@s.whatsapp.net":true,"393313965425@s.whatsapp.net":true,"393514052018@s.whatsapp.net":true,"393271098013@s.whatsapp.net":true,"393897659752@s.whatsapp.net":true,"393897659752:25@s.whatsapp.net":true,"393714721945@s.whatsapp.net":true,"393294640152@s.whatsapp.net":true,"393713329496@s.whatsapp.net":true,"393518050485@s.whatsapp.net":true,"393384739460@s.whatsapp.net":true,"393884852633@s.whatsapp.net":true,"393884852633:14@s.whatsapp.net":true,"573169470402@s.whatsapp.net":true,"393292593131@s.whatsapp.net":true,"393791520393@s.whatsapp.net":true,"393791520393:31@s.whatsapp.net":true,"393791520393:32@s.whatsapp.net":true,"393270865429@s.whatsapp.net":true,"393282724902@s.whatsapp.net":true,"393663968104@s.whatsapp.net":true,"393773916701@s.whatsapp.net":true,"393319452963@s.whatsapp.net":true,"393314045413@s.whatsapp.net":true,"393314045413:51@s.whatsapp.net":true,"393314045413:52@s.whatsapp.net":true,"393314045413:53@s.whatsapp.net":true,"393517659845@s.whatsapp.net":true,"393517659845:21@s.whatsapp.net":true,"393427679964@s.whatsapp.net":true,"393427679964:27@s.whatsapp.net":true,"393927508744@s.whatsapp.net":true,"447401422130@s.whatsapp.net":true,"393283693566@s.whatsapp.net":true,"995544775943@s.whatsapp.net":true,"393473791926@s.whatsapp.net":true,"393473791926:12@s.whatsapp.net":true,"393467259373@s.whatsapp.net":true,"41765484396@s.whatsapp.net":true,"639485251875@s.whatsapp.net":true,"393335392870@s.whatsapp.net":true,"393315085338@s.whatsapp.net":true,"393315085338:36@s.whatsapp.net":true,"393315085338:37@s.whatsapp.net":true,"393315085338:38@s.whatsapp.net":true,"393703689888@s.whatsapp.net":true,"393339466975@s.whatsapp.net":true,"393491263569@s.whatsapp.net":true,"393491263569:20@s.whatsapp.net":true,"393519506170@s.whatsapp.net":true,"393519506170:16@s.whatsapp.net":true,"393801258219@s.whatsapp.net":true,"393518063461@s.whatsapp.net":true,"447878935454@s.whatsapp.net":true,"393440818143@s.whatsapp.net":true,"393516350701@s.whatsapp.net":true,"393792143415@s.whatsapp.net":true,"393293967911@s.whatsapp.net":true,"393513604291@s.whatsapp.net":true,"12897912568@s.whatsapp.net":true,"393270350082@s.whatsapp.net":true,"447832476031@s.whatsapp.net":true,"393714841316@s.whatsapp.net":true,"393394130607@s.whatsapp.net":true,"393284282605@s.whatsapp.net":true,"393288556079@s.whatsapp.net":true,"393473333439@s.whatsapp.net":true,"6285353617603@s.whatsapp.net":true,"393341319863@s.whatsapp.net":true,"393391894805@s.whatsapp.net":true,"393331772520@s.whatsapp.net":true,"393331772520:17@s.whatsapp.net":true,"393331772520:18@s.whatsapp.net":true,"393713276209@s.whatsapp.net":true,"8563051039208@s.whatsapp.net":true,"393755853272@s.whatsapp.net":true,"393755853272:89@s.whatsapp.net":true,"393200815919@s.whatsapp.net":true,"393495431850@s.whatsapp.net":true,"393495431850:4@s.whatsapp.net":true,"393517232066@s.whatsapp.net":true,"393311016601@s.whatsapp.net":true,"212711499370@s.whatsapp.net":true,"393314476234@s.whatsapp.net":true,"393807565951@s.whatsapp.net":true,"393713649432@s.whatsapp.net":true,"393921846648@s.whatsapp.net":true,"393205596457@s.whatsapp.net":true,"393498204319@s.whatsapp.net":true,"393511862472@s.whatsapp.net":true,"393896234906@s.whatsapp.net":true,"393896234906:17@s.whatsapp.net":true,"393444128462@s.whatsapp.net":true,"393289494340@s.whatsapp.net":true,"393289494340:60@s.whatsapp.net":true,"393289494340:61@s.whatsapp.net":true,"393455844887@s.whatsapp.net":true,"393515499453@s.whatsapp.net":true,"66643157718@s.whatsapp.net":true,"393519614576@s.whatsapp.net":true,"393519614576:6@s.whatsapp.net":true,"917087365610@s.whatsapp.net":true,"917087365610:5@s.whatsapp.net":true,"13179336911@s.whatsapp.net":true}