[{"senderKeyId":1881283093,"senderChainKey":{"iteration":0,"seed":"6ua+AU6fJIXLf9RXGWjC3kgbTXzbIBc+KayCPpjnlvU="},"senderSigningKey":{"public":"BWEaG3/9zhgVVr4p1CoBU0G+GthbV9fYASMYUGNqcghE"},"senderMessageKeys":[]},{"senderKeyId":1733156596,"senderChainKey":{"iteration":1,"seed":"XlethcpretAkK9hr9mT8Le6npM8ukA1qhMzP+rIUOSc="},"senderSigningKey":{"public":"BZM/fTDt3fbYp13FrWcT5CYpbBxwovswaTDzaEZy6NhQ"},"senderMessageKeys":[]},{"senderKeyId":1118802983,"senderChainKey":{"iteration":1,"seed":"qADAMQfRF03VTzkmlgQcM28W3JqlMpgUPvcjnaw61Rg="},"senderSigningKey":{"public":"BYSLCs1t6KIMw7bTCZQ8IfhpEjBanlXyW8XChjaFSg9Z"},"senderMessageKeys":[]},{"senderKeyId":1416936877,"senderChainKey":{"iteration":1,"seed":"NkPL3sD3eVAMtFkr0vRz1D/OBicH1tAqSRv+Wun9GB4="},"senderSigningKey":{"public":"BcwrjvqyMxkpLtukSTQRrrMfgFo5k/REfOAuz+KImuxC"},"senderMessageKeys":[]},{"senderKeyId":1773263106,"senderChainKey":{"iteration":4,"seed":"w4NZmo5jrU2Oeip6UOY7AdDSmtjgTW0i+4I42atN9w0="},"senderSigningKey":{"public":"BTLdBG1B2AFNfC0yNNyTRFtYxWmRk8E2gIz1f0YgtPUg"},"senderMessageKeys":[]}]