[{"senderKeyId":2010775444,"senderChainKey":{"iteration":7,"seed":"lNvSiafR8mAIoHIj4lErl/Nb9OVX/hm2jSCj5VAzoKs="},"senderSigningKey":{"public":"Bc/lBGZkL6QY6DU+s3zZUTlHbFlclAvceiH5J43VyWMM"},"senderMessageKeys":[]},{"senderKeyId":1102368410,"senderChainKey":{"iteration":1,"seed":"R3DJdsYdGmE2mjswAzymY1jKWvpXb1Q0o97gzmT6iAM="},"senderSigningKey":{"public":"BUqHaeGXQN/qW64BP0ICVvzj8dTWW3V2pxYlardvqIBc"},"senderMessageKeys":[]},{"senderKeyId":26349759,"senderChainKey":{"iteration":25,"seed":"i2bmY/vK/x1aLTQsuGwegIA8VpuKKpURN4bO56TK5S8="},"senderSigningKey":{"public":"BcTes9imsvoZkpl5JLsOfSRlg9cK/KjkOiAl3mSl0xoc"},"senderMessageKeys":[{}]},{"senderKeyId":1298907011,"senderChainKey":{"iteration":2,"seed":"jc6EVXtEmrFlwI07wfzjQMvmISUFoEL/luIb2afBHpo="},"senderSigningKey":{"public":"BSddIHTkiqcdlIN+W04i7aU8f5BJeCmjD5OEs6fyfdln"},"senderMessageKeys":[]},{"senderKeyId":1590685849,"senderChainKey":{"iteration":17,"seed":"DwgpEFC9z42nIopK8vlqOuI31htz7MMUSwl8NBYm/S4="},"senderSigningKey":{"public":"BVxEvMpajRxYtd9RQ7rd43LdNWg3m6JupwBByNTFSQdN"},"senderMessageKeys":[]}]