[{"senderKeyId":1646810952,"senderChainKey":{"iteration":16,"seed":"g5LFcdAXpGFedOdCAyhpu+yOo5xNl02h8PMkmyylz7c="},"senderSigningKey":{"public":"BRHS13GUQjgRN6yksSjCvT9081wAZLCHN5Is9Vismc5y"},"senderMessageKeys":[]},{"senderKeyId":1341522946,"senderChainKey":{"iteration":1,"seed":"DG+sQOZfY+ALSd4v/EW1UkQ5srDNH8hDlIDt7hP0OpI="},"senderSigningKey":{"public":"BS4h+28jkuIcUqqTFyKzQhd9SAQ92v1OlZstyjD0KX8Y"},"senderMessageKeys":[]},{"senderKeyId":641800016,"senderChainKey":{"iteration":2,"seed":"2M4MLfH9BKYV+nEK19sYCjp4aAmGtoEA71VQNQ+731M="},"senderSigningKey":{"public":"BXacR+Y1uzzo73lxLdbihzGN1IpPoIHYMVVHzwgWi5lf"},"senderMessageKeys":[]},{"senderKeyId":2088038211,"senderChainKey":{"iteration":1,"seed":"uuZh+aH/V8dxLdW7i8A8HrJ/e9ILck1G1zNos4R5gqg="},"senderSigningKey":{"public":"BZvUVjPQPZgnd8+0BXGwDUGvlq815iWGfmaFk2rUxgdw"},"senderMessageKeys":[]},{"senderKeyId":835885665,"senderChainKey":{"iteration":23,"seed":"jjgYHjL9pIT/dNncizSex+zTgq/6BZYrC0/hayf7U/w="},"senderSigningKey":{"public":"BYbIpA9tLLM2A7yMP/WcltFiFGPm3spIW9QFbz9uaMpm"},"senderMessageKeys":[]}]