[{"senderKeyId":720656011,"senderChainKey":{"iteration":1,"seed":"o01gEVrfCSzBIpENaU+57OMQ2PBdVHLjAe7SwuTRw/s="},"senderSigningKey":{"public":"Bes32hYiIA1vNNaAd6u54Vbofdlcob0wLqyYQhHOQl5s"},"senderMessageKeys":[]},{"senderKeyId":749631638,"senderChainKey":{"iteration":21,"seed":"P9vBwS7RMEwe58YknxoOs3EqK1PmTDpgTH1Nj64CIxw="},"senderSigningKey":{"public":"BXjix5H9USL8UOgJU5YMR+lI9yosa9JClmAuBeRYhbkA"},"senderMessageKeys":[{"iteration":13,"seed":"yMcojXtGnXuEv43U+KUtmuTgndaxPTa/1pBHcHdapws="},{"iteration":14,"seed":"QYuKP3IaYqrhDgktEB0vg1xpAq8zcdM8m55G+cbN7SI="},{"iteration":15,"seed":"rjaabZ0Hp0Rhqc96bZH8ZkfY5bh/2Cp7RuLiMmSKSfA="}]},{"senderKeyId":243751427,"senderChainKey":{"iteration":3,"seed":"q7+rpdfPesWkPjM3RogNpNZHn/p43ICnndLfWKRh0+M="},"senderSigningKey":{"public":"BRy2L3AvYjzmEyje9RmiFhanr9G65SD74x/Cfq3Z0z8g"},"senderMessageKeys":[]},{"senderKeyId":1574678676,"senderChainKey":{"iteration":1,"seed":"XAKZSMIaVgdgP+Tcs6B3KB5PPYkyWudCpd9JkNY+elU="},"senderSigningKey":{"public":"BTKFSnS7QRdoIvoIuvQD7W58M6lqG1KkKg3rB8Dwupk1"},"senderMessageKeys":[]},{"senderKeyId":1470334231,"senderChainKey":{"iteration":5,"seed":"aoeymj7lmzHuyQtnzOWlReTH3AijmnztI2LTmEIhKpk="},"senderSigningKey":{"public":"BfT4GQRhJNFA53QbOcYoWZS4vMIg20N3tpjNggyfE1El"}}]