[{"senderKeyId":1314320219,"senderChainKey":{"iteration":5,"seed":"YeeTcno3LX1Qh8SOP/R5vU9DKShngAg7S68GclP8AXI="},"senderSigningKey":{"public":"BRi/DXt00CR75RgYq+IybvR6wHLO2FZ1WOAw7xeX/1wU"},"senderMessageKeys":[]},{"senderKeyId":1745398160,"senderChainKey":{"iteration":104,"seed":"dwI0jVLuRmFPJdmrBYk1jJfcvkrL34v4em+VIUpBqYc="},"senderSigningKey":{"public":"BXSseHt6GZnVcrNIkZ/JDKTTrZ0K1EgB9d8UBQGdLT8p"},"senderMessageKeys":[]},{"senderKeyId":906546982,"senderChainKey":{"iteration":5,"seed":"6s03JuLaFV8ofPAZirVMA+fT3zbTxKS62Yu4ngn+tYM="},"senderSigningKey":{"public":"BRlUc7NVGziwpqsFvpoC8Msn01+ifQZn+hh2oxBUU0RL"},"senderMessageKeys":[]},{"senderKeyId":1003962464,"senderChainKey":{"iteration":18,"seed":"4ZSp3ww5U4ZM1novDbxitsEUNCTnXYGWxpUHaqdaI84="},"senderSigningKey":{"public":"BZ+EbzaYVqDjjWrcjMnRKYXsAXRtvQ+/hSsQKSbI69kj"},"senderMessageKeys":[]},{"senderKeyId":1897922255,"senderChainKey":{"iteration":41,"seed":"/tyMHqPRPSe6iW/ZUIzgXgEmyQlDGmF3JU+laGO3EHk="},"senderSigningKey":{"public":"BdZSPOpLKH0JXlaZtU+JPl2B2Aho7VVdvhehdM5JM+t0"}}]