[{"senderKeyId":44201704,"senderChainKey":{"iteration":0,"seed":"BzE0APQffIXt5TmaUEYgnipDi9cqX5mfjSfwjUSc69Q="},"senderSigningKey":{"public":"Bc714fxl+6qDGxbf8Zy9foEFGBFX1YM/Xws2TVbwpEIY"},"senderMessageKeys":[]},{"senderKeyId":44201704,"senderChainKey":{"iteration":0,"seed":"BzE0APQffIXt5TmaUEYgnipDi9cqX5mfjSfwjUSc69Q="},"senderSigningKey":{"public":"Bc714fxl+6qDGxbf8Zy9foEFGBFX1YM/Xws2TVbwpEIY"},"senderMessageKeys":[]},{"senderKeyId":44201704,"senderChainKey":{"iteration":0,"seed":"BzE0APQffIXt5TmaUEYgnipDi9cqX5mfjSfwjUSc69Q="},"senderSigningKey":{"public":"Bc714fxl+6qDGxbf8Zy9foEFGBFX1YM/Xws2TVbwpEIY"},"senderMessageKeys":[]},{"senderKeyId":1590738553,"senderChainKey":{"iteration":2,"seed":"fuJZdumtF4tiWzJzNfxMyZ3Cb3KItpAp34GP1KYTLnU="},"senderSigningKey":{"public":"Bar3W18HZkHiqGCdas3RBzw9WJrMG2X6Bjzn0ZnLwG0L"},"senderMessageKeys":[]},{"senderKeyId":1217772034,"senderChainKey":{"iteration":3,"seed":"M87mlDuo9Y4k6yyl76Fkdn34GqHAXN9hdbLIFkIVw6w="},"senderSigningKey":{"public":"BQjSrAC53ZqpiZb6g6vM5Z34hUPyjsjrgqQdN4uHdBhu"},"senderMessageKeys":[]}]