[{"senderKeyId":1682411957,"senderChainKey":{"iteration":3,"seed":"V4Nc+zsP08snAUe1iO8NAfJ8ZfWvGYk5EhH/Rm4vtTU="},"senderSigningKey":{"public":"BSE4OCPFaYD5ovoUY37GWPGwbJjtvZ5fW3RaTSxFgFpC"},"senderMessageKeys":[]},{"senderKeyId":1682411957,"senderChainKey":{"iteration":3,"seed":"V4Nc+zsP08snAUe1iO8NAfJ8ZfWvGYk5EhH/Rm4vtTU="},"senderSigningKey":{"public":"BSE4OCPFaYD5ovoUY37GWPGwbJjtvZ5fW3RaTSxFgFpC"},"senderMessageKeys":[]},{"senderKeyId":1292496812,"senderChainKey":{"iteration":176,"seed":"SJ++ugNN+aatPmnVUeaeIQpqrTksQMU1sIIGUlrv35U="},"senderSigningKey":{"public":"BTpIIp82/IK6qjUefa4XWx5DeqplFRufYh/CnsqF66Ft"},"senderMessageKeys":[{},{},{}]},{"senderKeyId":1094268908,"senderChainKey":{"iteration":2,"seed":"8XW8MrGVWPjQXbUjNGqpCV7TBbtBuGpcG6tEtz96Hm0="},"senderSigningKey":{"public":"BUsp4JzoUJHjoEoOE1SBZ/h7sgTEh5Uz1B7lVBVa6JVh"}},{"senderKeyId":857891994,"senderChainKey":{"iteration":24,"seed":"gS0LQ5vGd6ANE96tkvkY7axWhkRUUT/PCzwsqMZe76k="},"senderSigningKey":{"public":"BcM8M6vWa4YGZtVXsBYP4KMNkCHOEggLapJlwTm69Vw7"},"senderMessageKeys":[{"iteration":5,"seed":"CevoO5jMNzz1gpE1plQFsxAEZMmHLZELUW7d3q+4EHQ="}]}]