{"_sessions":{"BWlaO22zc9kBso4mcWwF/tP5UjX53n9SXqBHuS0NEyFj":{"registrationId":6311,"currentRatchet":{"ephemeralKeyPair":{"pubKey":"BQ+9krJmdsKX3YRnNnEv+opzrY7KC2Ay6eVnDoP6GOQ6","privKey":"2M/j1+G7cR+w8vo74Yr+linYhoBL+i8wPpLA77gaq0E="},"lastRemoteEphemeralKey":"Bf/xlvKDM5nYS81giJtsN0l38uHAilPEO1MRns710DFz","previousCounter":0,"rootKey":"MczvYnViOe81mpvK9Fr89pvNvFdjOtcqEFc1fN99hDg="},"indexInfo":{"baseKey":"BWlaO22zc9kBso4mcWwF/tP5UjX53n9SXqBHuS0NEyFj","baseKeyType":1,"closed":-1,"used":1743257675459,"created":1743257675459,"remoteIdentityKey":"BaKdguVB2fNpEIzfOgnk/1/8aXKOPdSW7WqixelbfBNR"},"_chains":{"BQ+9krJmdsKX3YRnNnEv+opzrY7KC2Ay6eVnDoP6GOQ6":{"chainKey":{"counter":7,"key":"6UhWWe1l2okduqa1zcww7cWoSr3b1p4Z+/JYlOabaQU="},"chainType":1,"messageKeys":{}}},"pendingPreKey":{"signedKeyId":1,"baseKey":"BWlaO22zc9kBso4mcWwF/tP5UjX53n9SXqBHuS0NEyFj","preKeyId":322}}},"version":"v1"}