{"_sessions":{"BS85qzjJ+mh9KYf+SeLGLfpbPUnvQCPWL85jxmU38b55":{"registrationId":836984247,"currentRatchet":{"ephemeralKeyPair":{"pubKey":"BZIpMT7snG1fkPP4n9bnrTcftSHsj1zFu7ecJFUlA/If","privKey":"qGn1OgfPEebNtSeSepIjBPA+gy9Bj7VJwEI2nkj8g2E="},"lastRemoteEphemeralKey":"BXwzHdOHJpST/Uum0H6WWGCl0VMiOc7z6QZiPhT+YuZQ","previousCounter":83,"rootKey":"3D1jcuss//RZYjT+nNXcH4OZEbEvCFbgwi8eKAU4FFY="},"indexInfo":{"baseKey":"BS85qzjJ+mh9KYf+SeLGLfpbPUnvQCPWL85jxmU38b55","baseKeyType":2,"closed":-1,"used":1743329880489,"created":1743257671383,"remoteIdentityKey":"BdXVpsHVAOmPIDJo0MGR8lAPEld65z2Dr+HEPQML5S02"},"_chains":{"Besh67/kvY4raz+mNreGj2gecVR3HDHgTLi7rFrgui5w":{"chainKey":{"counter":1},"chainType":2,"messageKeys":{}},"BZScgyrri5BvX8SChPkGR7aFR5Vfhm48nrv8QbOC9M4p":{"chainKey":{"counter":2},"chainType":2,"messageKeys":{}},"BaI6SK1ZvuXpdOR4J4+nGvm3zyz4EMlov/4afTxagb5X":{"chainKey":{"counter":1},"chainType":2,"messageKeys":{}},"BT9kV9/HV23Am9EqXrwMgFZQ0vBHWnI0Tn97bPz4WjVf":{"chainKey":{"counter":1},"chainType":2,"messageKeys":{}},"BRZOusewxelk6LEUhgwSvfh2sZ7VeCLIfKL0migUrNlJ":{"chainKey":{"counter":5},"chainType":2,"messageKeys":{}},"BZC0dY7twSZ/fDfv4/w8kQ2JHnotJb5lj3nVQyN3VYQS":{"chainKey":{"counter":4},"chainType":2,"messageKeys":{}},"BXwzHdOHJpST/Uum0H6WWGCl0VMiOc7z6QZiPhT+YuZQ":{"chainKey":{"counter":0,"key":"cgglnxplooloWnWGmKKtAd1249YYL4xh+NhOdc/lJBk="},"chainType":2,"messageKeys":{}},"BZIpMT7snG1fkPP4n9bnrTcftSHsj1zFu7ecJFUlA/If":{"chainKey":{"counter":-1,"key":"C6aU7V34Z70YVF2O6Of83+uVg5ULta2v1Wgm6dQs7AQ="},"chainType":1,"messageKeys":{}}}}},"version":"v1"}