{"_sessions":{"BbIXYhRolZtFgGWRP7vdQ2GEFWBvKNBQTbZvQgDMUzQM":{"registrationId":1192804761,"currentRatchet":{"ephemeralKeyPair":{"pubKey":"BaBJT3w3VlMoRX2gfTo1yQcN4N6yTrLufLm1Rrac6dgK","privKey":"qLMx/dKG6KgkTYGYm+7tnzD4VlyF33bwFiMuEIt0lHM="},"lastRemoteEphemeralKey":"BSOQnH5ktBJWjBsKeIGzpr0KP5Ehm509Tg8jArF/TV1L","previousCounter":0,"rootKey":"YrrE3QPHbpsxp10YtKRyJuxP/3jEiVh0k387NnYLLIk="},"indexInfo":{"baseKey":"BbIXYhRolZtFgGWRP7vdQ2GEFWBvKNBQTbZvQgDMUzQM","baseKeyType":1,"closed":1743329349267,"used":1743319956783,"created":1743319956783,"remoteIdentityKey":"Bcn4Hu++EZEaqMEuo6Z99xzsEZ5yXLpZplNwEIhF60l6"},"_chains":{"BaBJT3w3VlMoRX2gfTo1yQcN4N6yTrLufLm1Rrac6dgK":{"chainKey":{"counter":67,"key":"fWSyMix9exnRpzkoqHlc0Fi75tTC5JRwDs9E8LKjEjE="},"chainType":1,"messageKeys":{}}},"pendingPreKey":{"signedKeyId":8910440,"baseKey":"BbIXYhRolZtFgGWRP7vdQ2GEFWBvKNBQTbZvQgDMUzQM","preKeyId":845}},"Bf0UV5OXsUtB3KAJbu88M8QLFYBorBVQK0zi1QGoIVZR":{"registrationId":1192804761,"currentRatchet":{"ephemeralKeyPair":{"pubKey":"BbeOs/3S2Q7QEzOxvEpViq0C4Y9J1kkp53q3pj7QFol3","privKey":"QFhq76g3W23mf8dTmFfWLs3l5ywzZOdQKNcpc1RClmE="},"lastRemoteEphemeralKey":"BQwNGpRAKxjpjY9pkXcV5rjZ4Il1krifnvdW1LiPrWt/","previousCounter":22,"rootKey":"jOuW+g4Avpfu/F0U6KhvFXN/iOKvj/8rQBJGi4gfFTg="},"indexInfo":{"baseKey":"Bf0UV5OXsUtB3KAJbu88M8QLFYBorBVQK0zi1QGoIVZR","baseKeyType":1,"closed":-1,"used":1743334178810,"created":1743329349261,"remoteIdentityKey":"Bcn4Hu++EZEaqMEuo6Z99xzsEZ5yXLpZplNwEIhF60l6"},"_chains":{"BQwNGpRAKxjpjY9pkXcV5rjZ4Il1krifnvdW1LiPrWt/":{"chainKey":{"counter":1,"key":"rUHOeP9r/YQynqFRoGF6tjeKOg+UabGSKCrKrFJWkCQ="},"chainType":2,"messageKeys":{}},"BbeOs/3S2Q7QEzOxvEpViq0C4Y9J1kkp53q3pj7QFol3":{"chainKey":{"counter":2,"key":"kR6FJkmcJO7BlfwFB3u5ZU2LxHB5FlhYQ/xr1xhBozM="},"chainType":1,"messageKeys":{}}}}},"version":"v1"}