{"_sessions":{"BeFaLqdzPo6pnkWYB/lJfOfSqjtgEvsrFZb/ozUv4A0p":{"registrationId":1853519774,"currentRatchet":{"ephemeralKeyPair":{"pubKey":"BVLENRj8r6M6I282goiIOqc/X40kLOVFP8Fcvx0a7ztU","privKey":"sC6cfjOjpoeKnLWjxkEECAvvml47/TalTuJ3+7hBBEI="},"lastRemoteEphemeralKey":"BbbyD1n7k+wTlx+eGMhlP22m3u7lAOwlDxVon+KT0IRw","previousCounter":2,"rootKey":"EREuu2k1y0iQHccA57uz5wtlmt5wrOW1h+YL+e+nF5Q="},"indexInfo":{"baseKey":"BeFaLqdzPo6pnkWYB/lJfOfSqjtgEvsrFZb/ozUv4A0p","baseKeyType":1,"closed":1743329311142,"used":1743325155983,"created":1743257536739,"remoteIdentityKey":"BXF1IFJtPjq6mBTyF1bCKlbwNIhCH3mQEV1sIAlXxrkn"},"_chains":{"Bc/t8rjDhP8O0Vw4e3jhkhv5uV8JV5RSv2LfHviFjUsT":{"chainKey":{"counter":0},"chainType":2,"messageKeys":{}},"BXD+A2eIJbDeCRcpf6iAB4xVfDnmOrsoLg32jkPxLWNo":{"chainKey":{"counter":0},"chainType":2,"messageKeys":{}},"BSHqv3yhIYR4YAzThuGf2spBM6XmPJvGU3t2LKFa1TBP":{"chainKey":{"counter":0},"chainType":2,"messageKeys":{}},"BRg287oHpftkx6YG1K1MEnmi6NsA6oA1tDEs2gUVPOwg":{"chainKey":{"counter":7},"chainType":2,"messageKeys":{}},"BbbyD1n7k+wTlx+eGMhlP22m3u7lAOwlDxVon+KT0IRw":{"chainKey":{"counter":2,"key":"GLdvPoQHTSwoBT6vxYSSJMTcUeEpWyReqHirZUQUqNo="},"chainType":2,"messageKeys":{}},"BVLENRj8r6M6I282goiIOqc/X40kLOVFP8Fcvx0a7ztU":{"chainKey":{"counter":46,"key":"CHdAdB/XEfoRJUmUJe3Y/1T5qTW9vcHxh4EXIEOQeJ4="},"chainType":1,"messageKeys":{}}}},"BTzvgjn/6DjiYt5Wbdd74cePwWaAyx1LZFZgsdrpClZV":{"registrationId":1853519774,"currentRatchet":{"ephemeralKeyPair":{"pubKey":"BV9KpKudqh2g/OTWIHgWNmomoOCfB76ICEi7UBT6i8gK","privKey":"IPuD4gd8UfNfwyBpGBqiNsB6Z4U7R6QYzFhkUzREMFE="},"lastRemoteEphemeralKey":"Bd9P5E80GeXVGgWvZ1Vgr2vfFZ5MBwZR28znj5B8nS5e","previousCounter":0,"rootKey":"JvDXWvwkDSK5hv0y5Ao8CEtPIM06WkV4Gn8DZKuxkYk="},"indexInfo":{"baseKey":"BTzvgjn/6DjiYt5Wbdd74cePwWaAyx1LZFZgsdrpClZV","baseKeyType":1,"closed":1743329373509,"used":1743329311142,"created":1743329311142,"remoteIdentityKey":"BXF1IFJtPjq6mBTyF1bCKlbwNIhCH3mQEV1sIAlXxrkn"},"_chains":{"BV9KpKudqh2g/OTWIHgWNmomoOCfB76ICEi7UBT6i8gK":{"chainKey":{"counter":29,"key":"MFxqJ+jqJya9Tck7nZ4m5WWU6BqtVUCM6YHBEHpAs+Y="},"chainType":1,"messageKeys":{}}},"pendingPreKey":{"signedKeyId":12091170,"baseKey":"BTzvgjn/6DjiYt5Wbdd74cePwWaAyx1LZFZgsdrpClZV","preKeyId":2122}},"BSBU24gSazknIPQfUUtaNIi+5+df1TjUTx/0ua8xxWsH":{"registrationId":1853519774,"currentRatchet":{"ephemeralKeyPair":{"pubKey":"BVxXlXCxA8qhmXmvDXdwrS1pS13u0CYJLMRBRiT3K7Vj","privKey":"aF9UD7qNvN0qIbY5dolDW4bjlYSEzniBOzJ2hubv/Vc="},"lastRemoteEphemeralKey":"BQHob5Dl0jf1IX+df/kbxCXa8SQMQgv5Ccrc1+3x5iQN","previousCounter":3,"rootKey":"qAnm6QJk863bnJHPoJz24un4Es53iPtvbtaDkCJJKNw="},"indexInfo":{"baseKey":"BSBU24gSazknIPQfUUtaNIi+5+df1TjUTx/0ua8xxWsH","baseKeyType":1,"closed":-1,"used":1743346089419,"created":1743329373496,"remoteIdentityKey":"BXF1IFJtPjq6mBTyF1bCKlbwNIhCH3mQEV1sIAlXxrkn"},"_chains":{"BSA4kMtzeXZsvD+3lLPNyIB2nTh4EuzIScWg33BtI54R":{"chainKey":{"counter":1},"chainType":2,"messageKeys":{}},"BQHob5Dl0jf1IX+df/kbxCXa8SQMQgv5Ccrc1+3x5iQN":{"chainKey":{"counter":2,"key":"V7h2oqYt6BWX80gNziwWrP1FzyueyqkTfylvDAkFw5c="},"chainType":2,"messageKeys":{}},"BVxXlXCxA8qhmXmvDXdwrS1pS13u0CYJLMRBRiT3K7Vj":{"chainKey":{"counter":4,"key":"DM7zdifjDAPi4mcFxdPVnFnag8VkhXkyQHhIPPXdDfo="},"chainType":1,"messageKeys":{}}}}},"version":"v1"}