{"_sessions":{"BSsENpJP5HWXivmS4H7k/MggGZ3GQA25yorvLLfk5egq":{"registrationId":1405857102,"currentRatchet":{"ephemeralKeyPair":{"pubKey":"BThkbyn17htS0BnThEzlM6k3aS87FthTUmfxmZU3gs48","privKey":"2G3ctDm9RA0Z2I91WlQTVvYF9KAFZtoGWVO9Qi0DYlA="},"lastRemoteEphemeralKey":"BXS36rf3/En2QJCjxlFZl3eEy9FWXgWdRO6B8VjbpIdr","previousCounter":0,"rootKey":"alpKnZITM0UEB/A0krb8OZ3NKMmviTgqfHh3q6IvhFE="},"indexInfo":{"baseKey":"BSsENpJP5HWXivmS4H7k/MggGZ3GQA25yorvLLfk5egq","baseKeyType":1,"closed":1743329315096,"used":1743257675476,"created":1743257675476,"remoteIdentityKey":"BW9vH21PGfMPUI9foFXDDfA6d/ly0HthoU02PMBcPhZP"},"_chains":{"BThkbyn17htS0BnThEzlM6k3aS87FthTUmfxmZU3gs48":{"chainKey":{"counter":61,"key":"Grc5bWvnOQw//qnjKS5fO2k4zZWFZUQfvNFHoSY/fTU="},"chainType":1,"messageKeys":{}}},"pendingPreKey":{"signedKeyId":12121402,"baseKey":"BSsENpJP5HWXivmS4H7k/MggGZ3GQA25yorvLLfk5egq","preKeyId":7387}},"BYv41F4dOFPHYO2w5Q9HZEaVe47cYIflJPJ1foXUS4la":{"registrationId":1405857102,"currentRatchet":{"ephemeralKeyPair":{"pubKey":"BSS0ECtxwTuojj1sSaQqC3KeGxotWMhsFkXz7C10TMJt","privKey":"EHaxO4FuCIRZyaL41ozYff2UBNxFEnplIi/5mUp6Tkk="},"lastRemoteEphemeralKey":"BXS36rf3/En2QJCjxlFZl3eEy9FWXgWdRO6B8VjbpIdr","previousCounter":0,"rootKey":"ZW9uq/LiwuP4Ylm7MM3d3PgoPhBQygP2jvg0exYY62I="},"indexInfo":{"baseKey":"BYv41F4dOFPHYO2w5Q9HZEaVe47cYIflJPJ1foXUS4la","baseKeyType":1,"closed":1743329369270,"used":1743329315095,"created":1743329315095,"remoteIdentityKey":"BW9vH21PGfMPUI9foFXDDfA6d/ly0HthoU02PMBcPhZP"},"_chains":{"BSS0ECtxwTuojj1sSaQqC3KeGxotWMhsFkXz7C10TMJt":{"chainKey":{"counter":25,"key":"U5KdsjnMDCIuKIz8Cw0Ex5t1gRgXG9xiIypjn0pUBK0="},"chainType":1,"messageKeys":{}}},"pendingPreKey":{"signedKeyId":12121402,"baseKey":"BYv41F4dOFPHYO2w5Q9HZEaVe47cYIflJPJ1foXUS4la","preKeyId":7413}},"BZMs64yQ5dy2nYHcrTZ9AHlsd4BDE22++NRUc4tA7pVP":{"registrationId":1405857102,"currentRatchet":{"ephemeralKeyPair":{"pubKey":"BVf2ZL6bLrkgWK/gBSssbl5LJ1e+joQFY2pe16tOFr4B","privKey":"AGrd3lxpxnIPyKE6sUONPooUk0Ku/cc9M+hKAHw5y1s="},"lastRemoteEphemeralKey":"BXS36rf3/En2QJCjxlFZl3eEy9FWXgWdRO6B8VjbpIdr","previousCounter":0,"rootKey":"VSVDOiuZbT3KBmWEQsk2dcUd4qceP71A/HpUUJ2B0z4="},"indexInfo":{"baseKey":"BZMs64yQ5dy2nYHcrTZ9AHlsd4BDE22++NRUc4tA7pVP","baseKeyType":1,"closed":-1,"used":1743329369265,"created":1743329369265,"remoteIdentityKey":"BW9vH21PGfMPUI9foFXDDfA6d/ly0HthoU02PMBcPhZP"},"_chains":{"BVf2ZL6bLrkgWK/gBSssbl5LJ1e+joQFY2pe16tOFr4B":{"chainKey":{"counter":21,"key":"XzygmxcE2ZpofxP+SHjEYR9xZH7e1OpqL5DPw1FH1HY="},"chainType":1,"messageKeys":{}}},"pendingPreKey":{"signedKeyId":12121402,"baseKey":"BZMs64yQ5dy2nYHcrTZ9AHlsd4BDE22++NRUc4tA7pVP","preKeyId":8036}}},"version":"v1"}