{"_sessions":{"BY6oh78Mb0fEzKClu6cye7WT6HuU0t5b5orWLGoJViAk":{"registrationId":2034297293,"currentRatchet":{"ephemeralKeyPair":{"pubKey":"BVcdDqnnEURT7y7H02GLYzFfnCJf1zqArF8y3xjaWVsG","privKey":"eLiK+DoKUKtd/WGnxQlXs/vg7kvx0hd5jYCWBtq4R2M="},"lastRemoteEphemeralKey":"Bcwa6wHSNakmi25UvFIPiCcN0Rh/B9rMbEnPkpZMqnps","previousCounter":0,"rootKey":"M6qVrm08exwXKZ5XZ3l3+xReguib8kWR8eYD20m5eqw="},"indexInfo":{"baseKey":"BY6oh78Mb0fEzKClu6cye7WT6HuU0t5b5orWLGoJViAk","baseKeyType":1,"closed":-1,"used":1743257675507,"created":1743257675507,"remoteIdentityKey":"BcJkQSNVLJ9UL+c8HFcvt6aF5TeLaANB2CNJAfffbGUg"},"_chains":{"BVcdDqnnEURT7y7H02GLYzFfnCJf1zqArF8y3xjaWVsG":{"chainKey":{"counter":109,"key":"U0UUYkaeNBKPg5EoADX5LSGRSI5H/PUzcat+m3//pOA="},"chainType":1,"messageKeys":{}}},"pendingPreKey":{"signedKeyId":7,"baseKey":"BY6oh78Mb0fEzKClu6cye7WT6HuU0t5b5orWLGoJViAk","preKeyId":171035}}},"version":"v1"}