{"_sessions":{"BWgsLcXe6qlH4r69ofEbfjcyFwrT5MsUYnbNEqv/7aBx":{"registrationId":388502921,"currentRatchet":{"ephemeralKeyPair":{"pubKey":"BX1R8sja09pSGc4KxLrZv0YG+DTSDjXDiZOrFvnO9fYe","privKey":"aHUzhOuUQeHmUXc7JJGh51MSNMxriA4R9Ui9eR7+eXY="},"lastRemoteEphemeralKey":"BbjaIZVvJ/uDi0fqCX85cSAQCv3ja0ZA4F/UZNNrmhBZ","previousCounter":0,"rootKey":"uy4O/YfZRlm/t6Tpm1QEXusLLfBjomIWpPql/1dN3vc="},"indexInfo":{"baseKey":"BWgsLcXe6qlH4r69ofEbfjcyFwrT5MsUYnbNEqv/7aBx","baseKeyType":1,"closed":1743329297611,"used":1743257675501,"created":1743257675501,"remoteIdentityKey":"Bb2yolF0LVONxy0jqfJoP26GITKt2s2x04K3o84f1BNf"},"_chains":{"BX1R8sja09pSGc4KxLrZv0YG+DTSDjXDiZOrFvnO9fYe":{"chainKey":{"counter":56,"key":"6nT/SIMcEAwEh8jRpBwfyImNikmVPXSqc1nBW09CxQs="},"chainType":1,"messageKeys":{}}},"pendingPreKey":{"signedKeyId":16696508,"baseKey":"BWgsLcXe6qlH4r69ofEbfjcyFwrT5MsUYnbNEqv/7aBx","preKeyId":6473}},"BXignTLPXCCvIDuBzx0tLQdk2kYs3nsN6k6+TwKx3DMt":{"registrationId":388502921,"currentRatchet":{"ephemeralKeyPair":{"pubKey":"BViUakZxQuTbTlVDxkcm998Oz/IDqUIinS0S6VmBDYF1","privKey":"AMzQIGcrUC2+qVfQGHVuZJ2lcqeqY3+f7+WGD/z3T2M="},"lastRemoteEphemeralKey":"BbjaIZVvJ/uDi0fqCX85cSAQCv3ja0ZA4F/UZNNrmhBZ","previousCounter":0,"rootKey":"+aaBUYu3Fdy677yV0metdbVQ/ZF2umniLnxt7h0Ra6Q="},"indexInfo":{"baseKey":"BXignTLPXCCvIDuBzx0tLQdk2kYs3nsN6k6+TwKx3DMt","baseKeyType":1,"closed":-1,"used":1743329297605,"created":1743329297605,"remoteIdentityKey":"Bb2yolF0LVONxy0jqfJoP26GITKt2s2x04K3o84f1BNf"},"_chains":{"BViUakZxQuTbTlVDxkcm998Oz/IDqUIinS0S6VmBDYF1":{"chainKey":{"counter":52,"key":"l4m2WkBiXxp9Y/9V0FZapA8yANuiOymPrCbQG10zixw="},"chainType":1,"messageKeys":{}}},"pendingPreKey":{"signedKeyId":16696508,"baseKey":"BXignTLPXCCvIDuBzx0tLQdk2kYs3nsN6k6+TwKx3DMt","preKeyId":6372}}},"version":"v1"}