{"_sessions":{"BZxAGrvXIMPfDuL3qbeq+M+iRcAJ6w3sMm5x57mGcUR6":{"registrationId":2107963936,"currentRatchet":{"ephemeralKeyPair":{"pubKey":"BTwueF9WSIjF5Qd2Lg1A4iu/gf9oY38AziJqosStcQgR","privKey":"mDU6qOjN7/zYsctmPk55SMIf+JQiO5pS9wVIp9AE0Hs="},"lastRemoteEphemeralKey":"BRCb7LTLQ1Km0vhbfNVHHWq0Y4FKBAx5u+Ihg8JsO2s4","previousCounter":0,"rootKey":"dqJffZ7Z6lQD5chPvgoCVodCYYu4i2cCPr5psZx0v7I="},"indexInfo":{"baseKey":"BZxAGrvXIMPfDuL3qbeq+M+iRcAJ6w3sMm5x57mGcUR6","baseKeyType":1,"closed":1743328606148,"used":1743257675953,"created":1743257675953,"remoteIdentityKey":"BQ7n/WDG3LbbRuRDNNQ1CoV5iAVy7jGdmlV6DS2H+4Bu"},"_chains":{"BTwueF9WSIjF5Qd2Lg1A4iu/gf9oY38AziJqosStcQgR":{"chainKey":{"counter":13,"key":"jYD2bTMQVkRzHtCiLg3CoxPCPJNZx5vJfNxD1Ex+740="},"chainType":1,"messageKeys":{}}},"pendingPreKey":{"signedKeyId":2,"baseKey":"BZxAGrvXIMPfDuL3qbeq+M+iRcAJ6w3sMm5x57mGcUR6","preKeyId":7135509}},"Bfs9zWr0ugPx4oyKg4UlRNNX8n9xu+76+mEC1fuhV7gf":{"registrationId":2107963936,"currentRatchet":{"ephemeralKeyPair":{"pubKey":"BfaWR9Owww5C2rJqp5QabAXb64ImxpN7dLJMjxzCP6hk","privKey":"qPquVg8Ud03whAGu7qRIPI8F+QG7xI95J116IYBbnmo="},"lastRemoteEphemeralKey":"BRCb7LTLQ1Km0vhbfNVHHWq0Y4FKBAx5u+Ihg8JsO2s4","previousCounter":0,"rootKey":"kA7CqW2dA5lrIPxn4LVRsiGsOwYcllcHEkVfjZ1YnFQ="},"indexInfo":{"baseKey":"Bfs9zWr0ugPx4oyKg4UlRNNX8n9xu+76+mEC1fuhV7gf","baseKeyType":1,"closed":1743328607972,"used":1743328606141,"created":1743328606141,"remoteIdentityKey":"BQ7n/WDG3LbbRuRDNNQ1CoV5iAVy7jGdmlV6DS2H+4Bu"},"_chains":{"BfaWR9Owww5C2rJqp5QabAXb64ImxpN7dLJMjxzCP6hk":{"chainKey":{"counter":0,"key":"SWw2qFSjskQgkV3pBJW93qpFCZRCnTxzb8CTzg21cYw="},"chainType":1,"messageKeys":{}}},"pendingPreKey":{"signedKeyId":2,"baseKey":"Bfs9zWr0ugPx4oyKg4UlRNNX8n9xu+76+mEC1fuhV7gf","preKeyId":7135163}},"BW+bjIAw7u96/yHuGv++zpUEEiWWkU98O3cSAYknCxtI":{"registrationId":2107963936,"currentRatchet":{"ephemeralKeyPair":{"pubKey":"BdjtGHC9r91a3x3O2E4Yyv5UsXLBqI7pYrvyXoJ1MA05","privKey":"cOxKXtbSxfMgWvLk8zOBj31wKfPIPJngdFsJaa/MLEE="},"lastRemoteEphemeralKey":"BRCb7LTLQ1Km0vhbfNVHHWq0Y4FKBAx5u+Ihg8JsO2s4","previousCounter":0,"rootKey":"tO5DH1FzgfZxuH5bHKriNkc3eQjpyH4nzYxxImZnvJ4="},"indexInfo":{"baseKey":"BW+bjIAw7u96/yHuGv++zpUEEiWWkU98O3cSAYknCxtI","baseKeyType":1,"closed":1743328609433,"used":1743328607970,"created":1743328607970,"remoteIdentityKey":"BQ7n/WDG3LbbRuRDNNQ1CoV5iAVy7jGdmlV6DS2H+4Bu"},"_chains":{"BdjtGHC9r91a3x3O2E4Yyv5UsXLBqI7pYrvyXoJ1MA05":{"chainKey":{"counter":0,"key":"ctV1Yplhd3Ap/hoMB0CXE+X5L/LNNWLMu/CpB3Nlhao="},"chainType":1,"messageKeys":{}}},"pendingPreKey":{"signedKeyId":2,"baseKey":"BW+bjIAw7u96/yHuGv++zpUEEiWWkU98O3cSAYknCxtI","preKeyId":7135386}},"BQfGYKvk0owenNZj1goplvV7q35jSYzb8TWIwUYB2dRv":{"registrationId":2107963936,"currentRatchet":{"ephemeralKeyPair":{"pubKey":"BZ4w4AjJ1lcpmtJ2mgRS/F4vzhaahRMH0OQzs9xeGgFA","privKey":"KPOUbhjBEpH/tIUMlpGscDbcGqqoyiatlZLmrqIg2Xc="},"lastRemoteEphemeralKey":"BRCb7LTLQ1Km0vhbfNVHHWq0Y4FKBAx5u+Ihg8JsO2s4","previousCounter":0,"rootKey":"5HNiWeIBZziZX4GFw10Ma91b9bkTMUj5fXgEcS525Bg="},"indexInfo":{"baseKey":"BQfGYKvk0owenNZj1goplvV7q35jSYzb8TWIwUYB2dRv","baseKeyType":1,"closed":1743328610991,"used":1743328609432,"created":1743328609432,"remoteIdentityKey":"BQ7n/WDG3LbbRuRDNNQ1CoV5iAVy7jGdmlV6DS2H+4Bu"},"_chains":{"BZ4w4AjJ1lcpmtJ2mgRS/F4vzhaahRMH0OQzs9xeGgFA":{"chainKey":{"counter":0,"key":"nnFFxCnQrP315YfXE51ZZ3F5m8uX+3lE8unRxf8IkBM="},"chainType":1,"messageKeys":{}}},"pendingPreKey":{"signedKeyId":2,"baseKey":"BQfGYKvk0owenNZj1goplvV7q35jSYzb8TWIwUYB2dRv","preKeyId":7135391}},"Bc4Jpcai2fP8AkWs6qmkHmNHSEq7NaOnBbBMGt8lSjVK":{"registrationId":2107963936,"currentRatchet":{"ephemeralKeyPair":{"pubKey":"BU3NafO4VeVk3iE2y9JO9epviD/i98ngB5k8uU8UtrEY","privKey":"wCcfjN7yjVdqNTZNhYqwjdYLpXJYkRgoC/Ttgxmt1U4="},"lastRemoteEphemeralKey":"BRCb7LTLQ1Km0vhbfNVHHWq0Y4FKBAx5u+Ihg8JsO2s4","previousCounter":0,"rootKey":"z5IfYmymwuOyvrRnPCekyZvs80B5ieVGlWfQgmM3v1o="},"indexInfo":{"baseKey":"Bc4Jpcai2fP8AkWs6qmkHmNHSEq7NaOnBbBMGt8lSjVK","baseKeyType":1,"closed":1743328612725,"used":1743328610989,"created":1743328610989,"remoteIdentityKey":"BQ7n/WDG3LbbRuRDNNQ1CoV5iAVy7jGdmlV6DS2H+4Bu"},"_chains":{"BU3NafO4VeVk3iE2y9JO9epviD/i98ngB5k8uU8UtrEY":{"chainKey":{"counter":1,"key":"OjU4z9uOWYSe7CujNiIKNpKLSRNUdi9K9+uDt/p9CTQ="},"chainType":1,"messageKeys":{}}},"pendingPreKey":{"signedKeyId":2,"baseKey":"Bc4Jpcai2fP8AkWs6qmkHmNHSEq7NaOnBbBMGt8lSjVK","preKeyId":7135482}},"BUnVltn75yUiETSXm8BVGYWriIHV3fGvHP4S9DnvYkhm":{"registrationId":2107963936,"currentRatchet":{"ephemeralKeyPair":{"pubKey":"Bf5x89DP6bLHzOnmaaBSIYmBUI6sQfvK0P0i7+LZ5/lM","privKey":"wL9Nz+5qZ/PaHU8+XUnMwFFOS+OxBYEzA0bhJVQ7NU8="},"lastRemoteEphemeralKey":"BRCb7LTLQ1Km0vhbfNVHHWq0Y4FKBAx5u+Ihg8JsO2s4","previousCounter":0,"rootKey":"AzJo9972Kzm5U2DlcqH1aICQYArLZkodF5oRgGDBEko="},"indexInfo":{"baseKey":"BUnVltn75yUiETSXm8BVGYWriIHV3fGvHP4S9DnvYkhm","baseKeyType":1,"closed":1743328614533,"used":1743328612724,"created":1743328612724,"remoteIdentityKey":"BQ7n/WDG3LbbRuRDNNQ1CoV5iAVy7jGdmlV6DS2H+4Bu"},"_chains":{"Bf5x89DP6bLHzOnmaaBSIYmBUI6sQfvK0P0i7+LZ5/lM":{"chainKey":{"counter":1,"key":"gfbAskhMH0MPYxSUKMb75emDp7ShBXqfusQVlge4Tdw="},"chainType":1,"messageKeys":{}}},"pendingPreKey":{"signedKeyId":2,"baseKey":"BUnVltn75yUiETSXm8BVGYWriIHV3fGvHP4S9DnvYkhm","preKeyId":7135110}},"BV/u8HwixW8NpDwaI6brIPPBqcl/DiDtSdYxA2Phjpc4":{"registrationId":2107963936,"currentRatchet":{"ephemeralKeyPair":{"pubKey":"BdhTAoaC1XEz7LbMqFURYBbZearpGaJExodUoJDoRvNz","privKey":"INNqBOfYkmt+1g2CXDHycH0uhXWVNVh+2lL5+TF4UEs="},"lastRemoteEphemeralKey":"BRCb7LTLQ1Km0vhbfNVHHWq0Y4FKBAx5u+Ihg8JsO2s4","previousCounter":0,"rootKey":"LuGTri2ZUR4m8abSWmPWIYpAJWTDNZ2Hc+hO5s+4tLE="},"indexInfo":{"baseKey":"BV/u8HwixW8NpDwaI6brIPPBqcl/DiDtSdYxA2Phjpc4","baseKeyType":1,"closed":1743328615703,"used":1743328614526,"created":1743328614526,"remoteIdentityKey":"BQ7n/WDG3LbbRuRDNNQ1CoV5iAVy7jGdmlV6DS2H+4Bu"},"_chains":{"BdhTAoaC1XEz7LbMqFURYBbZearpGaJExodUoJDoRvNz":{"chainKey":{"counter":-1,"key":"LlN4/oCvwx/S6oVB3Nu/nstwLP8/WQ8i/OI2wnoTsp4="},"chainType":1,"messageKeys":{}}},"pendingPreKey":{"signedKeyId":2,"baseKey":"BV/u8HwixW8NpDwaI6brIPPBqcl/DiDtSdYxA2Phjpc4","preKeyId":7135220}},"BVD4x4FXgEqoQlEtvJa3/MnG/Cz0ZFa50KtzULgc76tT":{"registrationId":2107963936,"currentRatchet":{"ephemeralKeyPair":{"pubKey":"BeixInvA7mF2KpM+yYjkxWPvvHC2waHVWABah2hXYXZG","privKey":"+Mhw1F4C/7jLTqkfmOE7PgyeciPCexnDlDWSX7vS6lc="},"lastRemoteEphemeralKey":"BRCb7LTLQ1Km0vhbfNVHHWq0Y4FKBAx5u+Ihg8JsO2s4","previousCounter":0,"rootKey":"ZjIEq1g6DWTLH9ZecblALbOKPN06/4BmTPgGizGSSCI="},"indexInfo":{"baseKey":"BVD4x4FXgEqoQlEtvJa3/MnG/Cz0ZFa50KtzULgc76tT","baseKeyType":1,"closed":1743328616226,"used":1743328615702,"created":1743328615702,"remoteIdentityKey":"BQ7n/WDG3LbbRuRDNNQ1CoV5iAVy7jGdmlV6DS2H+4Bu"},"_chains":{"BeixInvA7mF2KpM+yYjkxWPvvHC2waHVWABah2hXYXZG":{"chainKey":{"counter":-1,"key":"GqS8mTe+0laBl4yZYmge53LUQP9BA3MRui2jBhJaNrQ="},"chainType":1,"messageKeys":{}}},"pendingPreKey":{"signedKeyId":2,"baseKey":"BVD4x4FXgEqoQlEtvJa3/MnG/Cz0ZFa50KtzULgc76tT","preKeyId":7135393}},"BeIXcZJ10B1mcX3kEpi+0ZEiZOICg9b7hd0KoRX6AbsX":{"registrationId":2107963936,"currentRatchet":{"ephemeralKeyPair":{"pubKey":"BWMQ6+FEguM1mNFwylQE/Y5Njmjs7wJAQjofHV9lkdhc","privKey":"gC9V3qh5nMMf8P6q5zL2GpQeqy4B9MNbdaK2bGY4XlU="},"lastRemoteEphemeralKey":"BRCb7LTLQ1Km0vhbfNVHHWq0Y4FKBAx5u+Ihg8JsO2s4","previousCounter":0,"rootKey":"1hPRmLjGCZcClpOjGkO+HEp3citJWiLpjPHZiAUvtI8="},"indexInfo":{"baseKey":"BeIXcZJ10B1mcX3kEpi+0ZEiZOICg9b7hd0KoRX6AbsX","baseKeyType":1,"closed":1743328617772,"used":1743328616225,"created":1743328616225,"remoteIdentityKey":"BQ7n/WDG3LbbRuRDNNQ1CoV5iAVy7jGdmlV6DS2H+4Bu"},"_chains":{"BWMQ6+FEguM1mNFwylQE/Y5Njmjs7wJAQjofHV9lkdhc":{"chainKey":{"counter":0,"key":"LzMT2w67gc0mw38GVC1ApNu1dwldBnP6UUvaf/JzbjU="},"chainType":1,"messageKeys":{}}},"pendingPreKey":{"signedKeyId":2,"baseKey":"BeIXcZJ10B1mcX3kEpi+0ZEiZOICg9b7hd0KoRX6AbsX","preKeyId":7135578}},"BV/sLxCP5FEP6IWm/36suMdgoPM54opVtuDEX8xomLoC":{"registrationId":2107963936,"currentRatchet":{"ephemeralKeyPair":{"pubKey":"BQ/88EC01pwvYcN4G3BWSMOvcJQ7iPjhv4GzWUmhGo4u","privKey":"4HO0qfF9g/xbqbw+J2B6eJzt7zk6rfuN+aSEeDu0d3A="},"lastRemoteEphemeralKey":"BRCb7LTLQ1Km0vhbfNVHHWq0Y4FKBAx5u+Ihg8JsO2s4","previousCounter":0,"rootKey":"I5lb407U9lYzmIS353RUmhVOlxXrPzawJj73vXyWmoo="},"indexInfo":{"baseKey":"BV/sLxCP5FEP6IWm/36suMdgoPM54opVtuDEX8xomLoC","baseKeyType":1,"closed":1743328621697,"used":1743328617772,"created":1743328617772,"remoteIdentityKey":"BQ7n/WDG3LbbRuRDNNQ1CoV5iAVy7jGdmlV6DS2H+4Bu"},"_chains":{"BQ/88EC01pwvYcN4G3BWSMOvcJQ7iPjhv4GzWUmhGo4u":{"chainKey":{"counter":-1,"key":"cJOwI6eK2sjmfUuiTUqaMrc9VEhgs/F1VjJr1LicS/Q="},"chainType":1,"messageKeys":{}}},"pendingPreKey":{"signedKeyId":2,"baseKey":"BV/sLxCP5FEP6IWm/36suMdgoPM54opVtuDEX8xomLoC","preKeyId":7135388}},"BcjZM03KKTCExZj9u9YqR3AU2XOUNc8pjuzSvrpcuu4z":{"registrationId":2107963936,"currentRatchet":{"ephemeralKeyPair":{"pubKey":"Ba/iL2yl0oTXAYiyIBL1o0aNRDIP+n/YAt17Ohdz4igo","privKey":"ECBkhBALChPLhNHVZMTB0f+MUegcJ6dn4PDSvnoGdmI="},"lastRemoteEphemeralKey":"BRCb7LTLQ1Km0vhbfNVHHWq0Y4FKBAx5u+Ihg8JsO2s4","previousCounter":0,"rootKey":"HJ9itdnQqOS5K99MhRxkBGhHlm2uUP9b6hMvJeGtM/s="},"indexInfo":{"baseKey":"BcjZM03KKTCExZj9u9YqR3AU2XOUNc8pjuzSvrpcuu4z","baseKeyType":1,"closed":1743328623119,"used":1743328621696,"created":1743328621696,"remoteIdentityKey":"BQ7n/WDG3LbbRuRDNNQ1CoV5iAVy7jGdmlV6DS2H+4Bu"},"_chains":{"Ba/iL2yl0oTXAYiyIBL1o0aNRDIP+n/YAt17Ohdz4igo":{"chainKey":{"counter":0,"key":"VtN9NlLdcnWICYywxB4V4iZExhPSEv/K7MFgzpwj+FM="},"chainType":1,"messageKeys":{}}},"pendingPreKey":{"signedKeyId":2,"baseKey":"BcjZM03KKTCExZj9u9YqR3AU2XOUNc8pjuzSvrpcuu4z","preKeyId":7135203}},"BcMSr1DUZWiviiFstZ2dZCq8Qp4Uc0KKdfekZUGSTihi":{"registrationId":2107963936,"currentRatchet":{"ephemeralKeyPair":{"pubKey":"Bbo66KjDeH7dc1/ZJATanG5OHICdhKOcqe0iSd5x98AM","privKey":"uF8ccx0Pt/2s8PDZ6L/bjpi1pHuSdL/QB9T0m27MO1s="},"lastRemoteEphemeralKey":"BRCb7LTLQ1Km0vhbfNVHHWq0Y4FKBAx5u+Ihg8JsO2s4","previousCounter":0,"rootKey":"faplIgN3KVR4/voNG6KfI13jEpC9gLexSDvQL6DSKIE="},"indexInfo":{"baseKey":"BcMSr1DUZWiviiFstZ2dZCq8Qp4Uc0KKdfekZUGSTihi","baseKeyType":1,"closed":1743328624652,"used":1743328623118,"created":1743328623118,"remoteIdentityKey":"BQ7n/WDG3LbbRuRDNNQ1CoV5iAVy7jGdmlV6DS2H+4Bu"},"_chains":{"Bbo66KjDeH7dc1/ZJATanG5OHICdhKOcqe0iSd5x98AM":{"chainKey":{"counter":0,"key":"1mxOCaTmztS4mAcjh7WIKSMRZgfLvbLZ/VE05u3jU6o="},"chainType":1,"messageKeys":{}}},"pendingPreKey":{"signedKeyId":2,"baseKey":"BcMSr1DUZWiviiFstZ2dZCq8Qp4Uc0KKdfekZUGSTihi","preKeyId":7135206}},"Bb9txXLL8d1jn3twR61VinllW+DccVKOIHDZu1NJYXI9":{"registrationId":2107963936,"currentRatchet":{"ephemeralKeyPair":{"pubKey":"BSRf+4JBq8Yv7Zac19BfINw/lcFS+B5KGjmhj92pqZIR","privKey":"+OyKFdYHs6mrLyAiZPj9VYWo5pNf7K5La4nvhWsN/mg="},"lastRemoteEphemeralKey":"BRCb7LTLQ1Km0vhbfNVHHWq0Y4FKBAx5u+Ihg8JsO2s4","previousCounter":0,"rootKey":"pYI8uZdNs5Yaq4TGSoirMJoG59ezIpY3mxhBG9piNJ0="},"indexInfo":{"baseKey":"Bb9txXLL8d1jn3twR61VinllW+DccVKOIHDZu1NJYXI9","baseKeyType":1,"closed":1743328626305,"used":1743328624651,"created":1743328624651,"remoteIdentityKey":"BQ7n/WDG3LbbRuRDNNQ1CoV5iAVy7jGdmlV6DS2H+4Bu"},"_chains":{"BSRf+4JBq8Yv7Zac19BfINw/lcFS+B5KGjmhj92pqZIR":{"chainKey":{"counter":0,"key":"W03XhdhO6DIotvZlWdqiFYmqGhhJZwheXUbaaWsMKrs="},"chainType":1,"messageKeys":{}}},"pendingPreKey":{"signedKeyId":2,"baseKey":"Bb9txXLL8d1jn3twR61VinllW+DccVKOIHDZu1NJYXI9","preKeyId":7134991}},"BRj5HftIYkZNpCdBsrJYfTJYrgZ+Q8ikhp8LdrCgRV8y":{"registrationId":2107963936,"currentRatchet":{"ephemeralKeyPair":{"pubKey":"BS+eWGM1jxgrPxK4mqImB9YOwXe2KJJZ+k6DnmK6TT04","privKey":"qFHo0c5kKoZxKl+l8G7l880IF/bAQ1HbIOZJuMBdZH8="},"lastRemoteEphemeralKey":"BRCb7LTLQ1Km0vhbfNVHHWq0Y4FKBAx5u+Ihg8JsO2s4","previousCounter":0,"rootKey":"4FX69fPLzjg7R7u128BJs8592F+rmNkkzecDq32KGq4="},"indexInfo":{"baseKey":"BRj5HftIYkZNpCdBsrJYfTJYrgZ+Q8ikhp8LdrCgRV8y","baseKeyType":1,"closed":1743328627899,"used":1743328626304,"created":1743328626304,"remoteIdentityKey":"BQ7n/WDG3LbbRuRDNNQ1CoV5iAVy7jGdmlV6DS2H+4Bu"},"_chains":{"BS+eWGM1jxgrPxK4mqImB9YOwXe2KJJZ+k6DnmK6TT04":{"chainKey":{"counter":0,"key":"C8rZ3SWkhmXZXf9PqY+DtPDzoJdYznmqTAiD4qbJQBc="},"chainType":1,"messageKeys":{}}},"pendingPreKey":{"signedKeyId":2,"baseKey":"BRj5HftIYkZNpCdBsrJYfTJYrgZ+Q8ikhp8LdrCgRV8y","preKeyId":7135224}},"BTUrwSZBEZg8eccGouRIpIEi227gf2vayjD+EkBMFwtS":{"registrationId":2107963936,"currentRatchet":{"ephemeralKeyPair":{"pubKey":"BeB+UxGESSg01S9l263xrGmKDsvZuC5C0ORxjLayV6lV","privKey":"uOn5veFzd+0Oxj8nc1SqNba3QmMSYMJgGmT1fYWGglE="},"lastRemoteEphemeralKey":"BRCb7LTLQ1Km0vhbfNVHHWq0Y4FKBAx5u+Ihg8JsO2s4","previousCounter":0,"rootKey":"iUMt2WUzS1pmTdNe7iSSZOchd0T1T/wPmhlqqg6noXU="},"indexInfo":{"baseKey":"BTUrwSZBEZg8eccGouRIpIEi227gf2vayjD+EkBMFwtS","baseKeyType":1,"closed":1743328632021,"used":1743328627897,"created":1743328627897,"remoteIdentityKey":"BQ7n/WDG3LbbRuRDNNQ1CoV5iAVy7jGdmlV6DS2H+4Bu"},"_chains":{"BeB+UxGESSg01S9l263xrGmKDsvZuC5C0ORxjLayV6lV":{"chainKey":{"counter":-1,"key":"Yty+XZ6lpdIvetu6Ws8Udu6hy57jRCP9xavo6Cgp05g="},"chainType":1,"messageKeys":{}}},"pendingPreKey":{"signedKeyId":2,"baseKey":"BTUrwSZBEZg8eccGouRIpIEi227gf2vayjD+EkBMFwtS","preKeyId":7135399}},"BVfHntn7DfU5vdh9YTpIBEflO403rt0aI3wtrYG1mDBP":{"registrationId":2107963936,"currentRatchet":{"ephemeralKeyPair":{"pubKey":"BRM75WKA+5OQkgQ7PXATzBpuC952VWkNmGv9lJ/Nsf42","privKey":"OHOtheNMQvESD3OieJaFhAwrHLVYt6+A8GjBkY3GG18="},"lastRemoteEphemeralKey":"BRCb7LTLQ1Km0vhbfNVHHWq0Y4FKBAx5u+Ihg8JsO2s4","previousCounter":0,"rootKey":"mgzd9JK8AJMSB67E2Hap/ixumK6FRxC3m+JHtABWGcQ="},"indexInfo":{"baseKey":"BVfHntn7DfU5vdh9YTpIBEflO403rt0aI3wtrYG1mDBP","baseKeyType":1,"closed":1743328632431,"used":1743328632020,"created":1743328632020,"remoteIdentityKey":"BQ7n/WDG3LbbRuRDNNQ1CoV5iAVy7jGdmlV6DS2H+4Bu"},"_chains":{"BRM75WKA+5OQkgQ7PXATzBpuC952VWkNmGv9lJ/Nsf42":{"chainKey":{"counter":-1,"key":"qcAjoYWQb4dmUReYU7IexaJ0AhCPW4pnb/xeorvJ5w4="},"chainType":1,"messageKeys":{}}},"pendingPreKey":{"signedKeyId":2,"baseKey":"BVfHntn7DfU5vdh9YTpIBEflO403rt0aI3wtrYG1mDBP","preKeyId":7135379}},"BbSaJLcoxsnV0SIj8lBAv3vLnMvJHJjJKA/NYCN06k4E":{"registrationId":2107963936,"currentRatchet":{"ephemeralKeyPair":{"pubKey":"BXyH74QWbV1DFTPfI4xRWRz1w9Xp+JNsNT9HxSZkmGpi","privKey":"4IIuYkWlifJPxyS5JgTLXBRBS/ivqCc/E5BdfPPG/Uc="},"lastRemoteEphemeralKey":"BRCb7LTLQ1Km0vhbfNVHHWq0Y4FKBAx5u+Ihg8JsO2s4","previousCounter":0,"rootKey":"4io4bvyyFgq7vmxrof+c9eWF75EjaLUIR1Vz+9HpB00="},"indexInfo":{"baseKey":"BbSaJLcoxsnV0SIj8lBAv3vLnMvJHJjJKA/NYCN06k4E","baseKeyType":1,"closed":1743328632876,"used":1743328632430,"created":1743328632430,"remoteIdentityKey":"BQ7n/WDG3LbbRuRDNNQ1CoV5iAVy7jGdmlV6DS2H+4Bu"},"_chains":{"BXyH74QWbV1DFTPfI4xRWRz1w9Xp+JNsNT9HxSZkmGpi":{"chainKey":{"counter":-1,"key":"mXf7VO8S07VnY6+SydAdXrDaSlM3xK8BkkUt64C2CIg="},"chainType":1,"messageKeys":{}}},"pendingPreKey":{"signedKeyId":2,"baseKey":"BbSaJLcoxsnV0SIj8lBAv3vLnMvJHJjJKA/NYCN06k4E","preKeyId":7135495}},"BfQdsexq7+UndAFeDhU7ZwJCkHowB4urmkHnj/8okGkB":{"registrationId":2107963936,"currentRatchet":{"ephemeralKeyPair":{"pubKey":"BQrq6m+DL0G4whDzP04bTDqfYYzp/f7unkLXSeATnNUb","privKey":"eOD6yCNGeBmDB5DJXKr97rVcvEEusks5SnoRNN0HcHQ="},"lastRemoteEphemeralKey":"BRCb7LTLQ1Km0vhbfNVHHWq0Y4FKBAx5u+Ihg8JsO2s4","previousCounter":0,"rootKey":"Jd9qlykaAUqJxOS+J4SB1f9dzRrz2KhwBB2a9FJpo3w="},"indexInfo":{"baseKey":"BfQdsexq7+UndAFeDhU7ZwJCkHowB4urmkHnj/8okGkB","baseKeyType":1,"closed":1743328633665,"used":1743328632875,"created":1743328632875,"remoteIdentityKey":"BQ7n/WDG3LbbRuRDNNQ1CoV5iAVy7jGdmlV6DS2H+4Bu"},"_chains":{"BQrq6m+DL0G4whDzP04bTDqfYYzp/f7unkLXSeATnNUb":{"chainKey":{"counter":-1,"key":"29i6SxHBhyt2WB2pD/mCDyihZOOcKkCjo61YaTVGe9A="},"chainType":1,"messageKeys":{}}},"pendingPreKey":{"signedKeyId":2,"baseKey":"BfQdsexq7+UndAFeDhU7ZwJCkHowB4urmkHnj/8okGkB","preKeyId":7135410}},"BTFHYXZCQIL7kEmdykIV7Qxx0OLV+btzJFhhzziAGyVs":{"registrationId":2107963936,"currentRatchet":{"ephemeralKeyPair":{"pubKey":"BY3Fmy5n4v+9yXE+liuC0PWfS5qv2bBVANorcgY1ja9G","privKey":"+Co3JHh6XVNsyUJkCHD6+qDxcxx0DfXMZEkjc+TPQ0Y="},"lastRemoteEphemeralKey":"BRCb7LTLQ1Km0vhbfNVHHWq0Y4FKBAx5u+Ihg8JsO2s4","previousCounter":0,"rootKey":"IzkCiqzD7Hu4mDbCoWaawH2nmM7DnCt0py1Nu5yzLh8="},"indexInfo":{"baseKey":"BTFHYXZCQIL7kEmdykIV7Qxx0OLV+btzJFhhzziAGyVs","baseKeyType":1,"closed":1743328635105,"used":1743328633664,"created":1743328633664,"remoteIdentityKey":"BQ7n/WDG3LbbRuRDNNQ1CoV5iAVy7jGdmlV6DS2H+4Bu"},"_chains":{"BY3Fmy5n4v+9yXE+liuC0PWfS5qv2bBVANorcgY1ja9G":{"chainKey":{"counter":0,"key":"ARewc6q4upywkL8J8KG8EQ/tC/xNtkNv487Zc+Kpkbc="},"chainType":1,"messageKeys":{}}},"pendingPreKey":{"signedKeyId":2,"baseKey":"BTFHYXZCQIL7kEmdykIV7Qxx0OLV+btzJFhhzziAGyVs","preKeyId":7135696}},"BSpg3IDjIdeaPWwq0dUIJShfpMvx60lXNvaJbMyFssBC":{"registrationId":2107963936,"currentRatchet":{"ephemeralKeyPair":{"pubKey":"BYw10giSV4SmiC8L1lzDfShZM3Zv0nDYy6ZgIeSz8/NX","privKey":"2JYzIYidhhJGOZa5BPoAEp0lQQYmakh3+nnGudx40kw="},"lastRemoteEphemeralKey":"BRCb7LTLQ1Km0vhbfNVHHWq0Y4FKBAx5u+Ihg8JsO2s4","previousCounter":0,"rootKey":"sHj2RSRG3iNxc6afRb08r2ud4FxxDVw7sN0UDJz4mAk="},"indexInfo":{"baseKey":"BSpg3IDjIdeaPWwq0dUIJShfpMvx60lXNvaJbMyFssBC","baseKeyType":1,"closed":1743328636767,"used":1743328635103,"created":1743328635103,"remoteIdentityKey":"BQ7n/WDG3LbbRuRDNNQ1CoV5iAVy7jGdmlV6DS2H+4Bu"},"_chains":{"BYw10giSV4SmiC8L1lzDfShZM3Zv0nDYy6ZgIeSz8/NX":{"chainKey":{"counter":0,"key":"i4cZUtQ/Gp3lIEsNkSTqT6cA0G/z+eyUxjFtREIzUZw="},"chainType":1,"messageKeys":{}}},"pendingPreKey":{"signedKeyId":2,"baseKey":"BSpg3IDjIdeaPWwq0dUIJShfpMvx60lXNvaJbMyFssBC","preKeyId":7135230}},"BZFtzegwkI6+GP/7bbewcglMAwwZLNFzArrcuw/gC6xz":{"registrationId":2107963936,"currentRatchet":{"ephemeralKeyPair":{"pubKey":"BaE8M3j2X8Nr6bD6K/XPt62wOt+9wWaRiNNY0ZF9BHsR","privKey":"KP19p5/xj9FfSZBi26ZaNbZuNVUkPLnzS3FNITlERGA="},"lastRemoteEphemeralKey":"BRCb7LTLQ1Km0vhbfNVHHWq0Y4FKBAx5u+Ihg8JsO2s4","previousCounter":0,"rootKey":"PF2Gq69DqpJ3yq9cao8dUQn0kCufo2em0NoImDTqYEc="},"indexInfo":{"baseKey":"BZFtzegwkI6+GP/7bbewcglMAwwZLNFzArrcuw/gC6xz","baseKeyType":1,"closed":-1,"used":1743328636766,"created":1743328636766,"remoteIdentityKey":"BQ7n/WDG3LbbRuRDNNQ1CoV5iAVy7jGdmlV6DS2H+4Bu"},"_chains":{"BaE8M3j2X8Nr6bD6K/XPt62wOt+9wWaRiNNY0ZF9BHsR":{"chainKey":{"counter":81,"key":"xdOmLWShyDX6BROP+vEry9eWPkBOAvoxCSzyC/uzeJg="},"chainType":1,"messageKeys":{}}},"pendingPreKey":{"signedKeyId":2,"baseKey":"BZFtzegwkI6+GP/7bbewcglMAwwZLNFzArrcuw/gC6xz","preKeyId":7135024}}},"version":"v1"}