{"_sessions":{"BZW0zkCAx158pXH3uHtK5kRUrVSFzRCrxVRsrsUAQek0":{"registrationId":752888794,"currentRatchet":{"ephemeralKeyPair":{"pubKey":"BQnyUFNuUCJTnBwsdqAwR87dRYQNG5kqhBNh5nBZwCZA","privKey":"0DVFSE5GFYTYx5XW9NEnSbPbksHMG9iL/HTDySRKMnk="},"lastRemoteEphemeralKey":"BVu5x7GNfIMyVyGPofBBQR2J+ObewtVStQTJDpTiE38j","previousCounter":0,"rootKey":"x50N1k3391vHxSfQajfa1X0l9dZ4EosgrcxfHfO+3KQ="},"indexInfo":{"baseKey":"BZW0zkCAx158pXH3uHtK5kRUrVSFzRCrxVRsrsUAQek0","baseKeyType":1,"closed":1743329303179,"used":1743319956788,"created":1743319956788,"remoteIdentityKey":"BfHR2aNWVFD1ohBlvlfOueuqcY8f+VVV5leDQsNV26In"},"_chains":{"BQnyUFNuUCJTnBwsdqAwR87dRYQNG5kqhBNh5nBZwCZA":{"chainKey":{"counter":47,"key":"qVBKH/RKYTYSBjyBGW6D9q0qRBz2tLqsKBmge/8kEoc="},"chainType":1,"messageKeys":{}}},"pendingPreKey":{"signedKeyId":1734584,"baseKey":"BZW0zkCAx158pXH3uHtK5kRUrVSFzRCrxVRsrsUAQek0","preKeyId":2323}},"BbGeaCH/8OlYbRd0KUb7GOpV5G1XH0KhxO/sjmaSMDta":{"registrationId":752888794,"currentRatchet":{"ephemeralKeyPair":{"pubKey":"Bf5t1WFujb3VGDYt4zvUi+CRxdea0cOuRt9yrnmFMn80","privKey":"GMy0ckGZ95XCrc6Adqbf445R/Slw7VP0lTz/B4R0rl0="},"lastRemoteEphemeralKey":"BVu5x7GNfIMyVyGPofBBQR2J+ObewtVStQTJDpTiE38j","previousCounter":0,"rootKey":"/F+PWCyt1s5AeKF448gZNLagOLgtZ6btrPMIjSPCOyw="},"indexInfo":{"baseKey":"BbGeaCH/8OlYbRd0KUb7GOpV5G1XH0KhxO/sjmaSMDta","baseKeyType":1,"closed":1743329382817,"used":1743329303178,"created":1743329303178,"remoteIdentityKey":"BfHR2aNWVFD1ohBlvlfOueuqcY8f+VVV5leDQsNV26In"},"_chains":{"Bf5t1WFujb3VGDYt4zvUi+CRxdea0cOuRt9yrnmFMn80":{"chainKey":{"counter":35,"key":"PC0R1tz84rI+d+AyfMJH1LYv7vJ7Z50iP4YZItyurto="},"chainType":1,"messageKeys":{}}},"pendingPreKey":{"signedKeyId":1734584,"baseKey":"BbGeaCH/8OlYbRd0KUb7GOpV5G1XH0KhxO/sjmaSMDta","preKeyId":2369}},"Bd5uWhj98PQGkdjO838YmBFEdXW4V0jQhd0LNaIghKFm":{"registrationId":752888794,"currentRatchet":{"ephemeralKeyPair":{"pubKey":"BQNvxK1DvFF6B7mpomfJyiTQJM+GAbW0mW0LdVeEowEp","privKey":"EBXU5siaJ6lydLU+/Jb9Z88KSceBxWQ75teCR35csUE="},"lastRemoteEphemeralKey":"BVu5x7GNfIMyVyGPofBBQR2J+ObewtVStQTJDpTiE38j","previousCounter":0,"rootKey":"BOiZhSMe4oY4yuWcTCAzV+IaZjPLMOhiuL0SGY+gK6c="},"indexInfo":{"baseKey":"Bd5uWhj98PQGkdjO838YmBFEdXW4V0jQhd0LNaIghKFm","baseKeyType":1,"closed":-1,"used":1743329382817,"created":1743329382817,"remoteIdentityKey":"BfHR2aNWVFD1ohBlvlfOueuqcY8f+VVV5leDQsNV26In"},"_chains":{"BQNvxK1DvFF6B7mpomfJyiTQJM+GAbW0mW0LdVeEowEp":{"chainKey":{"counter":14,"key":"HGXA7CNnzXwn5pxe2KGbzMoCRlLO8BNZx+8P6srUNOA="},"chainType":1,"messageKeys":{}}},"pendingPreKey":{"signedKeyId":1734584,"baseKey":"Bd5uWhj98PQGkdjO838YmBFEdXW4V0jQhd0LNaIghKFm","preKeyId":1735}}},"version":"v1"}