{"_sessions":{"Bf+WxMBAyit8EZz7etCFQnMbvEi84ouBfSMvFT8hDfE0":{"registrationId":1068520546,"currentRatchet":{"ephemeralKeyPair":{"pubKey":"BXzWwo62IEACdoBEQyEU6fDAyAZeZcuGBvYTypn9yNpx","privKey":"KODE+TcPN0eLfI3kQe8KowjG2q7rfWZ3vOeOMmbBBkI="},"lastRemoteEphemeralKey":"BauRUnMnKDUdABosqWFtPogmXJz5K8DCA+0usnvwBQ1o","previousCounter":0,"rootKey":"6eMVqwFq/hZdblf/G+hxey82U2Dt1fBT8Yl57rn4o8A="},"indexInfo":{"baseKey":"Bf+WxMBAyit8EZz7etCFQnMbvEi84ouBfSMvFT8hDfE0","baseKeyType":1,"closed":-1,"used":1743257675479,"created":1743257675479,"remoteIdentityKey":"BWzt02uCfkAXRsmBljpzARq/XsEGoAnF+nmGjlNiY+Jw"},"_chains":{"BXzWwo62IEACdoBEQyEU6fDAyAZeZcuGBvYTypn9yNpx":{"chainKey":{"counter":109,"key":"CERdQGsiScoNqzgIMvwTOd8MgV86RzoO48Mijvd1GzQ="},"chainType":1,"messageKeys":{}}},"pendingPreKey":{"signedKeyId":18,"baseKey":"Bf+WxMBAyit8EZz7etCFQnMbvEi84ouBfSMvFT8hDfE0","preKeyId":11261272}}},"version":"v1"}