{"_sessions":{"BU/XQpVdkD7650+NahHi+wC878+6HYIxy3Qbrlt87mZs":{"registrationId":1220058051,"currentRatchet":{"ephemeralKeyPair":{"pubKey":"BQctsudEJbsKOAItYoih4vWgtReCtgW8VIEM1o/aisx4","privKey":"mDYuooGZvrSmBnjFYQ0TBByoWf7+NwfEEzGGY3jwQ2I="},"lastRemoteEphemeralKey":"Bcbnb2zbVR6sYF82d9Hr4cToXqQ0Flvu6wfF3arTclMF","previousCounter":0,"rootKey":"SnmWwvOM0cwj2nzDOvYkKWjJ/SW0rvC7IsByr4/d0Uw="},"indexInfo":{"baseKey":"BU/XQpVdkD7650+NahHi+wC878+6HYIxy3Qbrlt87mZs","baseKeyType":1,"closed":-1,"used":1743257675524,"created":1743257675524,"remoteIdentityKey":"BScId5kaF2iHHklO1MfxtZnePITaAM+6jlZqX+pvoRdN"},"_chains":{"BQctsudEJbsKOAItYoih4vWgtReCtgW8VIEM1o/aisx4":{"chainKey":{"counter":7,"key":"k1lZuVSGewi389xHi6a2wIYbrpM9kLFhS975JcW7XZ8="},"chainType":1,"messageKeys":{}}},"pendingPreKey":{"signedKeyId":9,"baseKey":"BU/XQpVdkD7650+NahHi+wC878+6HYIxy3Qbrlt87mZs","preKeyId":8848911}}},"version":"v1"}