{"_sessions":{"BZmBjdwa2qPyfEOu+f5TuPoN74wolvEb+mNlGtpNISp9":{"registrationId":1298845369,"currentRatchet":{"ephemeralKeyPair":{"pubKey":"BUWGb7MwPNiOrX1ABcirIOnoVc/A8BSIf3uLp0h9460a","privKey":"oAkddBgt9CVflo80DemtnGs8pQigqA0QEdV+0aNUbWQ="},"lastRemoteEphemeralKey":"BZLS1J3VYOqlb6JWkNdmY2WfAt0RO0EmujDPavorY0w0","previousCounter":0,"rootKey":"igQMrMRZz8prqx9kvsPCxvKvTHzgoncNO6DnXH1G7nM="},"indexInfo":{"baseKey":"BZmBjdwa2qPyfEOu+f5TuPoN74wolvEb+mNlGtpNISp9","baseKeyType":1,"closed":1743329283450,"used":1743257675956,"created":1743257675956,"remoteIdentityKey":"BW4LX87WpeHOJt8FT/lttCN3jK3YggyR+GTa6NTohNkQ"},"_chains":{"BUWGb7MwPNiOrX1ABcirIOnoVc/A8BSIf3uLp0h9460a":{"chainKey":{"counter":48,"key":"Jx9oCgaCBH7atarXYfX3dFDYQNaTyPM4i2B0usfjzHs="},"chainType":1,"messageKeys":{}}},"pendingPreKey":{"signedKeyId":12428425,"baseKey":"BZmBjdwa2qPyfEOu+f5TuPoN74wolvEb+mNlGtpNISp9","preKeyId":383}},"BSXCHI6bbl39Rol+d7INp4GsvSZIDQTB7WenhDy1+ZMw":{"registrationId":1298845369,"currentRatchet":{"ephemeralKeyPair":{"pubKey":"BQ/xbEFREVZjwPX8kVTGt6mjGKrLGWpjRmORYSqEJGJS","privKey":"6PDxwUb/SrRPu1/dJ1gBa0tELFEmD98xeOpDg65xaVo="},"lastRemoteEphemeralKey":"BZLS1J3VYOqlb6JWkNdmY2WfAt0RO0EmujDPavorY0w0","previousCounter":0,"rootKey":"VXLUlT/sTVYh/0+lrpESZDJWQPSayjuB7ym0/+Ad3i8="},"indexInfo":{"baseKey":"BSXCHI6bbl39Rol+d7INp4GsvSZIDQTB7WenhDy1+ZMw","baseKeyType":1,"closed":1743329333252,"used":1743329283449,"created":1743329283449,"remoteIdentityKey":"BW4LX87WpeHOJt8FT/lttCN3jK3YggyR+GTa6NTohNkQ"},"_chains":{"BQ/xbEFREVZjwPX8kVTGt6mjGKrLGWpjRmORYSqEJGJS":{"chainKey":{"counter":21,"key":"LnQ9hZGqdfTD4jwIessDY3XvbqUYxaTzUxkDi2lTDL0="},"chainType":1,"messageKeys":{}}},"pendingPreKey":{"signedKeyId":12428425,"baseKey":"BSXCHI6bbl39Rol+d7INp4GsvSZIDQTB7WenhDy1+ZMw","preKeyId":358}},"Bdoxt3vJ5b6D8zQMITO/sLkKOIk1/Vw0n8lvtFMurOgY":{"registrationId":1298845369,"currentRatchet":{"ephemeralKeyPair":{"pubKey":"BWh+Vd5Ph69NE2Oab8Oz7Ci4xzDYF1sbm5Yqdub+C8E5","privKey":"mP9kS1u1GM8Yga4lYWxQx/ni1JG4+ygZ0G7MoSSNtlA="},"lastRemoteEphemeralKey":"BZLS1J3VYOqlb6JWkNdmY2WfAt0RO0EmujDPavorY0w0","previousCounter":0,"rootKey":"pn9a8VudJvd80B4fWphAJM67LGUIhCX4OlNEXKYTUqE="},"indexInfo":{"baseKey":"Bdoxt3vJ5b6D8zQMITO/sLkKOIk1/Vw0n8lvtFMurOgY","baseKeyType":1,"closed":-1,"used":1743329333251,"created":1743329333251,"remoteIdentityKey":"BW4LX87WpeHOJt8FT/lttCN3jK3YggyR+GTa6NTohNkQ"},"_chains":{"BWh+Vd5Ph69NE2Oab8Oz7Ci4xzDYF1sbm5Yqdub+C8E5":{"chainKey":{"counter":38,"key":"b28lxzF0tgLxhPaX32MheqPVKH8RoIiVl8D0ojC9LjA="},"chainType":1,"messageKeys":{}}},"pendingPreKey":{"signedKeyId":12428425,"baseKey":"Bdoxt3vJ5b6D8zQMITO/sLkKOIk1/Vw0n8lvtFMurOgY","preKeyId":389}}},"version":"v1"}