{"_sessions":{"BV3gGTeyrl2aJXmfgFVuEUEGGif4CzasrMBSelooknAw":{"registrationId":1724523822,"currentRatchet":{"ephemeralKeyPair":{"pubKey":"BScj4lWHnrYSTJNFYUExSbNMyX5U6nypqUTDlnHkc1kT","privKey":"SCzj4THEsflKuMqILcMdIf50P1JG6rI2D8DywcdmxFw="},"lastRemoteEphemeralKey":"BWBW2N3mv/QCKNY1f2IGJZqhjlNx75uKCe7Pm3GEgJ0M","previousCounter":2,"rootKey":"VPBl/7SV4kcQDtZ5lQHJvw932STYHkGhbyDnhsgEGm4="},"indexInfo":{"baseKey":"BV3gGTeyrl2aJXmfgFVuEUEGGif4CzasrMBSelooknAw","baseKeyType":1,"closed":-1,"used":1743346935095,"created":1743257675483,"remoteIdentityKey":"Bf9q3bPIFXSNuS60OpFK+7TBEPrwx9fk7k2fUFv2YNcL"},"_chains":{"BSzaVwlzaKm02yAPIlgWWjmOP3MPfZuZ6Xn8DwUkm0gk":{"chainKey":{"counter":1},"chainType":2,"messageKeys":{}},"BXDqKyPexonorjm8ByyD5ckRNPyUrWDiyBZExArVKxZW":{"chainKey":{"counter":8},"chainType":2,"messageKeys":{}},"BWUKWfgFZb93zrarY5VCagjLsoj7xSIj/l6fZlyg2lB3":{"chainKey":{"counter":4},"chainType":2,"messageKeys":{}},"BXt0GNfm/gwPBzlwETH9K0JGm1jSeW1b4t3Cw2EwnTow":{"chainKey":{"counter":0},"chainType":2,"messageKeys":{}},"BWBW2N3mv/QCKNY1f2IGJZqhjlNx75uKCe7Pm3GEgJ0M":{"chainKey":{"counter":1,"key":"QbrY8qxPnnht9mJsskhmvCWNiynXoewgM+7POSrEAss="},"chainType":2,"messageKeys":{}},"BScj4lWHnrYSTJNFYUExSbNMyX5U6nypqUTDlnHkc1kT":{"chainKey":{"counter":4,"key":"W76iaXJPJgyTI2pMUdyopPEUWtIDmYJ7UVj+DaDRb/w="},"chainType":1,"messageKeys":{}}}}},"version":"v1"}