{"_sessions":{"BbZokhFC3wCnTNiECLFCd56ql3YlEthh2/akbSUmQnFN":{"registrationId":815245895,"currentRatchet":{"ephemeralKeyPair":{"pubKey":"BQxTZ1L8Z+ALE6GNikm3LH1ipz4mkpbM+HWztld60ccE","privKey":"mBGcxRC2HfMWsJgDwFZxNFR0EftPN1xa9f0tlCYWd0k="},"lastRemoteEphemeralKey":"BcWOxGjJYAaVSvbxoXrx3Cyt90Odw6cXPA8ZjX/NWzIM","previousCounter":0,"rootKey":"EGi6bJ/0czUwYqmNLnl5Pm8abkCmr4hpWPHwAYNAKYM="},"indexInfo":{"baseKey":"BbZokhFC3wCnTNiECLFCd56ql3YlEthh2/akbSUmQnFN","baseKeyType":1,"closed":-1,"used":1743257675515,"created":1743257675515,"remoteIdentityKey":"BZjA7AJMMAocsYzAW9qH+4NStoDdcBNTV2ck3P3qV7Iu"},"_chains":{"BQxTZ1L8Z+ALE6GNikm3LH1ipz4mkpbM+HWztld60ccE":{"chainKey":{"counter":109,"key":"VrvSQF3uapT+7nx3MFCMRdHT3WjeCKs7G6ZdFvDQMhY="},"chainType":1,"messageKeys":{}}},"pendingPreKey":{"signedKeyId":7550404,"baseKey":"BbZokhFC3wCnTNiECLFCd56ql3YlEthh2/akbSUmQnFN","preKeyId":1605}}},"version":"v1"}