{"_sessions":{"BRwf2wZqVHVC+G2Ba+0FYjXvwtdam8en4KYfso4LmOkf":{"registrationId":1244739227,"currentRatchet":{"ephemeralKeyPair":{"pubKey":"BceGtsgX+iVU6MDBNh7sVyD6RN3VE07uCX9TyZ0uwz8n","privKey":"cGMhXWU1PWssLckrvBoEsG4VdQc7a93/3JETR+ETb2Y="},"lastRemoteEphemeralKey":"BTIc2Vw6AZzJZcUOxn1svoMfhIH0niELmEHcJkIng1s9","previousCounter":0,"rootKey":"gOxNBOJ/7LpdgGZ+4yHb784EYNTr7tN/E70LzfabvWo="},"indexInfo":{"baseKey":"BRwf2wZqVHVC+G2Ba+0FYjXvwtdam8en4KYfso4LmOkf","baseKeyType":1,"closed":-1,"used":1743257675463,"created":1743257675463,"remoteIdentityKey":"BcKJTYigxxoRtyP4LzAo1rt03OpG8pJLoc5IloN2vG1+"},"_chains":{"BceGtsgX+iVU6MDBNh7sVyD6RN3VE07uCX9TyZ0uwz8n":{"chainKey":{"counter":109,"key":"j4AyPQ0u/+x8YJOc0Vpg/uqrvLQEWHD8VFapVPL6Fik="},"chainType":1,"messageKeys":{}}},"pendingPreKey":{"signedKeyId":1,"baseKey":"BRwf2wZqVHVC+G2Ba+0FYjXvwtdam8en4KYfso4LmOkf","preKeyId":181}}},"version":"v1"}