{"_sessions":{"BdMzaYN+TWU40HFLRk4URUzhXlCuxeUn8mYDD9oLJntv":{"registrationId":375848495,"currentRatchet":{"ephemeralKeyPair":{"pubKey":"Ba37Yk3TKRUG7h9huR1EbusXFkLugD17kTe/Ug70aPIg","privKey":"qHFdqPUEbBHmeI0W7y0o5SiwAHfNV8u3n4RgRvwM22U="},"lastRemoteEphemeralKey":"BQ+S94x6JzSDBdbHIm2+0rjtXB+vRLhwspB9rA4NQuJ8","previousCounter":0,"rootKey":"utGN0MSJGpKAOvShS4wxQEmcrjiATF2dhjaRmQuBeCw="},"indexInfo":{"baseKey":"BdMzaYN+TWU40HFLRk4URUzhXlCuxeUn8mYDD9oLJntv","baseKeyType":1,"closed":-1,"used":1743257675452,"created":1743257675452,"remoteIdentityKey":"BdO4kXzmvTmEjNoxTEXtBWQOBEj3QHxk1Qk185RsQp4O"},"_chains":{"Ba37Yk3TKRUG7h9huR1EbusXFkLugD17kTe/Ug70aPIg":{"chainKey":{"counter":109,"key":"NU+iktLEjdGYIuu55BFvC6by2x1YE/lscK6nTU3+OEA="},"chainType":1,"messageKeys":{}}},"pendingPreKey":{"signedKeyId":1,"baseKey":"BdMzaYN+TWU40HFLRk4URUzhXlCuxeUn8mYDD9oLJntv","preKeyId":100}}},"version":"v1"}