{"_sessions":{"BU4Zis86SlckqE+/3uPGJN5Y6DoPIyEIzrvnz6y8Lcpi":{"registrationId":756123657,"currentRatchet":{"ephemeralKeyPair":{"pubKey":"BWko1GKDoIzWeiGyTe5UwRGFWY0IXEwWj+VcvL1tmRE1","privKey":"6LVgtiWE79qkM5eH/6zvijQ4EjS8BSpHneGkYqql93I="},"lastRemoteEphemeralKey":"BUZm2piHSN0zRoPJinEeeMqvVWLqzT5nH6kHU5y08P0e","previousCounter":2,"rootKey":"MbAmNOrNSuXZ73/hrPWNLTs4sIL+WgwfGnCNkLoALiw="},"indexInfo":{"baseKey":"BU4Zis86SlckqE+/3uPGJN5Y6DoPIyEIzrvnz6y8Lcpi","baseKeyType":1,"closed":1743329275693,"used":1743327413512,"created":1743257675961,"remoteIdentityKey":"BTMswAFJNKZs1b4tUCPa/KInznhvFPNmr7KTzu85SekQ"},"_chains":{"BYOKcMKGqL3mI/pul5HMrXPvQbyZyAxNss0oTTHf4Iss":{"chainKey":{"counter":3},"chainType":2,"messageKeys":{}},"BWqvafoJx6lDxP45Oi5cTxNSK9MAAsms9BGAdKDkdPki":{"chainKey":{"counter":0},"chainType":2,"messageKeys":{}},"BZnPG4FhC4MQg8+Mixsi5iKYN2bOORefa/MxjCecBwA0":{"chainKey":{"counter":2},"chainType":2,"messageKeys":{}},"BUZm2piHSN0zRoPJinEeeMqvVWLqzT5nH6kHU5y08P0e":{"chainKey":{"counter":3,"key":"q5F9S25FU95e1UwGGC8D7epGIkYnz/x+Jj8elKK2+ic="},"chainType":2,"messageKeys":{}},"BWko1GKDoIzWeiGyTe5UwRGFWY0IXEwWj+VcvL1tmRE1":{"chainKey":{"counter":30,"key":"y6hBHLpWLuPZvYNnpeGiqTXDVmlCOOQOY1/rauM2d+g="},"chainType":1,"messageKeys":{}}}},"BYZZkP0IGTjo4RzdOhj++EwSaqzdMRWgWw5rdVTFchRS":{"registrationId":756123657,"currentRatchet":{"ephemeralKeyPair":{"pubKey":"BT3DyPEVusf3SfjMw2vOKYn27M6u+3fk7/a6TfoU+Ush","privKey":"kO84ZmuQLp6GF8mxav9c3FpHyD64hnpNXZExFHgGBHY="},"lastRemoteEphemeralKey":"BUa5up1ODxF3E+hv5RTSyOl//i8VBsdl/cY9btBwRkhw","previousCounter":52,"rootKey":"1D75P1hRkWYDWocxTG89dh9ufG4p1B+hKlTUDY70+Jg="},"indexInfo":{"baseKey":"BYZZkP0IGTjo4RzdOhj++EwSaqzdMRWgWw5rdVTFchRS","baseKeyType":1,"closed":1743329704691,"used":1743343304997,"created":1743329275692,"remoteIdentityKey":"BTMswAFJNKZs1b4tUCPa/KInznhvFPNmr7KTzu85SekQ"},"_chains":{"BUa5up1ODxF3E+hv5RTSyOl//i8VBsdl/cY9btBwRkhw":{"chainKey":{"counter":8,"key":"aSIfeNsDAmWmQfVSq7Tro3fpTgtBb003EFI9B5S861w="},"chainType":2,"messageKeys":{}},"BT3DyPEVusf3SfjMw2vOKYn27M6u+3fk7/a6TfoU+Ush":{"chainKey":{"counter":-1,"key":"rvRFmJACj6xuclUTFH8/4uA7XD/6vfNyjNFFDbZJALY="},"chainType":1,"messageKeys":{}}}},"BS01JPlY5f0YRadXLRQqdiRDteN3+N3oQWBnGbyiE8E2":{"registrationId":756123657,"currentRatchet":{"ephemeralKeyPair":{"pubKey":"BbGC0VkXCUdMAvJhHLB624LEDEJC5XCLcDnoL/oUGtcK","privKey":"EIMya1pK7d4iKTIlqp8afDtmV0kxGtOO7/9EhyV6dVs="},"lastRemoteEphemeralKey":"BUa5up1ODxF3E+hv5RTSyOl//i8VBsdl/cY9btBwRkhw","previousCounter":-1,"rootKey":"oBGHBZNA2Obw9bv5+Vds4mXKTRc+gCKOIcEDpcQTdtU="},"indexInfo":{"baseKey":"BS01JPlY5f0YRadXLRQqdiRDteN3+N3oQWBnGbyiE8E2","baseKeyType":1,"closed":1743329704848,"used":1743329704690,"created":1743329704690,"remoteIdentityKey":"BTMswAFJNKZs1b4tUCPa/KInznhvFPNmr7KTzu85SekQ"},"_chains":{"BUa5up1ODxF3E+hv5RTSyOl//i8VBsdl/cY9btBwRkhw":{"chainKey":{"counter":0,"key":"af/bwR4roDUKuL5BQXt3uLHsS+RykXIvOPhrTgGHG78="},"chainType":2,"messageKeys":{}},"BbGC0VkXCUdMAvJhHLB624LEDEJC5XCLcDnoL/oUGtcK":{"chainKey":{"counter":-1,"key":"qjoLTSPy1sdmSWcvRcm/ADYXlKalMDvvsPeBiTNgFSY="},"chainType":1,"messageKeys":{}}},"pendingPreKey":{"signedKeyId":1258075,"baseKey":"BS01JPlY5f0YRadXLRQqdiRDteN3+N3oQWBnGbyiE8E2","preKeyId":8017}},"BZElvgfsUUzj32H2ywwDsQ96G2df5BKOdru/JEzecBYb":{"registrationId":756123657,"currentRatchet":{"ephemeralKeyPair":{"pubKey":"BQMXzuLDaZS+rtk6386vf+WGr+X2oHekas4nBj6fHsQF","privKey":"cKs0MAmv0FcZIqObGjLAASbDtte64bjNVxwnw/oo+Vo="},"lastRemoteEphemeralKey":"BUa5up1ODxF3E+hv5RTSyOl//i8VBsdl/cY9btBwRkhw","previousCounter":-1,"rootKey":"1Wx73ItLgte0nd0FbhiJDVd+N5zKLzMa+8j+gjJdlzA="},"indexInfo":{"baseKey":"BZElvgfsUUzj32H2ywwDsQ96G2df5BKOdru/JEzecBYb","baseKeyType":1,"closed":1743329705515,"used":1743329704848,"created":1743329704848,"remoteIdentityKey":"BTMswAFJNKZs1b4tUCPa/KInznhvFPNmr7KTzu85SekQ"},"_chains":{"BUa5up1ODxF3E+hv5RTSyOl//i8VBsdl/cY9btBwRkhw":{"chainKey":{"counter":0,"key":"yI7zLdCYcbEKGNB7UnlTjCofGtIjpoL78sNgYNKQTIs="},"chainType":2,"messageKeys":{}},"BQMXzuLDaZS+rtk6386vf+WGr+X2oHekas4nBj6fHsQF":{"chainKey":{"counter":-1,"key":"0pm9hKGYw7d5x1wkQQAKbYNHGmhtEpsC64y2lMdal/o="},"chainType":1,"messageKeys":{}}},"pendingPreKey":{"signedKeyId":1258075,"baseKey":"BZElvgfsUUzj32H2ywwDsQ96G2df5BKOdru/JEzecBYb","preKeyId":8065}},"BUtgTTTGaV56Yzw3RaheHDEtZAxfQred9rk7l8P5xH0o":{"registrationId":756123657,"currentRatchet":{"ephemeralKeyPair":{"pubKey":"BfNHBofDiOw4CZat9Fp10VsDbcGHieUS0IzFqLkdC6gE","privKey":"IOBXx60LMVkl1vrKbr01KJ11yJRlYIx0W9Cx9SxTEVg="},"lastRemoteEphemeralKey":"BUa5up1ODxF3E+hv5RTSyOl//i8VBsdl/cY9btBwRkhw","previousCounter":-1,"rootKey":"78YEoKJbEK43A4mybzjudKjwpB6Y9z+w6gjMQPvC5uQ="},"indexInfo":{"baseKey":"BUtgTTTGaV56Yzw3RaheHDEtZAxfQred9rk7l8P5xH0o","baseKeyType":1,"closed":-1,"used":1743329705514,"created":1743329705514,"remoteIdentityKey":"BTMswAFJNKZs1b4tUCPa/KInznhvFPNmr7KTzu85SekQ"},"_chains":{"BUa5up1ODxF3E+hv5RTSyOl//i8VBsdl/cY9btBwRkhw":{"chainKey":{"counter":0,"key":"ayWS7LljupSayp4n1PyeT/LVFSKy589H1DZ8jWOTlQ0="},"chainType":2,"messageKeys":{}},"BfNHBofDiOw4CZat9Fp10VsDbcGHieUS0IzFqLkdC6gE":{"chainKey":{"counter":11,"key":"iVY1Dkz7wl4iDtihuo8J0JFbS8CCTA67vWNDqVE+6VY="},"chainType":1,"messageKeys":{}}},"pendingPreKey":{"signedKeyId":1258075,"baseKey":"BUtgTTTGaV56Yzw3RaheHDEtZAxfQred9rk7l8P5xH0o","preKeyId":7342}}},"version":"v1"}