{"_sessions":{"BfY6gh13zuN5EUyyus7riblkk0S+SRLKxu/vJ0cq6EpW":{"registrationId":13304,"currentRatchet":{"ephemeralKeyPair":{"pubKey":"Bb5b/tmzBPD6LHkq1ZO5QD+Fcw6YEJbUFnl4Ckg9SqYV","privKey":"IKr4NkmzDz9y9SlgTvTpBawj0XLKIyUA2c/SqFo3snY="},"lastRemoteEphemeralKey":"BQ/J9Sj+XM9afePZX/TUAn1vOwCyaBF3WoCTux6TQmVR","previousCounter":0,"rootKey":"9q1zi02CRuYLv3XWBYrZ8T3TN0PHPryW7M8Ugw8C6f4="},"indexInfo":{"baseKey":"BfY6gh13zuN5EUyyus7riblkk0S+SRLKxu/vJ0cq6EpW","baseKeyType":1,"closed":-1,"used":1743257675456,"created":1743257675456,"remoteIdentityKey":"BUaA+Ftpi6MfBscOZR/wxPaWgWha3cnPwXBCTrJYL5VF"},"_chains":{"Bb5b/tmzBPD6LHkq1ZO5QD+Fcw6YEJbUFnl4Ckg9SqYV":{"chainKey":{"counter":109,"key":"C63RCVBfxhuDMZwznGTFfvxcpHb5Uxi8z5WGcFOMvcQ="},"chainType":1,"messageKeys":{}}},"pendingPreKey":{"signedKeyId":1,"baseKey":"BfY6gh13zuN5EUyyus7riblkk0S+SRLKxu/vJ0cq6EpW","preKeyId":116}}},"version":"v1"}