{"_sessions":{"BW6GtauQM42XLgEYP02jC83msq5LClDBH+lMUOuSUqtT":{"registrationId":310397091,"currentRatchet":{"ephemeralKeyPair":{"pubKey":"Bap5qoVQYPa8sKzX1Erl/YNsJMxHGwGgnxj5wgFzzSsA","privKey":"2KWNeyCl6kWtjRTadvzJWa4UC6rqR+Lkm6jvzren61k="},"lastRemoteEphemeralKey":"BYWdIVh5EeEHbRnlMmdbfi5YOdBLwQwz+ozk9iXG8N00","previousCounter":0,"rootKey":"ujiZiselmlSEG0mZ4UMpV22QXHgaaxCEKReuQF9TLz4="},"indexInfo":{"baseKey":"BW6GtauQM42XLgEYP02jC83msq5LClDBH+lMUOuSUqtT","baseKeyType":1,"closed":-1,"used":1743333384535,"created":1743257675926,"remoteIdentityKey":"BdeZNIhsjWskN9dbJy/SHZdHPB9STxszlOkwcpiD4o8Z"},"_chains":{"BdVKS9CMGfrptU6EQoMghmeUWy5oU1Xl7IZKxVCVjUZ0":{"chainKey":{"counter":0},"chainType":2,"messageKeys":{}},"BZLMMBLF/71Kt1U65NH0t4alZ/jGbXAAAIHAYHjTHaQL":{"chainKey":{"counter":4},"chainType":2,"messageKeys":{}},"Bc4ses91aThgE+4TN0U/heiZBY0wL+pxwfAGWUHA23p+":{"chainKey":{"counter":1},"chainType":2,"messageKeys":{}},"BeDAqfZbJg6C9+WUx2mg1mnPcYCrxXHALTdIt+/8TcZF":{"chainKey":{"counter":0},"chainType":2,"messageKeys":{}},"BTAkZiIJ4F5tNLvTW0EI/o45hlZoyvH2kVMbE9cokI1T":{"chainKey":{"counter":0},"chainType":2,"messageKeys":{}},"BYWdIVh5EeEHbRnlMmdbfi5YOdBLwQwz+ozk9iXG8N00":{"chainKey":{"counter":1,"key":"tJP05Y7clq24veSd/qiAzmiEjvtQDua39vCBFyXDnpk="},"chainType":2,"messageKeys":{}},"Bap5qoVQYPa8sKzX1Erl/YNsJMxHGwGgnxj5wgFzzSsA":{"chainKey":{"counter":1,"key":"8jtC9e9cF5Rtbuxr7m+x/jNN0Qore9TpFkPvy0ikTw8="},"chainType":1,"messageKeys":{}}}}},"version":"v1"}