{"_sessions":{"BQ+fdZhHVSNxF/9/8h/7LJxbhLbuZ9V/nDQ4T57fLRox":{"registrationId":820371319,"currentRatchet":{"ephemeralKeyPair":{"pubKey":"BeChlHbMpqcdbUYKMngmJTisCiMuR5iTnoZjjQqNBI9Y","privKey":"EEW0D6upa38w2PHtIsepsYSGlAuqCxhGcPI1EpEKEnA="},"lastRemoteEphemeralKey":"BSNd4Mp1w5vPtw3mBo/eM3Y1tA5QQS6Ss3v6eiNh4l81","previousCounter":0,"rootKey":"SnDHBH9+88s2DT+mq+tbrDr4OtG77G6z0wDLJdjs5kI="},"indexInfo":{"baseKey":"BQ+fdZhHVSNxF/9/8h/7LJxbhLbuZ9V/nDQ4T57fLRox","baseKeyType":1,"closed":-1,"used":1743257675919,"created":1743257675919,"remoteIdentityKey":"BXq8YcTwuFDwXTiMwLYBQ37siiGE5wZKxK/3wT6ebjQg"},"_chains":{"BeChlHbMpqcdbUYKMngmJTisCiMuR5iTnoZjjQqNBI9Y":{"chainKey":{"counter":109,"key":"/uplEh2CY7aboJwgDAw2wOlKTRywi3L/dnV6WlF3tdc="},"chainType":1,"messageKeys":{}}},"pendingPreKey":{"signedKeyId":20,"baseKey":"BQ+fdZhHVSNxF/9/8h/7LJxbhLbuZ9V/nDQ4T57fLRox","preKeyId":5312875}}},"version":"v1"}