{"_sessions":{"BX9sRQpvdh+YcOzyxFbP6/HkJW/JwdYKvk7TFehz6AUH":{"registrationId":1610591942,"currentRatchet":{"ephemeralKeyPair":{"pubKey":"BcsRwPJoRgEsXa3OjOFFMOqAyfL7sBCg3o+otQNPqPZV","privKey":"MN0VdXmLLWrHCgR8VH7mXQQPdKeW+osRLxKMBa5f0UA="},"lastRemoteEphemeralKey":"BV5+YDIzY8ZxLmaUFf8Z/JLxaI+gdEvHWOyZt5XYrzIo","previousCounter":2,"rootKey":"UpLuaKmGKfCyJVeJ9PBEEkTASuAEOpLAkXRbnCTcXvo="},"indexInfo":{"baseKey":"BX9sRQpvdh+YcOzyxFbP6/HkJW/JwdYKvk7TFehz6AUH","baseKeyType":1,"closed":1743329405181,"used":1743327465956,"created":1743257675473,"remoteIdentityKey":"BdLsvCnckxNeMeHRsnYgDHBrkcplzGH/HzEFvZGlZxtI"},"_chains":{"BVKnpYdegA7Oy+Prhe29XXO24/bN8eyORJc/t8297rti":{"chainKey":{"counter":2},"chainType":2,"messageKeys":{}},"BQzAHZgE5pnqCsZ/RSONeH7OC37HZG9Z4rt3C5q45JUX":{"chainKey":{"counter":1},"chainType":2,"messageKeys":{}},"BUPEIyFNlSkYv2WD1+scpnYQPXnvpU8Cm+/J/KNh6ZIy":{"chainKey":{"counter":0},"chainType":2,"messageKeys":{}},"BV5+YDIzY8ZxLmaUFf8Z/JLxaI+gdEvHWOyZt5XYrzIo":{"chainKey":{"counter":4,"key":"VSIjoaxY6vrus7Wh/m14DIZJ3gtQcqZijYEWG4metEM="},"chainType":2,"messageKeys":{}},"BcsRwPJoRgEsXa3OjOFFMOqAyfL7sBCg3o+otQNPqPZV":{"chainKey":{"counter":81,"key":"iMMeGJWlePvYukTdDB7YjjtCGDX3jdAqZ3hn+v15YjM="},"chainType":1,"messageKeys":{}}}},"BQXZS+LkwmPpg+1uA+bITIMQiQI1ssqdjjSIEYm/0TM1":{"registrationId":1610591942,"currentRatchet":{"ephemeralKeyPair":{"pubKey":"BStQoOdMJUpdxLMKMr1mAPkd1Vtrm19PqwTfqPV6r1Rj","privKey":"UDz83g04zUrEJSF2XLgJCB/0dMGkp5HuKbPKad0r5m0="},"lastRemoteEphemeralKey":"BWxtsm+XfQPSRlXuEDfyZwTb2py6fKPTA+WijJZ4/wE7","previousCounter":0,"rootKey":"1v9zQT61S1RUlARaZFNlFpEZO/L7CAdVTIJnbxaYsMA="},"indexInfo":{"baseKey":"BQXZS+LkwmPpg+1uA+bITIMQiQI1ssqdjjSIEYm/0TM1","baseKeyType":1,"closed":1743329405679,"used":1743329405179,"created":1743329405179,"remoteIdentityKey":"BdLsvCnckxNeMeHRsnYgDHBrkcplzGH/HzEFvZGlZxtI"},"_chains":{"BStQoOdMJUpdxLMKMr1mAPkd1Vtrm19PqwTfqPV6r1Rj":{"chainKey":{"counter":-1,"key":"ZrEtwcVL/Kz/vLLeOUvJ2XY9VuNlOOSzk4Xv1kpdcyk="},"chainType":1,"messageKeys":{}}},"pendingPreKey":{"signedKeyId":8530858,"baseKey":"BQXZS+LkwmPpg+1uA+bITIMQiQI1ssqdjjSIEYm/0TM1","preKeyId":7080}},"BY2ol6JXInCnvaDw6jcubnnM1+P2hEmUpTvwGbyRJq58":{"registrationId":1610591942,"currentRatchet":{"ephemeralKeyPair":{"pubKey":"BTmjlhU0PxSp53hpOE/vbvTs3i0Wv3RtYOqFyC5Qgq0T","privKey":"KMgtrfAkS41LcP2mjpzqUoyohSMpT2/OCTRdfjaCxUc="},"lastRemoteEphemeralKey":"BWxtsm+XfQPSRlXuEDfyZwTb2py6fKPTA+WijJZ4/wE7","previousCounter":0,"rootKey":"Y/bqIEeN9SZy6XYSvnNgMdJS3EQU9nHYh5u0HXv1meQ="},"indexInfo":{"baseKey":"BY2ol6JXInCnvaDw6jcubnnM1+P2hEmUpTvwGbyRJq58","baseKeyType":1,"closed":-1,"used":1743329405678,"created":1743329405678,"remoteIdentityKey":"BdLsvCnckxNeMeHRsnYgDHBrkcplzGH/HzEFvZGlZxtI"},"_chains":{"BTmjlhU0PxSp53hpOE/vbvTs3i0Wv3RtYOqFyC5Qgq0T":{"chainKey":{"counter":13,"key":"MlgCKJrVlyDSD9n3h8btV/emEmQJVtVpdlAYNlR+p/U="},"chainType":1,"messageKeys":{}}},"pendingPreKey":{"signedKeyId":8530858,"baseKey":"BY2ol6JXInCnvaDw6jcubnnM1+P2hEmUpTvwGbyRJq58","preKeyId":7094}}},"version":"v1"}