{"_sessions":{"BXTGAUGU97Jh2hEN38Khj86Bftkf7RyBuNTjWo4mXEV+":{"registrationId":1440881123,"currentRatchet":{"ephemeralKeyPair":{"pubKey":"Bc36sJvt0AtBzp4gNLpgunQQc4I5o5J7ZK0xxjkDRWxj","privKey":"AJmVTKuU/VcIhG8PFOdGRQy93nPoDMk7S4STbhcDwlE="},"lastRemoteEphemeralKey":"BepUoop1WIlkUwgeKBmWieP/IZAMFfjamshKmAo6APl3","previousCounter":0,"rootKey":"WoaKdKIuSseHhJg6ZgztbIByhEeSxjr/vnQ8xRaANfA="},"indexInfo":{"baseKey":"BXTGAUGU97Jh2hEN38Khj86Bftkf7RyBuNTjWo4mXEV+","baseKeyType":1,"closed":-1,"used":1743257675426,"created":1743257675426,"remoteIdentityKey":"BRTQ/0OycPanOHX/XJkYC6YeDN8Ib3VBHHwpN1KZLOlB"},"_chains":{"Bc36sJvt0AtBzp4gNLpgunQQc4I5o5J7ZK0xxjkDRWxj":{"chainKey":{"counter":109,"key":"uGDGFajJ+hZPUYeS+X0pyP47RoxPjmj+MTK7jcN9osk="},"chainType":1,"messageKeys":{}}},"pendingPreKey":{"signedKeyId":1,"baseKey":"BXTGAUGU97Jh2hEN38Khj86Bftkf7RyBuNTjWo4mXEV+","preKeyId":653}}},"version":"v1"}