{"_sessions":{"BeeSl9NTfQmjwOViqfLBXunZjOCUwVE76JGwtUwrU9BL":{"registrationId":11296,"currentRatchet":{"ephemeralKeyPair":{"pubKey":"BenhhGA8SVGGr0YLSJTULgnwZvw8s94RO54zgLbmYCh7","privKey":"mPF/3Xqp/tLq3uJJrMeN36Ezzs+WdxO6XHpSOYgrR3g="},"lastRemoteEphemeralKey":"BVmsiLB27bfzpXEj27agVF/wxq7rubOg6zj5LFz32M50","previousCounter":0,"rootKey":"J3bzgMprG8KEydYRsmuOXEkmFRW3kLj8Fni6Hq9gIQ4="},"indexInfo":{"baseKey":"BeeSl9NTfQmjwOViqfLBXunZjOCUwVE76JGwtUwrU9BL","baseKeyType":1,"closed":-1,"used":1743257675418,"created":1743257675418,"remoteIdentityKey":"BT8TG6W0Wm5x1ZFCpDfs1kduezZWzm3f5/vq0SDs48VN"},"_chains":{"BenhhGA8SVGGr0YLSJTULgnwZvw8s94RO54zgLbmYCh7":{"chainKey":{"counter":97,"key":"eio3a0DpRsj3g5rcD6WVTK/L6m0EdZczke/wUSCdWQI="},"chainType":1,"messageKeys":{}}},"pendingPreKey":{"signedKeyId":1,"baseKey":"BeeSl9NTfQmjwOViqfLBXunZjOCUwVE76JGwtUwrU9BL","preKeyId":177}}},"version":"v1"}