{"_sessions":{"Bd9kK7GndcvO/WQ2PbnDD4Xw3crdfarEVXW2Me8s2nQB":{"registrationId":559012825,"currentRatchet":{"ephemeralKeyPair":{"pubKey":"BY1Rxi09WPi3SlU56OUMYwj29zfkDRF3D3eKg4xO7OoF","privKey":"4FK0c49vhNhRX+MsoPAVmDEXFqM8ggVy0BHlMFuIuUM="},"lastRemoteEphemeralKey":"BVpU80R2RQ1OjdieSI0gIkjNnWt2Jo6rFZcuIKgYraoi","previousCounter":0,"rootKey":"PwwjBK6DPmhtzUFGrelucA9ECqoo6bUybX6CWKO9uFQ="},"indexInfo":{"baseKey":"Bd9kK7GndcvO/WQ2PbnDD4Xw3crdfarEVXW2Me8s2nQB","baseKeyType":1,"closed":1743329331786,"used":1743257675486,"created":1743257675486,"remoteIdentityKey":"BciiSX5pnQPhOpCImtaqF9IhVwObKDwsSwNDD64KIFMT"},"_chains":{"BY1Rxi09WPi3SlU56OUMYwj29zfkDRF3D3eKg4xO7OoF":{"chainKey":{"counter":69,"key":"hIVllVFo4NuU5goKfH6bLjL3qZv2Xnc4Lgbm4UDvkAI="},"chainType":1,"messageKeys":{}}},"pendingPreKey":{"signedKeyId":16729206,"baseKey":"Bd9kK7GndcvO/WQ2PbnDD4Xw3crdfarEVXW2Me8s2nQB","preKeyId":1998}},"BUe/lxht/jBwZ+y9rMsj1x0BZQ5PoMtcYAMZCiVO2zQP":{"registrationId":559012825,"currentRatchet":{"ephemeralKeyPair":{"pubKey":"Beu5wF5myKfCJjeKKuFfRaNrpZFTCKvJ2VG+QHdlljwj","privKey":"iK3GlIXrcZFaSsRcks0Aeukp3MFeRI4IO6vITV2CZVM="},"lastRemoteEphemeralKey":"BVpU80R2RQ1OjdieSI0gIkjNnWt2Jo6rFZcuIKgYraoi","previousCounter":0,"rootKey":"k0FXo4NbDth7E58ZDniEifVz1aNIN5tu0of06LY14J0="},"indexInfo":{"baseKey":"BUe/lxht/jBwZ+y9rMsj1x0BZQ5PoMtcYAMZCiVO2zQP","baseKeyType":1,"closed":-1,"used":1743329331784,"created":1743329331784,"remoteIdentityKey":"BciiSX5pnQPhOpCImtaqF9IhVwObKDwsSwNDD64KIFMT"},"_chains":{"Beu5wF5myKfCJjeKKuFfRaNrpZFTCKvJ2VG+QHdlljwj":{"chainKey":{"counter":39,"key":"GTOpaQgWTd/grzLp+e5kX+RxQrBFRqCOl5oivTJ42A4="},"chainType":1,"messageKeys":{}}},"pendingPreKey":{"signedKeyId":16729206,"baseKey":"BUe/lxht/jBwZ+y9rMsj1x0BZQ5PoMtcYAMZCiVO2zQP","preKeyId":1829}}},"version":"v1"}