{"_sessions":{"Bdsm4z5DveqPWXSwPXMBe8ewOS/POKNJVSDTxIHdOJJ/":{"registrationId":1218081166,"currentRatchet":{"ephemeralKeyPair":{"pubKey":"BQxzlzMcTz6wCubqrFeNR1PvllYFgNec+vVFRxF0H5gD","privKey":"4NzkXh9qoYVpB4upyNpqLAEHtJZ6eD82Iw7nyAsLInw="},"lastRemoteEphemeralKey":"BZqr+dqjSo5P/ztmT6pDJzjXKSc7dWCIKK3HT+q80UQk","previousCounter":90,"rootKey":"ruxChq/HQrpVzrRmQJ94Ah78HlFELi5ZqTVnbGH8bAU="},"indexInfo":{"baseKey":"Bdsm4z5DveqPWXSwPXMBe8ewOS/POKNJVSDTxIHdOJJ/","baseKeyType":1,"closed":-1,"used":1743334489166,"created":1743319956784,"remoteIdentityKey":"BXzi+02KoMl8qpAShnujKAbCGtc5/jTlMfWpa6UwM3ds"},"_chains":{"BZqr+dqjSo5P/ztmT6pDJzjXKSc7dWCIKK3HT+q80UQk":{"chainKey":{"counter":0,"key":"YSZ8hkxVuzBjMHg29ovn7k8FJyQrkIt9QIJQYXFsrlI="},"chainType":2,"messageKeys":{}},"BQxzlzMcTz6wCubqrFeNR1PvllYFgNec+vVFRxF0H5gD":{"chainKey":{"counter":7,"key":"PHOscyRDdqB09QZTD1A7CMYo9Wdls+UFRrprPseJ2GI="},"chainType":1,"messageKeys":{}}}}},"version":"v1"}