{"_sessions":{"BTKnvyScbJnH++cY8G5bFV9Pdltt8ODZA4DIev1yLcVx":{"registrationId":987734576,"currentRatchet":{"ephemeralKeyPair":{"pubKey":"BZV3kd+j7EvVhUprFqE2tI/0GlCHU2TCd2TsqAETwBw1","privKey":"+I9WaNJaKwa/HkL2IvqJ5PMa7BbXPP0d9BE1sCKMsl4="},"lastRemoteEphemeralKey":"BQZ92NtNjH4sjhz1/ywe168sMZo3H2OmZ5bUvIhJIGhW","previousCounter":0,"rootKey":"gjmGuR1TbfumnPbYb643zkDRsN/nZAX/vyo+hnAhACk="},"indexInfo":{"baseKey":"BTKnvyScbJnH++cY8G5bFV9Pdltt8ODZA4DIev1yLcVx","baseKeyType":1,"closed":1743329383349,"used":1743257675508,"created":1743257675508,"remoteIdentityKey":"Bc4nS/JcB593r91dsqBLVe9cUOHw1C8yzQfspfqlqh5s"},"_chains":{"BZV3kd+j7EvVhUprFqE2tI/0GlCHU2TCd2TsqAETwBw1":{"chainKey":{"counter":94,"key":"glRBMHUeZbdc/g/PpsF3WrQ8XS6r97eA1gnmMtoDbeE="},"chainType":1,"messageKeys":{}}},"pendingPreKey":{"signedKeyId":7595014,"baseKey":"BTKnvyScbJnH++cY8G5bFV9Pdltt8ODZA4DIev1yLcVx","preKeyId":3108}},"BbOvkthVjkvDroAphcTuXHTPFUdzlNTk5E65piU0Cgke":{"registrationId":987734576,"currentRatchet":{"ephemeralKeyPair":{"pubKey":"BSvfyAokCHGAWBJ1KX+S0Ydb/ZY+Z8XL2MLBpKUlvj4S","privKey":"qNgkZTWD397Ajsq5s1GbdRTaASwLV5zHhiOTpUWeT3E="},"lastRemoteEphemeralKey":"BQZ92NtNjH4sjhz1/ywe168sMZo3H2OmZ5bUvIhJIGhW","previousCounter":0,"rootKey":"tjvZrm0ww+FOVzR3ZN7FiS0hy+QIRQ38h91L5bL5Jeo="},"indexInfo":{"baseKey":"BbOvkthVjkvDroAphcTuXHTPFUdzlNTk5E65piU0Cgke","baseKeyType":1,"closed":-1,"used":1743329383349,"created":1743329383349,"remoteIdentityKey":"Bc4nS/JcB593r91dsqBLVe9cUOHw1C8yzQfspfqlqh5s"},"_chains":{"BSvfyAokCHGAWBJ1KX+S0Ydb/ZY+Z8XL2MLBpKUlvj4S":{"chainKey":{"counter":14,"key":"fUXqGAxYtPYznBZBadSSJP8oliIzcX0WpGhvBNc75lY="},"chainType":1,"messageKeys":{}}},"pendingPreKey":{"signedKeyId":7595014,"baseKey":"BbOvkthVjkvDroAphcTuXHTPFUdzlNTk5E65piU0Cgke","preKeyId":2977}}},"version":"v1"}