{"_sessions":{"Bdo0wbF2yyxRgYI4/bwSXhHA5oZjMEty6t8LSs2Prc8H":{"registrationId":1424914971,"currentRatchet":{"ephemeralKeyPair":{"pubKey":"BZLat1sSK+jO56/+bG6WymmJ6UQ95u5Teo1gZpsjt2pg","privKey":"wMGzyb2sxyoiGZ1roa1lXkCzHEYd2zPPiDmLz1nFrEY="},"lastRemoteEphemeralKey":"BTh637gtjo8+VTtbv/IzEb+1YvX5HQm+XJ1GOiQriBoy","previousCounter":2,"rootKey":"GRbSZhkKoGU2bRhXMV+u6eBF1ywNnpKZDS5z39/WUL0="},"indexInfo":{"baseKey":"Bdo0wbF2yyxRgYI4/bwSXhHA5oZjMEty6t8LSs2Prc8H","baseKeyType":1,"closed":-1,"used":1743326309945,"created":1743319956782,"remoteIdentityKey":"BSwLvxNaApO1gG+v6D85hkI3qxc47D5R1w3dY2uMqFwX"},"_chains":{"BTh637gtjo8+VTtbv/IzEb+1YvX5HQm+XJ1GOiQriBoy":{"chainKey":{"counter":0,"key":"YGBCVtEAZlpgVVsXVv87qirihp267OiDJbwYHKLRXgY="},"chainType":2,"messageKeys":{}},"BZLat1sSK+jO56/+bG6WymmJ6UQ95u5Teo1gZpsjt2pg":{"chainKey":{"counter":-1,"key":"OMXAEWv4xR9pu3XWBcp/ajNvQrWaEdmb/ip5IX7OzxQ="},"chainType":1,"messageKeys":{}}}}},"version":"v1"}