{"_sessions":{"BX7l4DCo3daInwOVyva7ZK98dJQTvzS5Sc01ThYd4IMU":{"registrationId":933242401,"currentRatchet":{"ephemeralKeyPair":{"pubKey":"BVUH2ak5sxD5ieDRYwqvjyAnUTIj3B7ciWcO3w30oL5O","privKey":"iF8TKBx1BmlA/82gMBBccCiWkXnP+ICBq2/2eDZ6/m8="},"lastRemoteEphemeralKey":"Bf1LDhHlGkGq9cBVEGbvf8atb0plA9Fe6IxlxtusxOgx","previousCounter":0,"rootKey":"J2Lmn+dldZ0GHvQPBj0tXqTg+iW5N5mnoDlMmLDKHVw="},"indexInfo":{"baseKey":"BX7l4DCo3daInwOVyva7ZK98dJQTvzS5Sc01ThYd4IMU","baseKeyType":1,"closed":-1,"used":1743346988809,"created":1743346988809,"remoteIdentityKey":"BfLCo4tYae2n5ZFyO2B+wOYpH9Ky3kufeCOiZ8XfYgQL"},"_chains":{"BVUH2ak5sxD5ieDRYwqvjyAnUTIj3B7ciWcO3w30oL5O":{"chainKey":{"counter":5,"key":"qj0cs7ahMueh6lxBmW0XQROWZDsy9Uu5l6I9zKP77K0="},"chainType":1,"messageKeys":{}}},"pendingPreKey":{"signedKeyId":1,"baseKey":"BX7l4DCo3daInwOVyva7ZK98dJQTvzS5Sc01ThYd4IMU","preKeyId":831}}},"version":"v1"}