{"_sessions":{"BVqhnx/GUGNyr1enTxEfgpdt8JswwGlhjZnez3OcUuEB":{"registrationId":7310,"currentRatchet":{"ephemeralKeyPair":{"pubKey":"BTbVYmfgk3XBvp0AHUBzfUFE6VOtwi83SheujAX4de5v","privKey":"OMnDgdvuVhtR20LTRj9X6P08v7FbfHz7pbERSS5KzWs="},"lastRemoteEphemeralKey":"BUeinfCrP3Kw0TkGQ0ooNQkgNR/vfZ5i+nlFUnkRajFa","previousCounter":0,"rootKey":"+NCmAwJpztrx25GiqqAmZWeY2cmuCqEFtjzaKCOvjm0="},"indexInfo":{"baseKey":"BVqhnx/GUGNyr1enTxEfgpdt8JswwGlhjZnez3OcUuEB","baseKeyType":1,"closed":-1,"used":1743319956774,"created":1743319956774,"remoteIdentityKey":"BaP/VzbI9VOJQzFyB0dZOypNeJGPThHqvoDC+UU03kwb"},"_chains":{"BTbVYmfgk3XBvp0AHUBzfUFE6VOtwi83SheujAX4de5v":{"chainKey":{"counter":98,"key":"8QTPZh1NqbdOBav+xmV+CHHUbFIEmEc1Iahh4aRP7pI="},"chainType":1,"messageKeys":{}}},"pendingPreKey":{"signedKeyId":1,"baseKey":"BVqhnx/GUGNyr1enTxEfgpdt8JswwGlhjZnez3OcUuEB","preKeyId":633}}},"version":"v1"}