{"_sessions":{"Bcbz3QlCnvZ7FrPZZyDcdiQGTqLxv0QvbddbBSabAZ98":{"registrationId":1154886355,"currentRatchet":{"ephemeralKeyPair":{"pubKey":"BZpR2QxkfXTdyOmcArPprKamvAKzyypGRsyRUHoObyId","privKey":"eFEBpWGTDA/xvHR9SBNCqIC2lOxKk6kjKnW+5XUKilg="},"lastRemoteEphemeralKey":"BRRh5VR4elw9cvVWawYyeLkahmyIKl7LVxterdEfAWxS","previousCounter":0,"rootKey":"t6rETDfel6Ug9vlXZT1f8UfYFkS7Pow+dlnaYqt5R+w="},"indexInfo":{"baseKey":"Bcbz3QlCnvZ7FrPZZyDcdiQGTqLxv0QvbddbBSabAZ98","baseKeyType":1,"closed":1743329311641,"used":1743319956788,"created":1743319956788,"remoteIdentityKey":"BdjDBTBNHV/16hvV/seIYlS3oe5ZeRYr1Ny7AhIC2B9x"},"_chains":{"BZpR2QxkfXTdyOmcArPprKamvAKzyypGRsyRUHoObyId":{"chainKey":{"counter":48,"key":"LGmf8PUq9Ag5hu0oYQ1kDORygWNgbbKkJn50YI7ujvE="},"chainType":1,"messageKeys":{}}},"pendingPreKey":{"signedKeyId":10717783,"baseKey":"Bcbz3QlCnvZ7FrPZZyDcdiQGTqLxv0QvbddbBSabAZ98","preKeyId":903}},"BaNhqKsMxIm0x57fFa6qpnuZ0kO03EP/kVstDD5bo5w2":{"registrationId":1154886355,"currentRatchet":{"ephemeralKeyPair":{"pubKey":"BStOdQg/dOpE4/R4Z4AfPhPerEEHyNpQYER1tX94s4Z+","privKey":"wMAV+M1irRiRuwT6ygzPA9eSQopFDom30Lpm6D8ElXY="},"lastRemoteEphemeralKey":"BRRh5VR4elw9cvVWawYyeLkahmyIKl7LVxterdEfAWxS","previousCounter":0,"rootKey":"SjBe4nd2kIzt/yJzSpv6gzwK8Epq7VsqPamKT+ajTls="},"indexInfo":{"baseKey":"BaNhqKsMxIm0x57fFa6qpnuZ0kO03EP/kVstDD5bo5w2","baseKeyType":1,"closed":1743329369798,"used":1743329311641,"created":1743329311641,"remoteIdentityKey":"BdjDBTBNHV/16hvV/seIYlS3oe5ZeRYr1Ny7AhIC2B9x"},"_chains":{"BStOdQg/dOpE4/R4Z4AfPhPerEEHyNpQYER1tX94s4Z+":{"chainKey":{"counter":27,"key":"pKrWjZpN9Sf+ZQyAGfNIqz1tOXUvWjK3Li15IMOaFY0="},"chainType":1,"messageKeys":{}}},"pendingPreKey":{"signedKeyId":10717783,"baseKey":"BaNhqKsMxIm0x57fFa6qpnuZ0kO03EP/kVstDD5bo5w2","preKeyId":1027}},"BbFVzloP4/9JmTJ/B+4Gvrz/QB9l+D62J9Vib+j2KvJP":{"registrationId":1154886355,"currentRatchet":{"ephemeralKeyPair":{"pubKey":"BfMAWn2P7xm7WO/NLRFxgrYdb4jgT4/oLknO6dLX7eZF","privKey":"sBs31rWth/LABFzOlZKrsWdE2oIQAv8Y9yLOTXkXmUw="},"lastRemoteEphemeralKey":"BXcCOCC7MsLaIM2wGbU9NJhWvtPXKcbCHnpv5qYnRcNN","previousCounter":15,"rootKey":"QEETOvLEESKfMd9Vq6k5lk7ZfS1vcu7hxOv4kvRp1vE="},"indexInfo":{"baseKey":"BbFVzloP4/9JmTJ/B+4Gvrz/QB9l+D62J9Vib+j2KvJP","baseKeyType":1,"closed":-1,"used":1743340784682,"created":1743329369797,"remoteIdentityKey":"BdjDBTBNHV/16hvV/seIYlS3oe5ZeRYr1Ny7AhIC2B9x"},"_chains":{"BXcCOCC7MsLaIM2wGbU9NJhWvtPXKcbCHnpv5qYnRcNN":{"chainKey":{"counter":0,"key":"J+RudHnWijBi1dBObgi696Hchoq2wEpsEJeTyMJUaNE="},"chainType":2,"messageKeys":{}},"BfMAWn2P7xm7WO/NLRFxgrYdb4jgT4/oLknO6dLX7eZF":{"chainKey":{"counter":-1,"key":"m4ZaM6zINLN1PphjLEV/MQDQczUmVw6FEi6DI6GIzqw="},"chainType":1,"messageKeys":{}}}}},"version":"v1"}