{"_sessions":{"BVFxsxJ3or0Djv4VPRGsIxbLPVDKHwiYxTkLBqn7sbNV":{"registrationId":2085660551,"currentRatchet":{"ephemeralKeyPair":{"pubKey":"BWZynhR+tG3ROUWskpSwkO0JFG5iKSSMZ24qQecgKmQG","privKey":"kAUk0RCbxcPWjPexnME94IFt+XDtcrNuSExhdw37WkA="},"lastRemoteEphemeralKey":"BYDiECxTToznvnAvoFRmL4EZvGwMesI2dk7hm08C5t5l","previousCounter":2,"rootKey":"QzsrnJLH27HSSWhafSH3pPqnMvGPZwgQ34UCcO9hyBg="},"indexInfo":{"baseKey":"BVFxsxJ3or0Djv4VPRGsIxbLPVDKHwiYxTkLBqn7sbNV","baseKeyType":1,"closed":1743329261515,"used":1743327406441,"created":1743257675467,"remoteIdentityKey":"BTeNOkm9TbgduJgTjXqDdKGoY4x5fgFQhopCkx+qB18w"},"_chains":{"BdAF/q5H4UrVv20ao2AkgPaJPP9WHDyMoESXdCqijP4H":{"chainKey":{"counter":4},"chainType":2,"messageKeys":{}},"BV3K7BcqPM/IgVfyxopJojya9bn89QikDE3X4DxReSFX":{"chainKey":{"counter":3},"chainType":2,"messageKeys":{}},"BdUezX0UAATfrNooEUADNRatw2uY+SfVrlpDLPMwhqZe":{"chainKey":{"counter":4},"chainType":2,"messageKeys":{}},"BYDiECxTToznvnAvoFRmL4EZvGwMesI2dk7hm08C5t5l":{"chainKey":{"counter":8,"key":"ifcknnJjonLxAG01Dmn6hD9U950m3XJn/D5pwC6XpM4="},"chainType":2,"messageKeys":{}},"BWZynhR+tG3ROUWskpSwkO0JFG5iKSSMZ24qQecgKmQG":{"chainKey":{"counter":28,"key":"QsIJjikdJGHBqhH+UHF4ba49efkebb9fOWNiHuonAYA="},"chainType":1,"messageKeys":{}}}},"BWS84bbPdCk40ehPwnM/CQAho+cQOyOFf9ujDhXRoEMP":{"registrationId":2085660551,"currentRatchet":{"ephemeralKeyPair":{"pubKey":"BYNOsoQlZ+qIAiv8AQq0+oVbcnmDPwWq0jSwc0kAhW9r","privKey":"qL5vanScchdk79KyaYR+JankgY1wgJPCEYhyLBd5x1s="},"lastRemoteEphemeralKey":"BaqUzH2D7mE4C5YYepxKuZRXifuXY2oMMk9Y3iu2lFtR","previousCounter":0,"rootKey":"8TgIyuSbm8nfZ0t9KZml+pCA9YgfSNAR2JKab4tUGu8="},"indexInfo":{"baseKey":"BWS84bbPdCk40ehPwnM/CQAho+cQOyOFf9ujDhXRoEMP","baseKeyType":1,"closed":1743329643899,"used":1743329261514,"created":1743329261514,"remoteIdentityKey":"BTeNOkm9TbgduJgTjXqDdKGoY4x5fgFQhopCkx+qB18w"},"_chains":{"BYNOsoQlZ+qIAiv8AQq0+oVbcnmDPwWq0jSwc0kAhW9r":{"chainKey":{"counter":53,"key":"VXbicbiQVR3/Nz/UdrPdXFjvtf8KHxTZIJAxO6Y5hw8="},"chainType":1,"messageKeys":{}}},"pendingPreKey":{"signedKeyId":10545083,"baseKey":"BWS84bbPdCk40ehPwnM/CQAho+cQOyOFf9ujDhXRoEMP","preKeyId":14066}},"BSrXcWAuXPQsJV10kQBV8CeNSqQKZiVaYPn5Ykg/kPoX":{"registrationId":2085660551,"currentRatchet":{"ephemeralKeyPair":{"pubKey":"BXlaSKfpsP8ETSRmj86HBqt7Aq0kZNXGi1mXYGD8Muw8","privKey":"qIz3B1jSuWAsBkd0oVjSnfvFYstpa9aaiBt4nEgqMXs="},"lastRemoteEphemeralKey":"BaqUzH2D7mE4C5YYepxKuZRXifuXY2oMMk9Y3iu2lFtR","previousCounter":0,"rootKey":"ry27vmXzVbSFs6ePcqYNlmHJzqZFH+nhMcohD18p7Ik="},"indexInfo":{"baseKey":"BSrXcWAuXPQsJV10kQBV8CeNSqQKZiVaYPn5Ykg/kPoX","baseKeyType":1,"closed":1743329643994,"used":1743329643898,"created":1743329643898,"remoteIdentityKey":"BTeNOkm9TbgduJgTjXqDdKGoY4x5fgFQhopCkx+qB18w"},"_chains":{"BXlaSKfpsP8ETSRmj86HBqt7Aq0kZNXGi1mXYGD8Muw8":{"chainKey":{"counter":-1,"key":"GQGNPaSwnoI/GdU3BhmO/zObiVYXkTclUFy+L81VXKU="},"chainType":1,"messageKeys":{}}},"pendingPreKey":{"signedKeyId":10545083,"baseKey":"BSrXcWAuXPQsJV10kQBV8CeNSqQKZiVaYPn5Ykg/kPoX","preKeyId":13972}},"Ba4fYmBPDLu9A8Q9n+xLMXlrKW/rkgsHJaD9LxR1B+QK":{"registrationId":2085660551,"currentRatchet":{"ephemeralKeyPair":{"pubKey":"BQlOLUFNXBDBWJAwPB6vLmvCv7KlZzm6r4/E9CRhysNx","privKey":"QGd+AZVTAfQZr07Ub6gkD+mZ01t7y57X8knzIU9nmVA="},"lastRemoteEphemeralKey":"BaqUzH2D7mE4C5YYepxKuZRXifuXY2oMMk9Y3iu2lFtR","previousCounter":0,"rootKey":"9xsjSRl4/ng5kceKcQsN1nuvkAg144HcmYdq81ff9AM="},"indexInfo":{"baseKey":"Ba4fYmBPDLu9A8Q9n+xLMXlrKW/rkgsHJaD9LxR1B+QK","baseKeyType":1,"closed":1743329644086,"used":1743329643993,"created":1743329643993,"remoteIdentityKey":"BTeNOkm9TbgduJgTjXqDdKGoY4x5fgFQhopCkx+qB18w"},"_chains":{"BQlOLUFNXBDBWJAwPB6vLmvCv7KlZzm6r4/E9CRhysNx":{"chainKey":{"counter":-1,"key":"yE52Q8+fAI+ddrlzS3Xhu4HA22e7sEuz7oKCaeiwDpM="},"chainType":1,"messageKeys":{}}},"pendingPreKey":{"signedKeyId":10545083,"baseKey":"Ba4fYmBPDLu9A8Q9n+xLMXlrKW/rkgsHJaD9LxR1B+QK","preKeyId":14460}},"BURH7nFuRBs3PpY7R7vBI1KQXm2txzd2m5Ej4lN9OJxD":{"registrationId":2085660551,"currentRatchet":{"ephemeralKeyPair":{"pubKey":"BTtyTwyRMP2gk/y3ogd7FWVWJd0O0aQwbwyIMP1GApFM","privKey":"8JZJpIsSrHetB4m4vJbCiuqV4x/qKM02rUtlg4qqf3c="},"lastRemoteEphemeralKey":"BQdGmKX2fPRDiqWMlolisDOUnv300AGSh75HZi2/hlV+","previousCounter":2,"rootKey":"UBa37xEQm+jM07m7+cW7kG7+9cxBHjx/MvvB/QztYns="},"indexInfo":{"baseKey":"BURH7nFuRBs3PpY7R7vBI1KQXm2txzd2m5Ej4lN9OJxD","baseKeyType":1,"closed":-1,"used":1743346356352,"created":1743329644085,"remoteIdentityKey":"BTeNOkm9TbgduJgTjXqDdKGoY4x5fgFQhopCkx+qB18w"},"_chains":{"BdQXC7afau6A2O8oNVyEX5fm/T7tsbRfeVPkzsUMUVg6":{"chainKey":{"counter":2},"chainType":2,"messageKeys":{}},"Bf1IHD+L7VDjm36vqLWNm7clheo/GQ9pryv9Sg52VE9o":{"chainKey":{"counter":0},"chainType":2,"messageKeys":{}},"BasY/8G27Wq8NjqaJHSYRVIdH3XDoSOkXIncPQJJUolp":{"chainKey":{"counter":2},"chainType":2,"messageKeys":{}},"BQdGmKX2fPRDiqWMlolisDOUnv300AGSh75HZi2/hlV+":{"chainKey":{"counter":0,"key":"nVWZ1uH6UWBfRp1/iqnlWqtrLX1sTm9qF8LWsWSSw00="},"chainType":2,"messageKeys":{}},"BTtyTwyRMP2gk/y3ogd7FWVWJd0O0aQwbwyIMP1GApFM":{"chainKey":{"counter":4,"key":"ZTTSj42aDPgqJLDB5dQZLZnisLh2XlQFEZaQ6yWg5p0="},"chainType":1,"messageKeys":{}}}}},"version":"v1"}