{"_sessions":{"BYOqRezzxzUB8+5PkCXLkP7pNaOIXI3yAsYoea07wNMX":{"registrationId":1686266559,"currentRatchet":{"ephemeralKeyPair":{"pubKey":"Be2pkKSvO9DTfe8itUvYc1N7ZQY4xBhS7qMIffqQyQsE","privKey":"iIR3k0ZdiaF0eh7gpJ5RGsSErHq2FzTAw9OWoVJv0lY="},"lastRemoteEphemeralKey":"BSVnMN1f/pUVjgp+5XekCsnqVMjaXSOgiPMhoKVJ73tI","previousCounter":0,"rootKey":"55XKIV6SAkfhX1WCQ+ovD/JvEFmqUIpiwmwrdWR20H4="},"indexInfo":{"baseKey":"BYOqRezzxzUB8+5PkCXLkP7pNaOIXI3yAsYoea07wNMX","baseKeyType":1,"closed":-1,"used":1743257675497,"created":1743257675497,"remoteIdentityKey":"BRJ51oIpOISQNPfpKjBgobwCuzVoUo3UHJmNFNXL14k7"},"_chains":{"Be2pkKSvO9DTfe8itUvYc1N7ZQY4xBhS7qMIffqQyQsE":{"chainKey":{"counter":109,"key":"pIpZ6y0ZQtbodQobR6DAB02E7D3NE06j7jwfWA4GVbc="},"chainType":1,"messageKeys":{}}},"pendingPreKey":{"signedKeyId":16,"baseKey":"BYOqRezzxzUB8+5PkCXLkP7pNaOIXI3yAsYoea07wNMX","preKeyId":8535665}}},"version":"v1"}