{"_sessions":{"BVdVPszkNWnROHdUcqHa1CHoGKXJ5VxSbicdvQvyToIh":{"registrationId":1042068140,"currentRatchet":{"ephemeralKeyPair":{"pubKey":"Bb88rMoBFmUpytSaIIUHdUoy3RDpYkKuLdVEROI8gyJU","privKey":"aPyqKbEaQsBStceF6Eadn9jDrPbYnZcFr83ZzuPf2H8="},"lastRemoteEphemeralKey":"BdcmLYDGtLuVcFhVl36FVBjVbLLGkWKMkt7C4l9UFToT","previousCounter":0,"rootKey":"DFebp30hILkwN2YjbezLUON7xD0L02Bw4M35E7kHwH8="},"indexInfo":{"baseKey":"BVdVPszkNWnROHdUcqHa1CHoGKXJ5VxSbicdvQvyToIh","baseKeyType":1,"closed":1743259406548,"used":1743259406410,"created":1743259406410,"remoteIdentityKey":"BSXg00LUjLxI+sfZe+R2zCUkQzW3ZY3zrf4lQwMFvvhN"},"_chains":{"Bb88rMoBFmUpytSaIIUHdUoy3RDpYkKuLdVEROI8gyJU":{"chainKey":{"counter":-1,"key":"pDQS4nHw7NKdR51xuQ9ineL8AweGurk2Si+46fZSx8M="},"chainType":1,"messageKeys":{}}},"pendingPreKey":{"signedKeyId":0,"baseKey":"BVdVPszkNWnROHdUcqHa1CHoGKXJ5VxSbicdvQvyToIh","preKeyId":11252046}},"BYoqR32LNfCDNi4WfP+FUeVEFYhXikWGUgBTtY2yRnQE":{"registrationId":1042068140,"currentRatchet":{"ephemeralKeyPair":{"pubKey":"BVwwOSPWsSSCjy6wgziZ77MuWw51oKdqluTPaWyyTGQ2","privKey":"INByKCyWVPDRO5Ad3C9FumAzJoHTeT2mcMvYr6T38EA="},"lastRemoteEphemeralKey":"BdcmLYDGtLuVcFhVl36FVBjVbLLGkWKMkt7C4l9UFToT","previousCounter":0,"rootKey":"C42BRFzni0uUcZt3uwGPsUbJ28y+63UycqgTZdgHytc="},"indexInfo":{"baseKey":"BYoqR32LNfCDNi4WfP+FUeVEFYhXikWGUgBTtY2yRnQE","baseKeyType":1,"closed":1743259406688,"used":1743259406547,"created":1743259406547,"remoteIdentityKey":"BSXg00LUjLxI+sfZe+R2zCUkQzW3ZY3zrf4lQwMFvvhN"},"_chains":{"BVwwOSPWsSSCjy6wgziZ77MuWw51oKdqluTPaWyyTGQ2":{"chainKey":{"counter":-1,"key":"+t0Ma86qCDvpaIh/ItJNSYAu6xb1A3rjCAUfOu0zKfo="},"chainType":1,"messageKeys":{}}},"pendingPreKey":{"signedKeyId":0,"baseKey":"BYoqR32LNfCDNi4WfP+FUeVEFYhXikWGUgBTtY2yRnQE","preKeyId":11252796}},"BVwrdiUgDQ1eL7jjmmA76F01H0sGngSO0NYUZQhR3D4K":{"registrationId":1042068140,"currentRatchet":{"ephemeralKeyPair":{"pubKey":"Bcb5KtN2SY0IdgzRSVDeqMMrsMz79HRWhlwLxuejm5FT","privKey":"YM1KZyNYFFOeeE8/L5QOVQVIatmPh2dTPVocS3bCo3U="},"lastRemoteEphemeralKey":"BdcmLYDGtLuVcFhVl36FVBjVbLLGkWKMkt7C4l9UFToT","previousCounter":0,"rootKey":"KH8oZFy9JJq3M3iNoLKdt+DVQdQ3O4Yx3PpkXz3b74A="},"indexInfo":{"baseKey":"BVwrdiUgDQ1eL7jjmmA76F01H0sGngSO0NYUZQhR3D4K","baseKeyType":1,"closed":1743259406834,"used":1743259406687,"created":1743259406687,"remoteIdentityKey":"BSXg00LUjLxI+sfZe+R2zCUkQzW3ZY3zrf4lQwMFvvhN"},"_chains":{"Bcb5KtN2SY0IdgzRSVDeqMMrsMz79HRWhlwLxuejm5FT":{"chainKey":{"counter":-1,"key":"3mjwYlzmrX/mtZd/N+jD71RjnkgPf4L+tsSm3r2heIc="},"chainType":1,"messageKeys":{}}},"pendingPreKey":{"signedKeyId":0,"baseKey":"BVwrdiUgDQ1eL7jjmmA76F01H0sGngSO0NYUZQhR3D4K","preKeyId":11252765}},"Bc7y/wykhILBlAAM6KyIwYqs9DYbhcPX7Qs5/VV5seFB":{"registrationId":1042068140,"currentRatchet":{"ephemeralKeyPair":{"pubKey":"Bffg7+UaQR8zX2fGD18V7fmIi/Yxl1xwyRyPYe8QGj8P","privKey":"2CBKBFAIUJDKskDwJiTmI1dkrxjE3YqbOOmHN6e8130="},"lastRemoteEphemeralKey":"BdcmLYDGtLuVcFhVl36FVBjVbLLGkWKMkt7C4l9UFToT","previousCounter":0,"rootKey":"9YgP7x4iqL+GfB4+x9BnDwm3IHaOJHMxuNjXKVXUgUg="},"indexInfo":{"baseKey":"Bc7y/wykhILBlAAM6KyIwYqs9DYbhcPX7Qs5/VV5seFB","baseKeyType":1,"closed":1743259406981,"used":1743259406831,"created":1743259406831,"remoteIdentityKey":"BSXg00LUjLxI+sfZe+R2zCUkQzW3ZY3zrf4lQwMFvvhN"},"_chains":{"Bffg7+UaQR8zX2fGD18V7fmIi/Yxl1xwyRyPYe8QGj8P":{"chainKey":{"counter":-1,"key":"7xBIn1Plb1MiKg7fhksVtgVTEBI7g0ZW3XuRqy7JQVU="},"chainType":1,"messageKeys":{}}},"pendingPreKey":{"signedKeyId":0,"baseKey":"Bc7y/wykhILBlAAM6KyIwYqs9DYbhcPX7Qs5/VV5seFB","preKeyId":11252058}},"BeHysKhG1HY+C2RESZknMkakMalZpAfna5YPqQFJlBBx":{"registrationId":1042068140,"currentRatchet":{"ephemeralKeyPair":{"pubKey":"BS0q+JrPPFfjc0+Vo56Cj8taWA1qGctFu2xFqwDp9LlG","privKey":"eOOCiHHxzcQJRAO2G6/R0hj7Uy5j7z1eDjQ8bxsxnmQ="},"lastRemoteEphemeralKey":"BdcmLYDGtLuVcFhVl36FVBjVbLLGkWKMkt7C4l9UFToT","previousCounter":0,"rootKey":"2Av3hxCkTJA8d8+r56ycleMdKCSlCgNWoiVEUVtp/OU="},"indexInfo":{"baseKey":"BeHysKhG1HY+C2RESZknMkakMalZpAfna5YPqQFJlBBx","baseKeyType":1,"closed":1743259407120,"used":1743259406980,"created":1743259406980,"remoteIdentityKey":"BSXg00LUjLxI+sfZe+R2zCUkQzW3ZY3zrf4lQwMFvvhN"},"_chains":{"BS0q+JrPPFfjc0+Vo56Cj8taWA1qGctFu2xFqwDp9LlG":{"chainKey":{"counter":-1,"key":"AteSPL8ayubltT4d5w/3izSEM2fTsHF0eH6mmBygstE="},"chainType":1,"messageKeys":{}}},"pendingPreKey":{"signedKeyId":0,"baseKey":"BeHysKhG1HY+C2RESZknMkakMalZpAfna5YPqQFJlBBx","preKeyId":11252724}},"BVEVAdObGCLgZvz3RGqcfjK7mUTEkjVTOw2/xuk5apMK":{"registrationId":1042068140,"currentRatchet":{"ephemeralKeyPair":{"pubKey":"BV6TALmbHmMk61b+rGRPsL2ByntiVMgDYyReldwyOJt8","privKey":"mCoajoIUjjc1IduVAr8uOpUkEMU+uA+tMKOHx8mp8nA="},"lastRemoteEphemeralKey":"BdcmLYDGtLuVcFhVl36FVBjVbLLGkWKMkt7C4l9UFToT","previousCounter":0,"rootKey":"IYS2ECKlkr+QEKECTn+9ohfY3FS5iD1UU4UqnN9Ctuo="},"indexInfo":{"baseKey":"BVEVAdObGCLgZvz3RGqcfjK7mUTEkjVTOw2/xuk5apMK","baseKeyType":1,"closed":1743259407277,"used":1743259407119,"created":1743259407119,"remoteIdentityKey":"BSXg00LUjLxI+sfZe+R2zCUkQzW3ZY3zrf4lQwMFvvhN"},"_chains":{"BV6TALmbHmMk61b+rGRPsL2ByntiVMgDYyReldwyOJt8":{"chainKey":{"counter":-1,"key":"tvTJWF03SRq1G4bzlF8UtYlDpUK7Ia7m1xmaLg4RtzI="},"chainType":1,"messageKeys":{}}},"pendingPreKey":{"signedKeyId":0,"baseKey":"BVEVAdObGCLgZvz3RGqcfjK7mUTEkjVTOw2/xuk5apMK","preKeyId":11252098}},"BcffbCHqAVH0BFOO1ZbdhmN5dQzTWsr8C3LnMil8qtpY":{"registrationId":1042068140,"currentRatchet":{"ephemeralKeyPair":{"pubKey":"BbDLEPdHcKqiXZ2vDm6yaLfQ4n3gQLBHu/JJcgOxiY1G","privKey":"4EuOYQrQVLPsblN2XPQx8MBmAkH5AnPJSJrwdChDk2k="},"lastRemoteEphemeralKey":"BdcmLYDGtLuVcFhVl36FVBjVbLLGkWKMkt7C4l9UFToT","previousCounter":0,"rootKey":"bUo7v7fkkxL69KMpLNgPHiyJMNSxrDci5jBxeIVdPlg="},"indexInfo":{"baseKey":"BcffbCHqAVH0BFOO1ZbdhmN5dQzTWsr8C3LnMil8qtpY","baseKeyType":1,"closed":1743259407425,"used":1743259407274,"created":1743259407274,"remoteIdentityKey":"BSXg00LUjLxI+sfZe+R2zCUkQzW3ZY3zrf4lQwMFvvhN"},"_chains":{"BbDLEPdHcKqiXZ2vDm6yaLfQ4n3gQLBHu/JJcgOxiY1G":{"chainKey":{"counter":-1,"key":"Y1VRMuc08A9M+jt8iROD7yBGwr8BhndYRbykzWRWJ1s="},"chainType":1,"messageKeys":{}}},"pendingPreKey":{"signedKeyId":0,"baseKey":"BcffbCHqAVH0BFOO1ZbdhmN5dQzTWsr8C3LnMil8qtpY","preKeyId":11252085}},"BUddEXlSNZTz5Llib26EEwb2GSUe1Z3+OF66UFHccql0":{"registrationId":1042068140,"currentRatchet":{"ephemeralKeyPair":{"pubKey":"BYoTgn6GHAt5dMi1YKAmOw8VYmSn1Y6TCE7gOcp7McBh","privKey":"WPVwFNF+99JpssCEAkmNShGm+CCI0iddXT7tWtxcrUA="},"lastRemoteEphemeralKey":"BdcmLYDGtLuVcFhVl36FVBjVbLLGkWKMkt7C4l9UFToT","previousCounter":0,"rootKey":"bObc9eUvsYtJg1gTVfz5kOadUQmBX7dpVXz5ZqbDoO0="},"indexInfo":{"baseKey":"BUddEXlSNZTz5Llib26EEwb2GSUe1Z3+OF66UFHccql0","baseKeyType":1,"closed":1743259407558,"used":1743259407423,"created":1743259407423,"remoteIdentityKey":"BSXg00LUjLxI+sfZe+R2zCUkQzW3ZY3zrf4lQwMFvvhN"},"_chains":{"BYoTgn6GHAt5dMi1YKAmOw8VYmSn1Y6TCE7gOcp7McBh":{"chainKey":{"counter":-1,"key":"nNwBAOAYqArfGZ+D1VXHfdwlVwI5OxBJABwIroV2qVw="},"chainType":1,"messageKeys":{}}},"pendingPreKey":{"signedKeyId":0,"baseKey":"BUddEXlSNZTz5Llib26EEwb2GSUe1Z3+OF66UFHccql0","preKeyId":11252104}},"BULtaXne+49JHw6YOKhADeOBQwOzMCa8r3U5bwQ3QxBg":{"registrationId":1042068140,"currentRatchet":{"ephemeralKeyPair":{"pubKey":"BRII1DJ9AB4+RhJ/n9/HLT9mdKO793b9PlpdNaFa/w8D","privKey":"cE2w9T9E64l0MxrQSlW5iD5d/Tii+6v3/0GYCgV7OHE="},"lastRemoteEphemeralKey":"BdcmLYDGtLuVcFhVl36FVBjVbLLGkWKMkt7C4l9UFToT","previousCounter":0,"rootKey":"+4tSOBQcuqUMDQK/3pT0OOXsgy+f8nj7Tue7il90NNI="},"indexInfo":{"baseKey":"BULtaXne+49JHw6YOKhADeOBQwOzMCa8r3U5bwQ3QxBg","baseKeyType":1,"closed":1743259408328,"used":1743259407558,"created":1743259407558,"remoteIdentityKey":"BSXg00LUjLxI+sfZe+R2zCUkQzW3ZY3zrf4lQwMFvvhN"},"_chains":{"BRII1DJ9AB4+RhJ/n9/HLT9mdKO793b9PlpdNaFa/w8D":{"chainKey":{"counter":0,"key":"AxcQRpYvAf79tC62UedxmoaZiOPFxn3MieZsJubSXhc="},"chainType":1,"messageKeys":{}}},"pendingPreKey":{"signedKeyId":0,"baseKey":"BULtaXne+49JHw6YOKhADeOBQwOzMCa8r3U5bwQ3QxBg","preKeyId":11252051}},"BcT+jOF0/8x48dYBGdsDf6SkmyZ78o5xKUHSfo090Ag4":{"registrationId":1042068140,"currentRatchet":{"ephemeralKeyPair":{"pubKey":"Bc8qvxR/Iomisu6FX82Unn5G3NFvG2pcVkKJ8R8FVlF9","privKey":"yFzVADRa5QK4j+fFLcxjiedzFzPeBZUwv9vcUsyqjkY="},"lastRemoteEphemeralKey":"BdcmLYDGtLuVcFhVl36FVBjVbLLGkWKMkt7C4l9UFToT","previousCounter":0,"rootKey":"z1Zczt78xGSqdpU2lWj/0HxZ5NP6YkexNl5reWLpAPM="},"indexInfo":{"baseKey":"BcT+jOF0/8x48dYBGdsDf6SkmyZ78o5xKUHSfo090Ag4","baseKeyType":1,"closed":1743259408474,"used":1743259408327,"created":1743259408327,"remoteIdentityKey":"BSXg00LUjLxI+sfZe+R2zCUkQzW3ZY3zrf4lQwMFvvhN"},"_chains":{"Bc8qvxR/Iomisu6FX82Unn5G3NFvG2pcVkKJ8R8FVlF9":{"chainKey":{"counter":-1,"key":"qhaV7PaZh1o39iFeHEh8NwGuIEglSnuU7y3Ocu9isS4="},"chainType":1,"messageKeys":{}}},"pendingPreKey":{"signedKeyId":0,"baseKey":"BcT+jOF0/8x48dYBGdsDf6SkmyZ78o5xKUHSfo090Ag4","preKeyId":11252020}},"BesD4ONPovN6JxW/sgy62/3b8JFCVzXrL4vmy4Yu2B1F":{"registrationId":1042068140,"currentRatchet":{"ephemeralKeyPair":{"pubKey":"BU6ddx84tX9V/wybDEKJcQ8iHVvFZLBUvtSzFrjs6a1Q","privKey":"QKcmHwhL8yYv98UdHqyumwDOUII05XfwFj47i1U3kls="},"lastRemoteEphemeralKey":"BdcmLYDGtLuVcFhVl36FVBjVbLLGkWKMkt7C4l9UFToT","previousCounter":0,"rootKey":"dvOx94pNqi5dPkW9VU6+x4bdtEZRBRk2O1zHdBdTZ00="},"indexInfo":{"baseKey":"BesD4ONPovN6JxW/sgy62/3b8JFCVzXrL4vmy4Yu2B1F","baseKeyType":1,"closed":1743259408609,"used":1743259408473,"created":1743259408472,"remoteIdentityKey":"BSXg00LUjLxI+sfZe+R2zCUkQzW3ZY3zrf4lQwMFvvhN"},"_chains":{"BU6ddx84tX9V/wybDEKJcQ8iHVvFZLBUvtSzFrjs6a1Q":{"chainKey":{"counter":-1,"key":"+/VKaA1zUZWMXAJqxx40+T7D2qT05UR9EfQxNcONfFg="},"chainType":1,"messageKeys":{}}},"pendingPreKey":{"signedKeyId":0,"baseKey":"BesD4ONPovN6JxW/sgy62/3b8JFCVzXrL4vmy4Yu2B1F","preKeyId":11252785}},"Bb9Phj5qu4/qfnFwdOmGiYBLKjs+HBndNlIpgk2u38xB":{"registrationId":1042068140,"currentRatchet":{"ephemeralKeyPair":{"pubKey":"BZ92ZGOCKcqFk0+aD5Qk6u9nH+G2FFSjuxXquLxQwihj","privKey":"8P6ISdQY+RJKeRsgHzAEFV5zY8Ox8X51SrFb1vXyR1U="},"lastRemoteEphemeralKey":"BdcmLYDGtLuVcFhVl36FVBjVbLLGkWKMkt7C4l9UFToT","previousCounter":0,"rootKey":"GWUYJ1PnQY1nNsMFE89lyiGIdqMTa0Uxjv2jFx7I3J8="},"indexInfo":{"baseKey":"Bb9Phj5qu4/qfnFwdOmGiYBLKjs+HBndNlIpgk2u38xB","baseKeyType":1,"closed":1743259408739,"used":1743259408609,"created":1743259408609,"remoteIdentityKey":"BSXg00LUjLxI+sfZe+R2zCUkQzW3ZY3zrf4lQwMFvvhN"},"_chains":{"BZ92ZGOCKcqFk0+aD5Qk6u9nH+G2FFSjuxXquLxQwihj":{"chainKey":{"counter":-1,"key":"MT0qkfJLl+7/xxkOTCxWfcWmqr6ddXb0mEAVU6JfBzs="},"chainType":1,"messageKeys":{}}},"pendingPreKey":{"signedKeyId":0,"baseKey":"Bb9Phj5qu4/qfnFwdOmGiYBLKjs+HBndNlIpgk2u38xB","preKeyId":11252095}},"BepQIVwsTvocJfzgo8/Oph264UDJkAVqpydE9K8rwd9y":{"registrationId":1042068140,"currentRatchet":{"ephemeralKeyPair":{"pubKey":"BaL5rzN2TdywHSuv3A5DEushKRqFaNKaofCDRVB+lPov","privKey":"GMeyLTNXAemGAsoVJJBoepWCmwMSgLPPCxSObgODsE8="},"lastRemoteEphemeralKey":"BdcmLYDGtLuVcFhVl36FVBjVbLLGkWKMkt7C4l9UFToT","previousCounter":0,"rootKey":"t8L7Hxb+EhIfPn9qp3VxIOj+LpbIywXF8q+NLfOOiOo="},"indexInfo":{"baseKey":"BepQIVwsTvocJfzgo8/Oph264UDJkAVqpydE9K8rwd9y","baseKeyType":1,"closed":1743259408890,"used":1743259408738,"created":1743259408738,"remoteIdentityKey":"BSXg00LUjLxI+sfZe+R2zCUkQzW3ZY3zrf4lQwMFvvhN"},"_chains":{"BaL5rzN2TdywHSuv3A5DEushKRqFaNKaofCDRVB+lPov":{"chainKey":{"counter":-1,"key":"sgryZtiM7ImXLWtE9tgLFqhZOjQXpQzreVzqV1pAxtg="},"chainType":1,"messageKeys":{}}},"pendingPreKey":{"signedKeyId":0,"baseKey":"BepQIVwsTvocJfzgo8/Oph264UDJkAVqpydE9K8rwd9y","preKeyId":11252757}},"BQTSGgyCZLtuzReoSSMk9ZJEfgYk55dTn2nyOcjWFkwo":{"registrationId":1042068140,"currentRatchet":{"ephemeralKeyPair":{"pubKey":"BXnYg6ShBJJMYIGt21TjQqOzAj6GduTKzKYRq/wUysBl","privKey":"oAIM77J4jTIzZ/9e/Eg8r8VKO2WKnMM1l8naO20PD2Y="},"lastRemoteEphemeralKey":"BdcmLYDGtLuVcFhVl36FVBjVbLLGkWKMkt7C4l9UFToT","previousCounter":0,"rootKey":"803CRs9hkSGotrE9To6G/md25hDlP3icAjsNSXUuZg0="},"indexInfo":{"baseKey":"BQTSGgyCZLtuzReoSSMk9ZJEfgYk55dTn2nyOcjWFkwo","baseKeyType":1,"closed":1743259409022,"used":1743259408888,"created":1743259408888,"remoteIdentityKey":"BSXg00LUjLxI+sfZe+R2zCUkQzW3ZY3zrf4lQwMFvvhN"},"_chains":{"BXnYg6ShBJJMYIGt21TjQqOzAj6GduTKzKYRq/wUysBl":{"chainKey":{"counter":-1,"key":"WTz89HhMjYQjSW65CWvUoukT5mAv6MPy4H3rflKcI+I="},"chainType":1,"messageKeys":{}}},"pendingPreKey":{"signedKeyId":0,"baseKey":"BQTSGgyCZLtuzReoSSMk9ZJEfgYk55dTn2nyOcjWFkwo","preKeyId":11252677}},"BeIR0pOXDdDyMo0TNU3eizjcbv/DGNQJBRCCDiSoZjtV":{"registrationId":1042068140,"currentRatchet":{"ephemeralKeyPair":{"pubKey":"BWWDvzLtdK9FlrdK8ryuL+kQrDpVStMoVxW4raERZtps","privKey":"CAOCzGCVmYN6eh4W3k+7J/gA0VnCLsBEOA0XVGE/r2A="},"lastRemoteEphemeralKey":"BdcmLYDGtLuVcFhVl36FVBjVbLLGkWKMkt7C4l9UFToT","previousCounter":0,"rootKey":"tXuKHBhTqzlXJKZ+UmEj5ywjbiyyogjvOxTailQsHl0="},"indexInfo":{"baseKey":"BeIR0pOXDdDyMo0TNU3eizjcbv/DGNQJBRCCDiSoZjtV","baseKeyType":1,"closed":1743259409160,"used":1743259409021,"created":1743259409021,"remoteIdentityKey":"BSXg00LUjLxI+sfZe+R2zCUkQzW3ZY3zrf4lQwMFvvhN"},"_chains":{"BWWDvzLtdK9FlrdK8ryuL+kQrDpVStMoVxW4raERZtps":{"chainKey":{"counter":-1,"key":"zn9BVREIJ5Z+pComzuzDqqJasCH8LmzlStZth37AkFo="},"chainType":1,"messageKeys":{}}},"pendingPreKey":{"signedKeyId":0,"baseKey":"BeIR0pOXDdDyMo0TNU3eizjcbv/DGNQJBRCCDiSoZjtV","preKeyId":11252021}},"Beqqi00vBIvrqbratN7hKELPkQDtSDyI9qGlxSuwjfcx":{"registrationId":1042068140,"currentRatchet":{"ephemeralKeyPair":{"pubKey":"Baiy2JOhs7CNbDWBSRqHK+GmTNvbuphCZdi1Lf/Rl9gK","privKey":"qFUEBnkP9Z9na5CH5JY2Bwl0vRSfd68iP6dNON8PQEc="},"lastRemoteEphemeralKey":"BdcmLYDGtLuVcFhVl36FVBjVbLLGkWKMkt7C4l9UFToT","previousCounter":0,"rootKey":"38rYETPtou1Mf0eG5OiPuP2vyM5cE5BsjZGcdYdo7wE="},"indexInfo":{"baseKey":"Beqqi00vBIvrqbratN7hKELPkQDtSDyI9qGlxSuwjfcx","baseKeyType":1,"closed":1743259409288,"used":1743259409159,"created":1743259409159,"remoteIdentityKey":"BSXg00LUjLxI+sfZe+R2zCUkQzW3ZY3zrf4lQwMFvvhN"},"_chains":{"Baiy2JOhs7CNbDWBSRqHK+GmTNvbuphCZdi1Lf/Rl9gK":{"chainKey":{"counter":-1,"key":"lmxFmnxVhaOmL4qG3QuOMwAWyYzsalHYGRFrC4HYWoY="},"chainType":1,"messageKeys":{}}},"pendingPreKey":{"signedKeyId":0,"baseKey":"Beqqi00vBIvrqbratN7hKELPkQDtSDyI9qGlxSuwjfcx","preKeyId":11252733}},"BQDTxfSwo3M037Rtn2D5ZdYJq96Hl1PcvRDV/t3IEpNp":{"registrationId":1042068140,"currentRatchet":{"ephemeralKeyPair":{"pubKey":"BbBoqMFyVWOj4nRwCnx9W+oW/XW73Tf6m5Fy95dvm95r","privKey":"gOIhe5MU6dRDjRcGt3u4z1G6siBibzfHBEBBClVCiFo="},"lastRemoteEphemeralKey":"BdcmLYDGtLuVcFhVl36FVBjVbLLGkWKMkt7C4l9UFToT","previousCounter":0,"rootKey":"h6sbcrDDwC31lmxm0l/6N96SfQsdTEY73uJAjAGflA4="},"indexInfo":{"baseKey":"BQDTxfSwo3M037Rtn2D5ZdYJq96Hl1PcvRDV/t3IEpNp","baseKeyType":1,"closed":1743259409454,"used":1743259409287,"created":1743259409287,"remoteIdentityKey":"BSXg00LUjLxI+sfZe+R2zCUkQzW3ZY3zrf4lQwMFvvhN"},"_chains":{"BbBoqMFyVWOj4nRwCnx9W+oW/XW73Tf6m5Fy95dvm95r":{"chainKey":{"counter":-1,"key":"kwJAy3wtx5eCRls+CCfttP2UxIXhCUrvo55jkkdjhX8="},"chainType":1,"messageKeys":{}}},"pendingPreKey":{"signedKeyId":0,"baseKey":"BQDTxfSwo3M037Rtn2D5ZdYJq96Hl1PcvRDV/t3IEpNp","preKeyId":11252746}},"BUIiHMLBFOsVIjfrFnMrtxvYJ5sr7BwtWL41WHy3G5V7":{"registrationId":1042068140,"currentRatchet":{"ephemeralKeyPair":{"pubKey":"BWCHbVLXfPE4s/vj3dBAxRAUZWxPDKqj2rvKLr7zDdkg","privKey":"iLUYYHH4pH8LmFxbq9EPNxF38LxvQzgV1p4lj6+up2g="},"lastRemoteEphemeralKey":"BdcmLYDGtLuVcFhVl36FVBjVbLLGkWKMkt7C4l9UFToT","previousCounter":0,"rootKey":"llDIcBGzOokT9XEai1osMNxxp7eGSaVxrkh/1xNVaFo="},"indexInfo":{"baseKey":"BUIiHMLBFOsVIjfrFnMrtxvYJ5sr7BwtWL41WHy3G5V7","baseKeyType":1,"closed":1743259409583,"used":1743259409452,"created":1743259409452,"remoteIdentityKey":"BSXg00LUjLxI+sfZe+R2zCUkQzW3ZY3zrf4lQwMFvvhN"},"_chains":{"BWCHbVLXfPE4s/vj3dBAxRAUZWxPDKqj2rvKLr7zDdkg":{"chainKey":{"counter":-1,"key":"jYwUx6jE/2rtqZ0Q9CHOB4F+J8eBNL2k4CbXFq8n05c="},"chainType":1,"messageKeys":{}}},"pendingPreKey":{"signedKeyId":0,"baseKey":"BUIiHMLBFOsVIjfrFnMrtxvYJ5sr7BwtWL41WHy3G5V7","preKeyId":11252803}},"BbBZi0LcTvaz8jfDKD+c7Jsvr+NJ+tD9vWyFr8fJ9AA9":{"registrationId":1042068140,"currentRatchet":{"ephemeralKeyPair":{"pubKey":"BQgKXaEbuMuvkyycfXNp5jcJ5du+jyCyIqX/wMIBr9k9","privKey":"eMLxxXE1E3YdGKFr7P6s+/4GmiKwaThpKuBdgTC3bHA="},"lastRemoteEphemeralKey":"BdcmLYDGtLuVcFhVl36FVBjVbLLGkWKMkt7C4l9UFToT","previousCounter":0,"rootKey":"yAWjLuRMwhLL6GUgOY77UIkCXolM2EVLwlpvZ7PaxuY="},"indexInfo":{"baseKey":"BbBZi0LcTvaz8jfDKD+c7Jsvr+NJ+tD9vWyFr8fJ9AA9","baseKeyType":1,"closed":1743259410015,"used":1743259409582,"created":1743259409582,"remoteIdentityKey":"BSXg00LUjLxI+sfZe+R2zCUkQzW3ZY3zrf4lQwMFvvhN"},"_chains":{"BQgKXaEbuMuvkyycfXNp5jcJ5du+jyCyIqX/wMIBr9k9":{"chainKey":{"counter":0,"key":"4o/fkzkmYzcUTu1dRTy9a77RLHZwmrRORDJXaukD5hY="},"chainType":1,"messageKeys":{}}},"pendingPreKey":{"signedKeyId":0,"baseKey":"BbBZi0LcTvaz8jfDKD+c7Jsvr+NJ+tD9vWyFr8fJ9AA9","preKeyId":11252039}},"BRBjAJgaYxTCSda5N/i6RLgqPIK0Lv5ViluiH1wSzX8o":{"registrationId":1042068140,"currentRatchet":{"ephemeralKeyPair":{"pubKey":"BdcHhQ3KDaQW8ytGIATtCyXd7hXTHZeGXQl3cEuQ3YVh","privKey":"sJxSq9bpV1sNI8CcIV4dqsVenVWIZ/G7IG58YpYo/mk="},"lastRemoteEphemeralKey":"BdcmLYDGtLuVcFhVl36FVBjVbLLGkWKMkt7C4l9UFToT","previousCounter":0,"rootKey":"pk9GMafMSSi5ugO36RRqPFUKVilxVRt3FwukrKbGF3Q="},"indexInfo":{"baseKey":"BRBjAJgaYxTCSda5N/i6RLgqPIK0Lv5ViluiH1wSzX8o","baseKeyType":1,"closed":1743259410155,"used":1743259410014,"created":1743259410014,"remoteIdentityKey":"BSXg00LUjLxI+sfZe+R2zCUkQzW3ZY3zrf4lQwMFvvhN"},"_chains":{"BdcHhQ3KDaQW8ytGIATtCyXd7hXTHZeGXQl3cEuQ3YVh":{"chainKey":{"counter":-1,"key":"Scm0ob34aZZtJOp1g2rfqH0CfnqN3KHcRVLX2Ich1W8="},"chainType":1,"messageKeys":{}}},"pendingPreKey":{"signedKeyId":0,"baseKey":"BRBjAJgaYxTCSda5N/i6RLgqPIK0Lv5ViluiH1wSzX8o","preKeyId":11252749}},"BfU58V0cRbUHBW98H57vlnr5qAyseNZiL1E0L7g2K5gY":{"registrationId":1042068140,"currentRatchet":{"ephemeralKeyPair":{"pubKey":"BRUPlfpFvlbRAtXJ8zBT+He7Dn2CmRLYiB6JHTsPPw8p","privKey":"mFrqvjh5kWQ/g1cacClf7p7zKau3xIImTXDkAtlOLm8="},"lastRemoteEphemeralKey":"BdcmLYDGtLuVcFhVl36FVBjVbLLGkWKMkt7C4l9UFToT","previousCounter":0,"rootKey":"bVMT39lR+JDFUlDZNxoqfYCmzy6z4nBAmBc13nHXspk="},"indexInfo":{"baseKey":"BfU58V0cRbUHBW98H57vlnr5qAyseNZiL1E0L7g2K5gY","baseKeyType":1,"closed":1743259410379,"used":1743259410154,"created":1743259410154,"remoteIdentityKey":"BSXg00LUjLxI+sfZe+R2zCUkQzW3ZY3zrf4lQwMFvvhN"},"_chains":{"BRUPlfpFvlbRAtXJ8zBT+He7Dn2CmRLYiB6JHTsPPw8p":{"chainKey":{"counter":-1,"key":"BZdZMSFqj+mRvg66TDkxT2JooRgii6G31CVfBxQGV9I="},"chainType":1,"messageKeys":{}}},"pendingPreKey":{"signedKeyId":0,"baseKey":"BfU58V0cRbUHBW98H57vlnr5qAyseNZiL1E0L7g2K5gY","preKeyId":11252726}},"BXtj3x0PZAbG3ENB87zaYRim4fl+5z0k0DinXp3tpCND":{"registrationId":1042068140,"currentRatchet":{"ephemeralKeyPair":{"pubKey":"BZxcf4IlH88nLh0OxTJnzfoPj4puHKMBz53rVmD4vURG","privKey":"CE5Ibaq+NVaUkanVHOmaUsy8CQYLX17CIketZ59rtEs="},"lastRemoteEphemeralKey":"BdcmLYDGtLuVcFhVl36FVBjVbLLGkWKMkt7C4l9UFToT","previousCounter":0,"rootKey":"UgoY8htkBs7ZfyFXGt2r6CAli9BprAo5fkgomXlPKV4="},"indexInfo":{"baseKey":"BXtj3x0PZAbG3ENB87zaYRim4fl+5z0k0DinXp3tpCND","baseKeyType":1,"closed":1743259410529,"used":1743259410378,"created":1743259410378,"remoteIdentityKey":"BSXg00LUjLxI+sfZe+R2zCUkQzW3ZY3zrf4lQwMFvvhN"},"_chains":{"BZxcf4IlH88nLh0OxTJnzfoPj4puHKMBz53rVmD4vURG":{"chainKey":{"counter":-1,"key":"Zbo0wQB/zffLUOCi4wkXuuH5N7ZY4Uyyk41Ut18E9w8="},"chainType":1,"messageKeys":{}}},"pendingPreKey":{"signedKeyId":0,"baseKey":"BXtj3x0PZAbG3ENB87zaYRim4fl+5z0k0DinXp3tpCND","preKeyId":11252027}},"BS0ZrN+p+eOlgOKYJxgZOHHF5nTLKVFQ6dtmTKKz5gdX":{"registrationId":1042068140,"currentRatchet":{"ephemeralKeyPair":{"pubKey":"BWQBy6lqmPiBV/Qk6sUPMUUmPQQqqDjXcfhbDbgKsmoA","privKey":"GEZZTlytPcxROuw4NYMsaqC9i4nisqwcIik7xsZsW2I="},"lastRemoteEphemeralKey":"BdcmLYDGtLuVcFhVl36FVBjVbLLGkWKMkt7C4l9UFToT","previousCounter":0,"rootKey":"/FwzXExpK3IKOHYoC+g4JVPr368IT1VETbjIskazSZQ="},"indexInfo":{"baseKey":"BS0ZrN+p+eOlgOKYJxgZOHHF5nTLKVFQ6dtmTKKz5gdX","baseKeyType":1,"closed":1743259410669,"used":1743259410528,"created":1743259410528,"remoteIdentityKey":"BSXg00LUjLxI+sfZe+R2zCUkQzW3ZY3zrf4lQwMFvvhN"},"_chains":{"BWQBy6lqmPiBV/Qk6sUPMUUmPQQqqDjXcfhbDbgKsmoA":{"chainKey":{"counter":-1,"key":"vX2GH0Zv56vxzGyIXk11zoD8EUiRLUFjGUcVKuQc2TI="},"chainType":1,"messageKeys":{}}},"pendingPreKey":{"signedKeyId":0,"baseKey":"BS0ZrN+p+eOlgOKYJxgZOHHF5nTLKVFQ6dtmTKKz5gdX","preKeyId":11252702}},"BRnsBOpFt/1MMX9+mksZy3p6I4zMS+WJp+f0BpAG/yFh":{"registrationId":1042068140,"currentRatchet":{"ephemeralKeyPair":{"pubKey":"BfF8R+oBKyRhO6v/31mOy6KYbthXiU41UxLh6JE7BA4s","privKey":"cPbZoyWvqfILvkvjG37YA4xjhvbSmFrmvapqPOAHbFg="},"lastRemoteEphemeralKey":"BdcmLYDGtLuVcFhVl36FVBjVbLLGkWKMkt7C4l9UFToT","previousCounter":0,"rootKey":"L6PB2wInYrFKZB4pStw0VKPswgZJ3pdpHvI6zvmJ1Lk="},"indexInfo":{"baseKey":"BRnsBOpFt/1MMX9+mksZy3p6I4zMS+WJp+f0BpAG/yFh","baseKeyType":1,"closed":1743259410795,"used":1743259410668,"created":1743259410668,"remoteIdentityKey":"BSXg00LUjLxI+sfZe+R2zCUkQzW3ZY3zrf4lQwMFvvhN"},"_chains":{"BfF8R+oBKyRhO6v/31mOy6KYbthXiU41UxLh6JE7BA4s":{"chainKey":{"counter":-1,"key":"w23e0EESTY/KhmAZ4rflPyQvXJ1bUa7THcYoDjynKAw="},"chainType":1,"messageKeys":{}}},"pendingPreKey":{"signedKeyId":0,"baseKey":"BRnsBOpFt/1MMX9+mksZy3p6I4zMS+WJp+f0BpAG/yFh","preKeyId":11252130}},"BcgUlfTjae1BPpqoSWFqSQUv+4ZdeTWVsxniuiw+oJlv":{"registrationId":1042068140,"currentRatchet":{"ephemeralKeyPair":{"pubKey":"BRrNbSwMzyT6mNNBznUcjQ29/K4xqYmKIvs3uTnhxud9","privKey":"YLIVXUUEKkerKqQv6tuIX0sOzX8UYhjXq3XmN4KGekU="},"lastRemoteEphemeralKey":"BdcmLYDGtLuVcFhVl36FVBjVbLLGkWKMkt7C4l9UFToT","previousCounter":0,"rootKey":"wlTwpAm+crfTUbnlabcw61l530niSh26xd+zzea/iCk="},"indexInfo":{"baseKey":"BcgUlfTjae1BPpqoSWFqSQUv+4ZdeTWVsxniuiw+oJlv","baseKeyType":1,"closed":1743259410933,"used":1743259410794,"created":1743259410794,"remoteIdentityKey":"BSXg00LUjLxI+sfZe+R2zCUkQzW3ZY3zrf4lQwMFvvhN"},"_chains":{"BRrNbSwMzyT6mNNBznUcjQ29/K4xqYmKIvs3uTnhxud9":{"chainKey":{"counter":-1,"key":"BDfgt7T65BM4SX5xfnBcUaHD6w7s6/7ZT/DiKGxw64s="},"chainType":1,"messageKeys":{}}},"pendingPreKey":{"signedKeyId":0,"baseKey":"BcgUlfTjae1BPpqoSWFqSQUv+4ZdeTWVsxniuiw+oJlv","preKeyId":11252011}},"BYroFlKbx28UZku1qkDqTlJRogq/4opm802ab3CKy+Ej":{"registrationId":1042068140,"currentRatchet":{"ephemeralKeyPair":{"pubKey":"BaU4HtK6H6/wCoEGOcKnKNTIbu+DNqqTWN1nriVER/0d","privKey":"mJWYdnXRSvS6XHz3qO+PvRnrak0z4hQ5eIxhFjwifGc="},"lastRemoteEphemeralKey":"BdcmLYDGtLuVcFhVl36FVBjVbLLGkWKMkt7C4l9UFToT","previousCounter":0,"rootKey":"QUTinF5x30ITNFWY1JqgyUP+03jRiG/FSzY76JfVgHU="},"indexInfo":{"baseKey":"BYroFlKbx28UZku1qkDqTlJRogq/4opm802ab3CKy+Ej","baseKeyType":1,"closed":1743259411064,"used":1743259410932,"created":1743259410932,"remoteIdentityKey":"BSXg00LUjLxI+sfZe+R2zCUkQzW3ZY3zrf4lQwMFvvhN"},"_chains":{"BaU4HtK6H6/wCoEGOcKnKNTIbu+DNqqTWN1nriVER/0d":{"chainKey":{"counter":-1,"key":"/An2nIdx3cANslxmtAR+wBuS+51QHo1JxJmKxVdPHFc="},"chainType":1,"messageKeys":{}}},"pendingPreKey":{"signedKeyId":0,"baseKey":"BYroFlKbx28UZku1qkDqTlJRogq/4opm802ab3CKy+Ej","preKeyId":11252686}},"BX5YyGv87sNrpot3N9UtLWurhiM21uIEXU66ecgPWh05":{"registrationId":1042068140,"currentRatchet":{"ephemeralKeyPair":{"pubKey":"BdR2GKvZQ+b7OUv55P9Hu0XAgf27SYC+cycOMqrp09NW","privKey":"2PFAJ3Ut13vAcqLgD0y+hXTcufZy1Pv3MSrsl4XgvUc="},"lastRemoteEphemeralKey":"BdcmLYDGtLuVcFhVl36FVBjVbLLGkWKMkt7C4l9UFToT","previousCounter":0,"rootKey":"hEoCK4QdWB0uiEZ+79J1x37LJDExPLxlS1mCvemBuCc="},"indexInfo":{"baseKey":"BX5YyGv87sNrpot3N9UtLWurhiM21uIEXU66ecgPWh05","baseKeyType":1,"closed":1743259411201,"used":1743259411063,"created":1743259411063,"remoteIdentityKey":"BSXg00LUjLxI+sfZe+R2zCUkQzW3ZY3zrf4lQwMFvvhN"},"_chains":{"BdR2GKvZQ+b7OUv55P9Hu0XAgf27SYC+cycOMqrp09NW":{"chainKey":{"counter":-1,"key":"5AZjaVF8iWM4tF3JBUvwMj5oogEemyJjr7SIPTit02I="},"chainType":1,"messageKeys":{}}},"pendingPreKey":{"signedKeyId":0,"baseKey":"BX5YyGv87sNrpot3N9UtLWurhiM21uIEXU66ecgPWh05","preKeyId":11252054}},"BT2ClJnMa18RovW1W/I0GPLxkyQHv0wRleR3E9twHGJX":{"registrationId":1042068140,"currentRatchet":{"ephemeralKeyPair":{"pubKey":"BWiw4dG3HrykJeKaVGHS0Rl/mkNmwMrsi4NWbU0m6WJk","privKey":"ILp0kXDjajxI9rD8v4VCIJETJ1feWHBwsDd/Ine611o="},"lastRemoteEphemeralKey":"BdcmLYDGtLuVcFhVl36FVBjVbLLGkWKMkt7C4l9UFToT","previousCounter":0,"rootKey":"pkkfkpQXfn+fxTjPqhVAMNC3MyG+QuTU8I0NzxZT4MA="},"indexInfo":{"baseKey":"BT2ClJnMa18RovW1W/I0GPLxkyQHv0wRleR3E9twHGJX","baseKeyType":1,"closed":1743259411341,"used":1743259411197,"created":1743259411197,"remoteIdentityKey":"BSXg00LUjLxI+sfZe+R2zCUkQzW3ZY3zrf4lQwMFvvhN"},"_chains":{"BWiw4dG3HrykJeKaVGHS0Rl/mkNmwMrsi4NWbU0m6WJk":{"chainKey":{"counter":-1,"key":"tYj4c21HIQ0Xg7+2hO8Lq4kEPCaINcGgsh1tUCrXwnU="},"chainType":1,"messageKeys":{}}},"pendingPreKey":{"signedKeyId":0,"baseKey":"BT2ClJnMa18RovW1W/I0GPLxkyQHv0wRleR3E9twHGJX","preKeyId":11252674}},"BWtmjV5AQhoOCLPm0xk+fVgBNGxIC0TjIOB8sPkMsE8e":{"registrationId":1042068140,"currentRatchet":{"ephemeralKeyPair":{"pubKey":"BRV93dwYNrsi5JEiEAOWoJgdpVYrjq5gkuoeUa+IoFc0","privKey":"sAk3nC4jFnXvoeg6Cm5L5Cy4pomNHw5Z5ZmzWQboqUg="},"lastRemoteEphemeralKey":"BdcmLYDGtLuVcFhVl36FVBjVbLLGkWKMkt7C4l9UFToT","previousCounter":0,"rootKey":"+vR3RZFby0Xlo994yFWzCOwOzRUUpwP+mrWIV5enz5E="},"indexInfo":{"baseKey":"BWtmjV5AQhoOCLPm0xk+fVgBNGxIC0TjIOB8sPkMsE8e","baseKeyType":1,"closed":1743259411488,"used":1743259411341,"created":1743259411341,"remoteIdentityKey":"BSXg00LUjLxI+sfZe+R2zCUkQzW3ZY3zrf4lQwMFvvhN"},"_chains":{"BRV93dwYNrsi5JEiEAOWoJgdpVYrjq5gkuoeUa+IoFc0":{"chainKey":{"counter":-1,"key":"vV+f2+ly4NNYORi4eZJ0Ne3tnJmqEsfqnrtRmD7IoBM="},"chainType":1,"messageKeys":{}}},"pendingPreKey":{"signedKeyId":0,"baseKey":"BWtmjV5AQhoOCLPm0xk+fVgBNGxIC0TjIOB8sPkMsE8e","preKeyId":11252096}},"BRBXbpVXJPZebr1gbuLcpA5AIQ+fuR57i+M+gZCGWOZq":{"registrationId":1042068140,"currentRatchet":{"ephemeralKeyPair":{"pubKey":"BTUBb8PTa0KQmknBI46mmai3Eu0tPcKGTYCpsMGcU8xV","privKey":"WLWu+MYz51SmHEdhCKCpnxqHcvvBMbH69fvbw4T0AkE="},"lastRemoteEphemeralKey":"BdcmLYDGtLuVcFhVl36FVBjVbLLGkWKMkt7C4l9UFToT","previousCounter":0,"rootKey":"g7VJbIWXpDX80BIPAYwChT2pASGCbluSLGMBtpegkMw="},"indexInfo":{"baseKey":"BRBXbpVXJPZebr1gbuLcpA5AIQ+fuR57i+M+gZCGWOZq","baseKeyType":1,"closed":1743259412064,"used":1743259411478,"created":1743259411478,"remoteIdentityKey":"BSXg00LUjLxI+sfZe+R2zCUkQzW3ZY3zrf4lQwMFvvhN"},"_chains":{"BTUBb8PTa0KQmknBI46mmai3Eu0tPcKGTYCpsMGcU8xV":{"chainKey":{"counter":0,"key":"xF5aFdaRVVr0mpV+P0Vd6hMtuFX3MRKuKa/Fivm1CSY="},"chainType":1,"messageKeys":{}}},"pendingPreKey":{"signedKeyId":0,"baseKey":"BRBXbpVXJPZebr1gbuLcpA5AIQ+fuR57i+M+gZCGWOZq","preKeyId":11252750}},"BSmclTKew9jYsQbfw5Zp+0BRYw8nxeK2qFpitv38GfI6":{"registrationId":1042068140,"currentRatchet":{"ephemeralKeyPair":{"pubKey":"BRBvUS+KRIr3FjlbORGT4qWeysVM3nL/ckWKlAcnRngP","privKey":"ACKpsqYNCsQcy2TKDkrPzCGRY6z483CHoGY3P1W6LkA="},"lastRemoteEphemeralKey":"BdcmLYDGtLuVcFhVl36FVBjVbLLGkWKMkt7C4l9UFToT","previousCounter":0,"rootKey":"BCDpGq7u6I3UNq7dGNpOjaFKd/kZq6jFZRLCpAu9LYE="},"indexInfo":{"baseKey":"BSmclTKew9jYsQbfw5Zp+0BRYw8nxeK2qFpitv38GfI6","baseKeyType":1,"closed":1743259412431,"used":1743259412062,"created":1743259412062,"remoteIdentityKey":"BSXg00LUjLxI+sfZe+R2zCUkQzW3ZY3zrf4lQwMFvvhN"},"_chains":{"BRBvUS+KRIr3FjlbORGT4qWeysVM3nL/ckWKlAcnRngP":{"chainKey":{"counter":-1,"key":"0DgzC7GWLQ901ezU+UTIimgOPaRk6QZKuj6d0Sra6N8="},"chainType":1,"messageKeys":{}}},"pendingPreKey":{"signedKeyId":0,"baseKey":"BSmclTKew9jYsQbfw5Zp+0BRYw8nxeK2qFpitv38GfI6","preKeyId":11252023}},"BQQJ28RZVtXPFx+gv1sIzVrhiPnRYb8f0//ZtQvTboR0":{"registrationId":1042068140,"currentRatchet":{"ephemeralKeyPair":{"pubKey":"BSUyMCuis7pL5sTddWh+AEF3KFAWcfsj3/PIIo8x3hgi","privKey":"aJsYM4D38eQ6ax5E5vbft6Q8ZYVNgWh2ib25BHLgZEg="},"lastRemoteEphemeralKey":"BdcmLYDGtLuVcFhVl36FVBjVbLLGkWKMkt7C4l9UFToT","previousCounter":0,"rootKey":"ohJFFz7DeiCsUlvN34GBl/wBCBfNnoe2b9qVW7xwzzM="},"indexInfo":{"baseKey":"BQQJ28RZVtXPFx+gv1sIzVrhiPnRYb8f0//ZtQvTboR0","baseKeyType":1,"closed":1743259412564,"used":1743259412430,"created":1743259412430,"remoteIdentityKey":"BSXg00LUjLxI+sfZe+R2zCUkQzW3ZY3zrf4lQwMFvvhN"},"_chains":{"BSUyMCuis7pL5sTddWh+AEF3KFAWcfsj3/PIIo8x3hgi":{"chainKey":{"counter":-1,"key":"CKx//WDkexpe4PQaxps2oXWY1Mx/u7s/2zTM8mWB5Y8="},"chainType":1,"messageKeys":{}}},"pendingPreKey":{"signedKeyId":0,"baseKey":"BQQJ28RZVtXPFx+gv1sIzVrhiPnRYb8f0//ZtQvTboR0","preKeyId":11252078}},"BboeuBlmbPURhX9XIH0n1BKLz9qi04XzYef8+mHOFX1M":{"registrationId":1042068140,"currentRatchet":{"ephemeralKeyPair":{"pubKey":"BZRBD1TAU4/PxDeunejHNIyWfmJr9e2ajk91wQPZKtZz","privKey":"GNiRGm0ybFvHoxK3186rI4cNWi5bJ6OobMHTzBKPeWE="},"lastRemoteEphemeralKey":"BdcmLYDGtLuVcFhVl36FVBjVbLLGkWKMkt7C4l9UFToT","previousCounter":0,"rootKey":"7TVuvYFSufX4Lcs1EQnT21Ju5OHYNjkMCtNrVQcsqWY="},"indexInfo":{"baseKey":"BboeuBlmbPURhX9XIH0n1BKLz9qi04XzYef8+mHOFX1M","baseKeyType":1,"closed":1743259412710,"used":1743259412563,"created":1743259412563,"remoteIdentityKey":"BSXg00LUjLxI+sfZe+R2zCUkQzW3ZY3zrf4lQwMFvvhN"},"_chains":{"BZRBD1TAU4/PxDeunejHNIyWfmJr9e2ajk91wQPZKtZz":{"chainKey":{"counter":-1,"key":"XaxgxowW9A3xAKqBFnymcxec7odzt9voI88EPzeeBOE="},"chainType":1,"messageKeys":{}}},"pendingPreKey":{"signedKeyId":0,"baseKey":"BboeuBlmbPURhX9XIH0n1BKLz9qi04XzYef8+mHOFX1M","preKeyId":11252670}},"BQQod+tiB4zB3M5zPlwHis/WfkKSAn3J2A6O60sQOKAN":{"registrationId":1042068140,"currentRatchet":{"ephemeralKeyPair":{"pubKey":"BacgNbSuRgfr+2/wg0kFDeJtp5gfCzEOVUr5IPTkca84","privKey":"0NAnVJz+Qkj+e5diYeM5Ir5fJjdvvREuAtXbYet961c="},"lastRemoteEphemeralKey":"BdcmLYDGtLuVcFhVl36FVBjVbLLGkWKMkt7C4l9UFToT","previousCounter":0,"rootKey":"D94xwJfmkOqZJ9UntpL0rrVKyxqsVmAx7YpeTUMyP1k="},"indexInfo":{"baseKey":"BQQod+tiB4zB3M5zPlwHis/WfkKSAn3J2A6O60sQOKAN","baseKeyType":1,"closed":1743259412839,"used":1743259412704,"created":1743259412704,"remoteIdentityKey":"BSXg00LUjLxI+sfZe+R2zCUkQzW3ZY3zrf4lQwMFvvhN"},"_chains":{"BacgNbSuRgfr+2/wg0kFDeJtp5gfCzEOVUr5IPTkca84":{"chainKey":{"counter":-1,"key":"TqUdAxvWin6s1uNbVPeXaCAUHrsGeBvFlu7o1v4StVE="},"chainType":1,"messageKeys":{}}},"pendingPreKey":{"signedKeyId":0,"baseKey":"BQQod+tiB4zB3M5zPlwHis/WfkKSAn3J2A6O60sQOKAN","preKeyId":11252050}},"BfRjq9MGz6nRfThLKMMYajC9uihbPTbIcwrOLUuJ5TcB":{"registrationId":1042068140,"currentRatchet":{"ephemeralKeyPair":{"pubKey":"BR4DBEt0VbxCaUwX9sMhVnJzWO9IgfYcEex66XcysgVz","privKey":"iJwMICxSQPol/Zkefte34aKkS4mns301j2wBDkj33XY="},"lastRemoteEphemeralKey":"BdcmLYDGtLuVcFhVl36FVBjVbLLGkWKMkt7C4l9UFToT","previousCounter":0,"rootKey":"6iFHW69B9/LtyUOn0v4f2kGGxg2znwnrVMi2Q1QesGQ="},"indexInfo":{"baseKey":"BfRjq9MGz6nRfThLKMMYajC9uihbPTbIcwrOLUuJ5TcB","baseKeyType":1,"closed":1743259412971,"used":1743259412838,"created":1743259412838,"remoteIdentityKey":"BSXg00LUjLxI+sfZe+R2zCUkQzW3ZY3zrf4lQwMFvvhN"},"_chains":{"BR4DBEt0VbxCaUwX9sMhVnJzWO9IgfYcEex66XcysgVz":{"chainKey":{"counter":-1,"key":"Ml2sflcXUtMmvJti6igtrG74tXor2/VI6TYNo6YSbLk="},"chainType":1,"messageKeys":{}}},"pendingPreKey":{"signedKeyId":0,"baseKey":"BfRjq9MGz6nRfThLKMMYajC9uihbPTbIcwrOLUuJ5TcB","preKeyId":11252093}},"BWZ7B673hd+4aBZgOQYZ59oLQHoQclX1FXT+Ccbq6Hha":{"registrationId":1042068140,"currentRatchet":{"ephemeralKeyPair":{"pubKey":"BbHQfpdO3TrqbwQqb6Cikvf8udJguTN286va7G+yMe5J","privKey":"2KNfsJ/J+qVym8KX/WfYOZR615+UIFFLTl6gjpU4SG0="},"lastRemoteEphemeralKey":"BdcmLYDGtLuVcFhVl36FVBjVbLLGkWKMkt7C4l9UFToT","previousCounter":0,"rootKey":"MIEhNrCLcGHsYLfcRrN18CC6GeC9f8UW2tEyNt1veM8="},"indexInfo":{"baseKey":"BWZ7B673hd+4aBZgOQYZ59oLQHoQclX1FXT+Ccbq6Hha","baseKeyType":1,"closed":1743259413102,"used":1743259412970,"created":1743259412970,"remoteIdentityKey":"BSXg00LUjLxI+sfZe+R2zCUkQzW3ZY3zrf4lQwMFvvhN"},"_chains":{"BbHQfpdO3TrqbwQqb6Cikvf8udJguTN286va7G+yMe5J":{"chainKey":{"counter":-1,"key":"oNmKs76uUuWtltMEV17FRrYncPmcRAg/QI7SMVTFcvE="},"chainType":1,"messageKeys":{}}},"pendingPreKey":{"signedKeyId":0,"baseKey":"BWZ7B673hd+4aBZgOQYZ59oLQHoQclX1FXT+Ccbq6Hha","preKeyId":11252061}},"BfOzIsLJlVm8w2HRxtZLHrlcLM64zi6pLqB1pHb+0ktP":{"registrationId":1042068140,"currentRatchet":{"ephemeralKeyPair":{"pubKey":"BVWp6ruN6mEEXI5v/eg8BZOzmOrVRJ6NkHnMOdilARwK","privKey":"+Cgkqeqk7AVThSVdt2OswKmTPuVJeDm16B0K+SycTUw="},"lastRemoteEphemeralKey":"BdcmLYDGtLuVcFhVl36FVBjVbLLGkWKMkt7C4l9UFToT","previousCounter":0,"rootKey":"uyHpUVBpEbrtemSleBNkRZeBLQtdsELpzqOmleCgpAY="},"indexInfo":{"baseKey":"BfOzIsLJlVm8w2HRxtZLHrlcLM64zi6pLqB1pHb+0ktP","baseKeyType":1,"closed":1743259413233,"used":1743259413101,"created":1743259413101,"remoteIdentityKey":"BSXg00LUjLxI+sfZe+R2zCUkQzW3ZY3zrf4lQwMFvvhN"},"_chains":{"BVWp6ruN6mEEXI5v/eg8BZOzmOrVRJ6NkHnMOdilARwK":{"chainKey":{"counter":-1,"key":"NcIRXJ6/ddMwO20IBE4Bla4yVPPiwkmbbHq0KzE1QKI="},"chainType":1,"messageKeys":{}}},"pendingPreKey":{"signedKeyId":0,"baseKey":"BfOzIsLJlVm8w2HRxtZLHrlcLM64zi6pLqB1pHb+0ktP","preKeyId":11251992}},"BT00Fby9ETbX6Blj30p01RSfSQq3PRpulgUZy+jxoEEd":{"registrationId":1042068140,"currentRatchet":{"ephemeralKeyPair":{"pubKey":"BVE3KislufR4ibGOi+7xJwubq32mlg1TA5oQjHXgiFIq","privKey":"qLvZqCHc0fMAvo5ZXTRhdoNzeRjZkRVb+IKKTW4yt28="},"lastRemoteEphemeralKey":"BdcmLYDGtLuVcFhVl36FVBjVbLLGkWKMkt7C4l9UFToT","previousCounter":0,"rootKey":"Vz5qJACVdWJAEUMcpFgbnEis+01eiH2Px6ZsyY0B7Xw="},"indexInfo":{"baseKey":"BT00Fby9ETbX6Blj30p01RSfSQq3PRpulgUZy+jxoEEd","baseKeyType":1,"closed":1743259413366,"used":1743259413233,"created":1743259413233,"remoteIdentityKey":"BSXg00LUjLxI+sfZe+R2zCUkQzW3ZY3zrf4lQwMFvvhN"},"_chains":{"BVE3KislufR4ibGOi+7xJwubq32mlg1TA5oQjHXgiFIq":{"chainKey":{"counter":-1,"key":"JUhlFnT4cGBy6IXk9ybif0BIRaXP5SOwJ3lEbhIlN3Y="},"chainType":1,"messageKeys":{}}},"pendingPreKey":{"signedKeyId":0,"baseKey":"BT00Fby9ETbX6Blj30p01RSfSQq3PRpulgUZy+jxoEEd","preKeyId":11252763}},"BVEE6OFWJGZq8n7iwOgDOBm/ZB8+WwfAU1xHFREIcpAn":{"registrationId":1042068140,"currentRatchet":{"ephemeralKeyPair":{"pubKey":"BR1moBE+06Z6uXvliyLZrdQltyB57RguUxJTcnlp5Hd7","privKey":"sDIt0JcC1NXjnWbQXTOdNvD6UqOO40iPnfDcOy6V5VM="},"lastRemoteEphemeralKey":"BdcmLYDGtLuVcFhVl36FVBjVbLLGkWKMkt7C4l9UFToT","previousCounter":0,"rootKey":"LQfCgBs4tuSRzxRqSZKmygMUU10OHjHIByMnXbYabp8="},"indexInfo":{"baseKey":"BVEE6OFWJGZq8n7iwOgDOBm/ZB8+WwfAU1xHFREIcpAn","baseKeyType":1,"closed":1743259413505,"used":1743259413365,"created":1743259413365,"remoteIdentityKey":"BSXg00LUjLxI+sfZe+R2zCUkQzW3ZY3zrf4lQwMFvvhN"},"_chains":{"BR1moBE+06Z6uXvliyLZrdQltyB57RguUxJTcnlp5Hd7":{"chainKey":{"counter":-1,"key":"bNTABJXgWfdY58WsmcD0EgESzFly/yDBlj5VgFtW0UU="},"chainType":1,"messageKeys":{}}},"pendingPreKey":{"signedKeyId":0,"baseKey":"BVEE6OFWJGZq8n7iwOgDOBm/ZB8+WwfAU1xHFREIcpAn","preKeyId":11252122}},"BaupCVDrJURbnuJDbMGexumCzx6Nr15vaSuY1H28Gbc1":{"registrationId":1042068140,"currentRatchet":{"ephemeralKeyPair":{"pubKey":"Bby65j0HqtBbtqmjK5tUBMLT/Wq+XpoYrd9LxxRAfepb","privKey":"KP2D/SIAoykz1FULm/alWYa1nzL4MxtJMlZkTxv0gF4="},"lastRemoteEphemeralKey":"BdcmLYDGtLuVcFhVl36FVBjVbLLGkWKMkt7C4l9UFToT","previousCounter":0,"rootKey":"mm2+dH+iZZ9J2R8OpqFeCiwOT2P3i0YuUI8gmWrFc3Y="},"indexInfo":{"baseKey":"BaupCVDrJURbnuJDbMGexumCzx6Nr15vaSuY1H28Gbc1","baseKeyType":1,"closed":1743259414299,"used":1743259413504,"created":1743259413504,"remoteIdentityKey":"BSXg00LUjLxI+sfZe+R2zCUkQzW3ZY3zrf4lQwMFvvhN"},"_chains":{"Bby65j0HqtBbtqmjK5tUBMLT/Wq+XpoYrd9LxxRAfepb":{"chainKey":{"counter":0,"key":"FPhqC5s45n9xBwoYfWKBRKxYbopaKaJO9GRklrGv2Wk="},"chainType":1,"messageKeys":{}}},"pendingPreKey":{"signedKeyId":0,"baseKey":"BaupCVDrJURbnuJDbMGexumCzx6Nr15vaSuY1H28Gbc1","preKeyId":11251989}},"BeHkot5YCW+VHFhLsltAAIszBfv4JSP7kBe4Mz+ZyEwT":{"registrationId":1042068140,"currentRatchet":{"ephemeralKeyPair":{"pubKey":"Bf9Ey5FkP//GnsN7azlzSO1pqAg7WU1XrqxRasu/OKYP","privKey":"UNQW3WcRDmbp5Bcd23lqhnOMGXRM6+KaOpxrfk3xe2M="},"lastRemoteEphemeralKey":"BdcmLYDGtLuVcFhVl36FVBjVbLLGkWKMkt7C4l9UFToT","previousCounter":0,"rootKey":"hywjpUfBsxiRhiJ2Rk5Nt88qo1Xcj0NsUSFwhE+ZOtw="},"indexInfo":{"baseKey":"BeHkot5YCW+VHFhLsltAAIszBfv4JSP7kBe4Mz+ZyEwT","baseKeyType":1,"closed":1743259414427,"used":1743259414298,"created":1743259414298,"remoteIdentityKey":"BSXg00LUjLxI+sfZe+R2zCUkQzW3ZY3zrf4lQwMFvvhN"},"_chains":{"Bf9Ey5FkP//GnsN7azlzSO1pqAg7WU1XrqxRasu/OKYP":{"chainKey":{"counter":-1,"key":"QE5FB39karmcI4t/0mVJ8c3bRrs2vEUIIPuNjrP7lDo="},"chainType":1,"messageKeys":{}}},"pendingPreKey":{"signedKeyId":0,"baseKey":"BeHkot5YCW+VHFhLsltAAIszBfv4JSP7kBe4Mz+ZyEwT","preKeyId":11252661}},"BRjKk1MwMkpXBoXTpcSJr3s1Ob3CXKHlLlZcorbQRBlw":{"registrationId":1042068140,"currentRatchet":{"ephemeralKeyPair":{"pubKey":"BW2qmneN0WjWUT3UtOtn8y+Kx54vyX8OHPCPzb4/Krh1","privKey":"ECNeaJdvrpv6str+hw9uB1iESrVD2NgMW6YEg7+wlUA="},"lastRemoteEphemeralKey":"BdcmLYDGtLuVcFhVl36FVBjVbLLGkWKMkt7C4l9UFToT","previousCounter":0,"rootKey":"Ihc2eBBlEDzghefNT7sanVUAIrA5m9W3Fj+PduuyLuA="},"indexInfo":{"baseKey":"BRjKk1MwMkpXBoXTpcSJr3s1Ob3CXKHlLlZcorbQRBlw","baseKeyType":1,"closed":1743259414560,"used":1743259414426,"created":1743259414426,"remoteIdentityKey":"BSXg00LUjLxI+sfZe+R2zCUkQzW3ZY3zrf4lQwMFvvhN"},"_chains":{"BW2qmneN0WjWUT3UtOtn8y+Kx54vyX8OHPCPzb4/Krh1":{"chainKey":{"counter":-1,"key":"i9jWEin/X+TP/l0yrKS4/hWE5ebyq9pbyL2BqJRmLrY="},"chainType":1,"messageKeys":{}}},"pendingPreKey":{"signedKeyId":0,"baseKey":"BRjKk1MwMkpXBoXTpcSJr3s1Ob3CXKHlLlZcorbQRBlw","preKeyId":11251983}},"BaKbo5v5ORcAAtbFmHsU7eY7odkqm15PdwMl9HjCF3Uv":{"registrationId":1042068140,"currentRatchet":{"ephemeralKeyPair":{"pubKey":"BUBxlLDLjl5boOCqfBckfy1DbuIv6EBUQzy+s9B7jtNk","privKey":"ELTOe3W2fb1raxXV6wddymCmtMz/SnwW56NRsHa1u3g="},"lastRemoteEphemeralKey":"BdcmLYDGtLuVcFhVl36FVBjVbLLGkWKMkt7C4l9UFToT","previousCounter":0,"rootKey":"E/Uwa0aQJ0+HdVZYUd1U5OmQ3KbgYJ1ljWrmvQ63604="},"indexInfo":{"baseKey":"BaKbo5v5ORcAAtbFmHsU7eY7odkqm15PdwMl9HjCF3Uv","baseKeyType":1,"closed":1743259414685,"used":1743259414559,"created":1743259414559,"remoteIdentityKey":"BSXg00LUjLxI+sfZe+R2zCUkQzW3ZY3zrf4lQwMFvvhN"},"_chains":{"BUBxlLDLjl5boOCqfBckfy1DbuIv6EBUQzy+s9B7jtNk":{"chainKey":{"counter":-1,"key":"8Y3oSa2FupO9ZyI2m3Q2igVqqgV7KPXF2IXhsRlCKYI="},"chainType":1,"messageKeys":{}}},"pendingPreKey":{"signedKeyId":0,"baseKey":"BaKbo5v5ORcAAtbFmHsU7eY7odkqm15PdwMl9HjCF3Uv","preKeyId":11252080}},"BXYfbGwrYNyu7a4mIiCATY2/cGUY4MIcYGt58Jxwyp4l":{"registrationId":1042068140,"currentRatchet":{"ephemeralKeyPair":{"pubKey":"BXxWLV60eNDMvwk786MqHqaH2jF5kcS7uOg60nQfv7Nd","privKey":"WBBfwCP0SAy2T6lwQuhUmQ6UyuZ+YnSWg/xtKo9Nrns="},"lastRemoteEphemeralKey":"BdcmLYDGtLuVcFhVl36FVBjVbLLGkWKMkt7C4l9UFToT","previousCounter":0,"rootKey":"BXbl5MscpZ1HUX+Bk6l7cD5VSLw0Z1lM6VrRJyzbLYk="},"indexInfo":{"baseKey":"BXYfbGwrYNyu7a4mIiCATY2/cGUY4MIcYGt58Jxwyp4l","baseKeyType":1,"closed":1743259414864,"used":1743259414684,"created":1743259414684,"remoteIdentityKey":"BSXg00LUjLxI+sfZe+R2zCUkQzW3ZY3zrf4lQwMFvvhN"},"_chains":{"BXxWLV60eNDMvwk786MqHqaH2jF5kcS7uOg60nQfv7Nd":{"chainKey":{"counter":-1,"key":"wN1H/DVC+ZMXJYg9v6FxPCBFD8e48M/tAxFMaNN56/8="},"chainType":1,"messageKeys":{}}},"pendingPreKey":{"signedKeyId":0,"baseKey":"BXYfbGwrYNyu7a4mIiCATY2/cGUY4MIcYGt58Jxwyp4l","preKeyId":11252001}},"BTuwqtvBgrdypmsbGcVTOgGC/E//Xm0m1OejKEIavudD":{"registrationId":1042068140,"currentRatchet":{"ephemeralKeyPair":{"pubKey":"BeR6cJOf2vWZdDtBCKnQfdlk5ihgqrlh5epSPq5NiiV6","privKey":"GFCTfxlBWMz142HLlOPa+jXDdMsDx7JXmYndeDdkRU0="},"lastRemoteEphemeralKey":"BdcmLYDGtLuVcFhVl36FVBjVbLLGkWKMkt7C4l9UFToT","previousCounter":0,"rootKey":"+NpcsONafB2bwe6andfD/CcnR6VlpaHIAtcxOa87pmQ="},"indexInfo":{"baseKey":"BTuwqtvBgrdypmsbGcVTOgGC/E//Xm0m1OejKEIavudD","baseKeyType":1,"closed":1743259414992,"used":1743259414863,"created":1743259414863,"remoteIdentityKey":"BSXg00LUjLxI+sfZe+R2zCUkQzW3ZY3zrf4lQwMFvvhN"},"_chains":{"BeR6cJOf2vWZdDtBCKnQfdlk5ihgqrlh5epSPq5NiiV6":{"chainKey":{"counter":-1,"key":"3aLx/bl6kMRu0RssBqVtaEzKGhotfvaXHfq9l5OJ9m8="},"chainType":1,"messageKeys":{}}},"pendingPreKey":{"signedKeyId":0,"baseKey":"BTuwqtvBgrdypmsbGcVTOgGC/E//Xm0m1OejKEIavudD","preKeyId":11252141}},"BYU1Uz4kgy9D1KTK9RzV6jwk8j+utQ/MJ6KBVqWR4NJE":{"registrationId":1042068140,"currentRatchet":{"ephemeralKeyPair":{"pubKey":"BW8gbNwuGSnnldCjnKqC3Lg5Ny2uPR0qgbNUZpsKVCgE","privKey":"MJGAh4N8cTF4XwiUSMHx3IsXmYiZSQI2CLUCHulIoEM="},"lastRemoteEphemeralKey":"BdcmLYDGtLuVcFhVl36FVBjVbLLGkWKMkt7C4l9UFToT","previousCounter":0,"rootKey":"ToIE6Wf8g06crr65wfsFyYLTEwNT1bQKfVfAbxKdQTI="},"indexInfo":{"baseKey":"BYU1Uz4kgy9D1KTK9RzV6jwk8j+utQ/MJ6KBVqWR4NJE","baseKeyType":1,"closed":1743259415124,"used":1743259414991,"created":1743259414991,"remoteIdentityKey":"BSXg00LUjLxI+sfZe+R2zCUkQzW3ZY3zrf4lQwMFvvhN"},"_chains":{"BW8gbNwuGSnnldCjnKqC3Lg5Ny2uPR0qgbNUZpsKVCgE":{"chainKey":{"counter":-1,"key":"hw73ACsQvHjxjJZHWVsGu+N+Vnxe3DLQ2DiwURDkTbE="},"chainType":1,"messageKeys":{}}},"pendingPreKey":{"signedKeyId":0,"baseKey":"BYU1Uz4kgy9D1KTK9RzV6jwk8j+utQ/MJ6KBVqWR4NJE","preKeyId":11252679}},"BX/FOr34HoQTxB2xTvUidGHfzmdo58dNbCl7YhrTPFk7":{"registrationId":1042068140,"currentRatchet":{"ephemeralKeyPair":{"pubKey":"BYvzQT6YQmwXFe7rHvAHkDJzsi49SGKeYS3uufSvVGNu","privKey":"qGXNMRu44IHrIyCAEoUrW8FFJpA7ppaDJudlreOeGmE="},"lastRemoteEphemeralKey":"BdcmLYDGtLuVcFhVl36FVBjVbLLGkWKMkt7C4l9UFToT","previousCounter":0,"rootKey":"4xDHj754PTn2K4uhZoziw5y5yIzwh6PlWY/Wdheet+A="},"indexInfo":{"baseKey":"BX/FOr34HoQTxB2xTvUidGHfzmdo58dNbCl7YhrTPFk7","baseKeyType":1,"closed":1743259415212,"used":1743259415123,"created":1743259415123,"remoteIdentityKey":"BSXg00LUjLxI+sfZe+R2zCUkQzW3ZY3zrf4lQwMFvvhN"},"_chains":{"BYvzQT6YQmwXFe7rHvAHkDJzsi49SGKeYS3uufSvVGNu":{"chainKey":{"counter":-1,"key":"L27kNSHDKPvlhus56Btkeh6X9y6AypVOzI3j9iH6u4U="},"chainType":1,"messageKeys":{}}},"pendingPreKey":{"signedKeyId":0,"baseKey":"BX/FOr34HoQTxB2xTvUidGHfzmdo58dNbCl7YhrTPFk7","preKeyId":11252133}},"Bfd26UY+GrBnMMRw6u6ytL8xFWB/1/6Qw/dL3p8/g5FI":{"registrationId":1042068140,"currentRatchet":{"ephemeralKeyPair":{"pubKey":"BSrgF4XgNyk07019k5xfotvFct0eo6uSCo7FrljgHltR","privKey":"0Aanecrei1c+W8NfLlMPzCdoIFSAD2brOHOxs2lAhFc="},"lastRemoteEphemeralKey":"BdcmLYDGtLuVcFhVl36FVBjVbLLGkWKMkt7C4l9UFToT","previousCounter":0,"rootKey":"RHr2QZEGtDaNu8wCeUxRT4JIBRUFinpGTGqRHWIjYhA="},"indexInfo":{"baseKey":"Bfd26UY+GrBnMMRw6u6ytL8xFWB/1/6Qw/dL3p8/g5FI","baseKeyType":1,"closed":-1,"used":1743259415211,"created":1743259415211,"remoteIdentityKey":"BSXg00LUjLxI+sfZe+R2zCUkQzW3ZY3zrf4lQwMFvvhN"},"_chains":{"BSrgF4XgNyk07019k5xfotvFct0eo6uSCo7FrljgHltR":{"chainKey":{"counter":-1,"key":"xyGk/eLzNCmjz1DVg/7aqLLyH4Cv0wNRk+4MmnKyRCg="},"chainType":1,"messageKeys":{}}},"pendingPreKey":{"signedKeyId":0,"baseKey":"Bfd26UY+GrBnMMRw6u6ytL8xFWB/1/6Qw/dL3p8/g5FI","preKeyId":11252716}}},"version":"v1"}