{"_sessions":{"BdpV7kZT8gc2E4my8o0X1dmFTVlopQ4VhmkWV/eoSaMC":{"registrationId":1963,"currentRatchet":{"ephemeralKeyPair":{"pubKey":"BaoscaVSJZ5X7FgqxrDDKdlSoIisfrdbzjx2yScwf5hV","privKey":"SE28H/X+TaFG0G3sSVypB4XfWQUXEgNvD7oDYlDYl30="},"lastRemoteEphemeralKey":"BSgOesJS+uquF3RjNitsYS8LZA5vyVDl0zoh2zy7gM8E","previousCounter":0,"rootKey":"3d33DoCrErEGECu5NTH3DA10ynssoZXI6ylqssn/8gU="},"indexInfo":{"baseKey":"BdpV7kZT8gc2E4my8o0X1dmFTVlopQ4VhmkWV/eoSaMC","baseKeyType":1,"closed":-1,"used":1743257675461,"created":1743257675461,"remoteIdentityKey":"BYCfbbci0CK56c0Pap7xLALmoKRe2WZSPJuva3CCqSwN"},"_chains":{"BaoscaVSJZ5X7FgqxrDDKdlSoIisfrdbzjx2yScwf5hV":{"chainKey":{"counter":109,"key":"PopiwHzbSXqf611mKCc05H7ugyaJ77GFIcCQJm9LVn0="},"chainType":1,"messageKeys":{}}},"pendingPreKey":{"signedKeyId":1,"baseKey":"BdpV7kZT8gc2E4my8o0X1dmFTVlopQ4VhmkWV/eoSaMC","preKeyId":407}}},"version":"v1"}