{"_sessions":{"BZNKl2HX9dSJX2fV3ZWnj9V6RhOXNQbMUeyfSxOYYPFQ":{"registrationId":1604208806,"currentRatchet":{"ephemeralKeyPair":{"pubKey":"BTYzM+GtxMMv+bHWEmh2BSe7oKPMjqPNLuaWHscSlroE","privKey":"sNz6yFzDRRUIrdIHDxE8RVyGlH/101eLxtx+1A8cK0s="},"lastRemoteEphemeralKey":"BSg4Fnxt/pNyDvweaGAhn0b1Vo6VNVwuNmt7693SKUZr","previousCounter":90,"rootKey":"Q0/PEKO/JabjS+QIsCHzfvVnwFRNqzbzgiUJMdgCzQ8="},"indexInfo":{"baseKey":"BZNKl2HX9dSJX2fV3ZWnj9V6RhOXNQbMUeyfSxOYYPFQ","baseKeyType":1,"closed":-1,"used":1743335172575,"created":1743257675516,"remoteIdentityKey":"BRbUHo/6o0M7SBGU0//vVy2HX4Ht36DSw6yE19Cdv1gb"},"_chains":{"BVRaXMieydKZf6yozSEHAfYpgzIrGFjJwnl4g1AoJ6Rs":{"chainKey":{"counter":2},"chainType":2,"messageKeys":{}},"BW/OGZaIVvwz96iLNWRKHb/Lpv1c3fFj9d+lC0F9gqcQ":{"chainKey":{"counter":1},"chainType":2,"messageKeys":{}},"BSg4Fnxt/pNyDvweaGAhn0b1Vo6VNVwuNmt7693SKUZr":{"chainKey":{"counter":0,"key":"C/TYL5RPIVgbdZHUVo3+oMU2ssBaLOicNPeqKrolIIE="},"chainType":2,"messageKeys":{}},"BTYzM+GtxMMv+bHWEmh2BSe7oKPMjqPNLuaWHscSlroE":{"chainKey":{"counter":7,"key":"AjtjllOZ8DktToifd8nhb/B4V43EGzltR64wLpBCVE0="},"chainType":1,"messageKeys":{}}}}},"version":"v1"}