{"_sessions":{"BYSrF3hECEGPo+rYC1/NmSWD323IPMHUtDv9DAHkoRQY":{"registrationId":1790898263,"currentRatchet":{"ephemeralKeyPair":{"pubKey":"BeGYoeOZbaVAvKzS6BkPTEYLMVRNwbIeUU+QMMWthotu","privKey":"eNIg2zT0ICClfs/8urVd0Nv4vpD8ppCypN9MwDZo738="},"lastRemoteEphemeralKey":"BTx/OyXrOSd096nFas5TkzzkyHiPtSjYzwOLVlbMkOQW","previousCounter":0,"rootKey":"4f8Kf7xOsOd0p7wpGpPunhfvnb0o3sum6zzyupH0PkY="},"indexInfo":{"baseKey":"BYSrF3hECEGPo+rYC1/NmSWD323IPMHUtDv9DAHkoRQY","baseKeyType":1,"closed":-1,"used":1743319956776,"created":1743319956776,"remoteIdentityKey":"BbbnLETlGEDWJJ43o8ZGLgL1hVWmL51Yvyew/e00UC84"},"_chains":{"BeGYoeOZbaVAvKzS6BkPTEYLMVRNwbIeUU+QMMWthotu":{"chainKey":{"counter":98,"key":"n0OneGx0glyK6VsdedtlZ9zAprXwyNcgPfNEHuDpL9c="},"chainType":1,"messageKeys":{}}},"pendingPreKey":{"signedKeyId":7,"baseKey":"BYSrF3hECEGPo+rYC1/NmSWD323IPMHUtDv9DAHkoRQY","preKeyId":14831695}}},"version":"v1"}