{"_sessions":{"BSl0FS5mVmyXCnSqIgs+KxzzMxb1JX+vJU8F2nCya5EN":{"registrationId":386859467,"currentRatchet":{"ephemeralKeyPair":{"pubKey":"BfqusiWpjbzZVnO4sqkksV0o3AEEQhJ31fF0McALqLZz","privKey":"4L0ogKL7+T8v7ihnHFtFo6Sj9rjUc/sGjKEtNbw/wW0="},"lastRemoteEphemeralKey":"BdhS8wRagXuQnfzBdJ8H2Iz5S2Yl4tSore3+CP5ywEcG","previousCounter":0,"rootKey":"3z36k95H7SlwYj+fckHGGFfouwemMgKvXiIC1Cros0s="},"indexInfo":{"baseKey":"BSl0FS5mVmyXCnSqIgs+KxzzMxb1JX+vJU8F2nCya5EN","baseKeyType":1,"closed":1743319925683,"used":1743257675964,"created":1743257675964,"remoteIdentityKey":"BbNJzA9YB2fzMT4ZJTuAHkH0U4aFA3xf5bI51yDkFM1C"},"_chains":{"BfqusiWpjbzZVnO4sqkksV0o3AEEQhJ31fF0McALqLZz":{"chainKey":{"counter":10,"key":"B5Ay7F6Ft1Ra+E8HXP1Or79BRJzqTjGtoL5ccw6DunU="},"chainType":1,"messageKeys":{}}},"pendingPreKey":{"signedKeyId":3,"baseKey":"BSl0FS5mVmyXCnSqIgs+KxzzMxb1JX+vJU8F2nCya5EN","preKeyId":11176688}},"BVw/9QmQipKaDajq+Dk8ATQMAOCinMcc8epxEDs8aUF/":{"registrationId":386859467,"currentRatchet":{"ephemeralKeyPair":{"pubKey":"BVVoStqZsKcNeo1DxY+Mv+Ys1NEUCexfB+1kYII61Pkp","privKey":"ON4hydGAGQvjHvRRGYi2skWtDqGLQSwGNQuHT2eq4lI="},"lastRemoteEphemeralKey":"BWAw39XwHJK9wleVTJhT4oQSz/r4vT33ma+04bG4J6Qv","previousCounter":2,"rootKey":"7k8fdp3e4eLkuJoR7vdhvCZt50GpkgLPwk1Jbx8bSao="},"indexInfo":{"baseKey":"BVw/9QmQipKaDajq+Dk8ATQMAOCinMcc8epxEDs8aUF/","baseKeyType":1,"closed":-1,"used":1743327692285,"created":1743319925679,"remoteIdentityKey":"BbNJzA9YB2fzMT4ZJTuAHkH0U4aFA3xf5bI51yDkFM1C"},"_chains":{"BWAw39XwHJK9wleVTJhT4oQSz/r4vT33ma+04bG4J6Qv":{"chainKey":{"counter":1,"key":"/D5ZhJo8JSjW/gVB5rQ2YUNg7B/NvEjvzDT8JcUmL0Q="},"chainType":2,"messageKeys":{}},"BVVoStqZsKcNeo1DxY+Mv+Ys1NEUCexfB+1kYII61Pkp":{"chainKey":{"counter":95,"key":"BfRmLrYB5Wr90Z7zD6gniZ89YfWQJu2pRNN4PQ1WAj4="},"chainType":1,"messageKeys":{}}}}},"version":"v1"}