{"_sessions":{"BXOic0sBdRmpoIQEpTSg4uTSWbNQNWRknZs/5ZPZkrFL":{"registrationId":1421004673,"currentRatchet":{"ephemeralKeyPair":{"pubKey":"BY7Em1Y3KI6f02hAkHd9YPDBgEJvIn8KiylzrfURJbQB","privKey":"yKksiUbvg8VHYknzPnzRCdWxIgXvyormTSzxLPzKa0Q="},"lastRemoteEphemeralKey":"BbLKi5/HwRL70bIhNOl/GaltwtsMFP5ilvgIkBYWsLkb","previousCounter":0,"rootKey":"Hnl8eZAugSaZJz+eEgsYtFsZG0sJHi6iiknvawmjajQ="},"indexInfo":{"baseKey":"BXOic0sBdRmpoIQEpTSg4uTSWbNQNWRknZs/5ZPZkrFL","baseKeyType":1,"closed":1743329284956,"used":1743319956780,"created":1743319956780,"remoteIdentityKey":"BauG3IGzAcxNNgIj4Y3m/p042pvQ1pi5PSrylQz5Z4Mm"},"_chains":{"BY7Em1Y3KI6f02hAkHd9YPDBgEJvIn8KiylzrfURJbQB":{"chainKey":{"counter":38,"key":"/FrmeVn+aJ2kZJvdwcYL0KdG3n0IkXx0xuO8763z5b8="},"chainType":1,"messageKeys":{}}},"pendingPreKey":{"signedKeyId":9320397,"baseKey":"BXOic0sBdRmpoIQEpTSg4uTSWbNQNWRknZs/5ZPZkrFL","preKeyId":4823}},"BTw1XyEstX19Nc0KW2G7bSIAVfX/PwIwjDaPvmQgG0pV":{"registrationId":1421004673,"currentRatchet":{"ephemeralKeyPair":{"pubKey":"BQHJzAhAD1DBm52cZwf/E7CXhSkJJwvqSLBWH+GY5Z0w","privKey":"+NqBs4jGOokcY8YdjBwsOsiUUAnqv2/dg1h/q0rboHY="},"lastRemoteEphemeralKey":"BbLKi5/HwRL70bIhNOl/GaltwtsMFP5ilvgIkBYWsLkb","previousCounter":0,"rootKey":"mUYVs9PGJYcsgLB4D64MFoxcIHZIEuwtQ2D5NuawgBM="},"indexInfo":{"baseKey":"BTw1XyEstX19Nc0KW2G7bSIAVfX/PwIwjDaPvmQgG0pV","baseKeyType":1,"closed":1743329343833,"used":1743329284955,"created":1743329284955,"remoteIdentityKey":"BauG3IGzAcxNNgIj4Y3m/p042pvQ1pi5PSrylQz5Z4Mm"},"_chains":{"BQHJzAhAD1DBm52cZwf/E7CXhSkJJwvqSLBWH+GY5Z0w":{"chainKey":{"counter":24,"key":"k9u3sDvAxS/KXGtP2FwCjLswhaOWH8urUCdnt/Xct9o="},"chainType":1,"messageKeys":{}}},"pendingPreKey":{"signedKeyId":9320397,"baseKey":"BTw1XyEstX19Nc0KW2G7bSIAVfX/PwIwjDaPvmQgG0pV","preKeyId":4702}},"BTapnYaBZlKwACHahBY3AFQxBKDaJE1OMWEV7kooAzkv":{"registrationId":1421004673,"currentRatchet":{"ephemeralKeyPair":{"pubKey":"BT9X6hc+//S3wQK6mB1JKrrye7YDuQAgaVFRISd5/J8B","privKey":"iLKZWP/7ONt7IV8HL3KUSxND1e7PFZNEgodUm1XnB2M="},"lastRemoteEphemeralKey":"BbLKi5/HwRL70bIhNOl/GaltwtsMFP5ilvgIkBYWsLkb","previousCounter":0,"rootKey":"huXC2px4L8fbkS9KeV8hCBSMcMG8g+86JTTnoQUOaQY="},"indexInfo":{"baseKey":"BTapnYaBZlKwACHahBY3AFQxBKDaJE1OMWEV7kooAzkv","baseKeyType":1,"closed":-1,"used":1743329343833,"created":1743329343833,"remoteIdentityKey":"BauG3IGzAcxNNgIj4Y3m/p042pvQ1pi5PSrylQz5Z4Mm"},"_chains":{"BT9X6hc+//S3wQK6mB1JKrrye7YDuQAgaVFRISd5/J8B":{"chainKey":{"counter":34,"key":"pbM0gUkt8tzck2xb5rfdzySw7Lw4KkYMfPA923JksSM="},"chainType":1,"messageKeys":{}}},"pendingPreKey":{"signedKeyId":9320397,"baseKey":"BTapnYaBZlKwACHahBY3AFQxBKDaJE1OMWEV7kooAzkv","preKeyId":4244}}},"version":"v1"}