{"_sessions":{"BU3ZfQgncgoKOBMVPPVOJIf4zVDwLycSMGM8TM1KoFdW":{"registrationId":197475240,"currentRatchet":{"ephemeralKeyPair":{"pubKey":"BQXOelzXtL60qGunoELuDeaN48pT2Fk3Kdxf4eqS4Wg3","privKey":"OFOZUJqvahVrqRR08TN4ceP5quEBdO1369/Z3s/24ls="},"lastRemoteEphemeralKey":"BYW9ghKv5e4Facs0Fix7AtKDhRFLMkygGcUEcYnbDhRk","previousCounter":0,"rootKey":"UL6jJ1LbBB9kWaPXKJeqBUykbcfGwG8yM0TdpDwzq70="},"indexInfo":{"baseKey":"BU3ZfQgncgoKOBMVPPVOJIf4zVDwLycSMGM8TM1KoFdW","baseKeyType":1,"closed":-1,"used":1743319956789,"created":1743319956789,"remoteIdentityKey":"BSKBky2Z8R5iu6x6EBbDuqhXrJE5J29r2jLBBpzGwQ4h"},"_chains":{"BQXOelzXtL60qGunoELuDeaN48pT2Fk3Kdxf4eqS4Wg3":{"chainKey":{"counter":2,"key":"U9O3j7DADm3Z2ojT7Kz2wf0YoOsK+FMWGwf8+2lsQPE="},"chainType":1,"messageKeys":{}}},"pendingPreKey":{"signedKeyId":30,"baseKey":"BU3ZfQgncgoKOBMVPPVOJIf4zVDwLycSMGM8TM1KoFdW","preKeyId":10081906}}},"version":"v1"}