{"_sessions":{"BfUM3kfJBOm5jz58Zjm/QL7CyKaClw9Q7u4FY5sw/sMU":{"registrationId":238917506,"currentRatchet":{"ephemeralKeyPair":{"pubKey":"BTOGXH9LeGQrbMI6zb1w+bEeIgVgKEix0npOhyldQTMY","privKey":"cH5WyiRAsGmzLEP3AYKSf47402qFhdSkLvCu54l4FFs="},"lastRemoteEphemeralKey":"Bam+o5DAqDhG9CiLn0uUufpfbDXq29FAAl2ocxJoCuIk","previousCounter":0,"rootKey":"2sQS+FYLT7jo/C+G62+MfEyL43m/vLBQfUvoQRi40ck="},"indexInfo":{"baseKey":"BfUM3kfJBOm5jz58Zjm/QL7CyKaClw9Q7u4FY5sw/sMU","baseKeyType":1,"closed":1743329331180,"used":1743257675952,"created":1743257675952,"remoteIdentityKey":"BVaS1q5x1Q2ALWubJVguxHv1fUP6yJBWleatte4fIwgQ"},"_chains":{"BTOGXH9LeGQrbMI6zb1w+bEeIgVgKEix0npOhyldQTMY":{"chainKey":{"counter":69,"key":"kquZ3XuMG1fqHAMF/JZuOptWJscL4eYGOgaqt6S3Nwg="},"chainType":1,"messageKeys":{}}},"pendingPreKey":{"signedKeyId":229778,"baseKey":"BfUM3kfJBOm5jz58Zjm/QL7CyKaClw9Q7u4FY5sw/sMU","preKeyId":1483}},"BVeY66CDHVVKvnOtYoIsA87hwnkb+uAJgrs1W3eDScZt":{"registrationId":238917506,"currentRatchet":{"ephemeralKeyPair":{"pubKey":"Bd1jPwGHSQ3UoSZ7bets+mm9BHxrLJiMVKQOtV/JD9d9","privKey":"cMkDOor0rOYIxmV6cmq69hQ2XifHNak4Fwzch1nzBU4="},"lastRemoteEphemeralKey":"Bam+o5DAqDhG9CiLn0uUufpfbDXq29FAAl2ocxJoCuIk","previousCounter":0,"rootKey":"l7LZIWnS59jY8f6wZBfxwfYC9zHTo64r/CUFSzt1Pl8="},"indexInfo":{"baseKey":"BVeY66CDHVVKvnOtYoIsA87hwnkb+uAJgrs1W3eDScZt","baseKeyType":1,"closed":-1,"used":1743329331180,"created":1743329331180,"remoteIdentityKey":"BVaS1q5x1Q2ALWubJVguxHv1fUP6yJBWleatte4fIwgQ"},"_chains":{"Bd1jPwGHSQ3UoSZ7bets+mm9BHxrLJiMVKQOtV/JD9d9":{"chainKey":{"counter":39,"key":"o38oGWzj+aHEeqgDYO6F57rGIkMeHLlpMD2yWkewPpo="},"chainType":1,"messageKeys":{}}},"pendingPreKey":{"signedKeyId":229778,"baseKey":"BVeY66CDHVVKvnOtYoIsA87hwnkb+uAJgrs1W3eDScZt","preKeyId":1589}}},"version":"v1"}