{"_sessions":{"Be5uujJyZyiHzPJV4Jfq9VSK+f4EwgC87krXDAEcOZ5H":{"registrationId":796334857,"currentRatchet":{"ephemeralKeyPair":{"pubKey":"Be77hpBf4EVT3a+ONHvOqFgEPlavV0atEs0bHnWQYl5J","privKey":"oOcfpTw/cLd4Vc2jzhl/FPvMgdPPr8T5MdLS7G5UqlQ="},"lastRemoteEphemeralKey":"BXdPD2kI8cog1iv58anChWW1OXlrrJAO7dMP6V15O4hN","previousCounter":2,"rootKey":"U62qVU2FlhzsG0ixX7An1r2nF+XcfMkhqLdVl9KX0YA="},"indexInfo":{"baseKey":"Be5uujJyZyiHzPJV4Jfq9VSK+f4EwgC87krXDAEcOZ5H","baseKeyType":1,"closed":1743329272651,"used":1743328838426,"created":1743257675960,"remoteIdentityKey":"BW0IwJ4Lxn/7lVbIA9efHLQF8lCfNHCGawaDH+Ij0idP"},"_chains":{"BXcEh0mm4d34HbnWjvU925ssc2fVYMukVBSC5eXDmDcC":{"chainKey":{"counter":6},"chainType":2,"messageKeys":{}},"BXdPD2kI8cog1iv58anChWW1OXlrrJAO7dMP6V15O4hN":{"chainKey":{"counter":3,"key":"oW9h6v9PKOAkV//2G1a1sdOHCzyNGJsbbX+tnxgMFUY="},"chainType":2,"messageKeys":{}},"Be77hpBf4EVT3a+ONHvOqFgEPlavV0atEs0bHnWQYl5J":{"chainKey":{"counter":30,"key":"DgKgdMvmbgn47ev8H7rjBbx4RbHcIyLMN+ZcIiwNbIA="},"chainType":1,"messageKeys":{}}}},"BVD3fPOI/fT6Imf9//xNo7JZWqz0cctQ02seeZWCNMgi":{"registrationId":796334857,"currentRatchet":{"ephemeralKeyPair":{"pubKey":"BagYey3Tgv5BgVhRaKSz+H/9rGDD/uri/sUGU9L0JNp0","privKey":"IFxS/qGAOPgGb0bnyK7HGxTXgMax8tMC5jww2RcndEo="},"lastRemoteEphemeralKey":"BXZ9NXF6iyKomA5eEukDPVJUew4A3r+dA+yxxgrQVW1m","previousCounter":0,"rootKey":"7H3U5Jru1SVTSzU5DTMjBdpVHHnpHpcSOj577y4eAGM="},"indexInfo":{"baseKey":"BVD3fPOI/fT6Imf9//xNo7JZWqz0cctQ02seeZWCNMgi","baseKeyType":1,"closed":1743329406153,"used":1743329272651,"created":1743329272651,"remoteIdentityKey":"BW0IwJ4Lxn/7lVbIA9efHLQF8lCfNHCGawaDH+Ij0idP"},"_chains":{"BagYey3Tgv5BgVhRaKSz+H/9rGDD/uri/sUGU9L0JNp0":{"chainKey":{"counter":50,"key":"FSG2SkNEHdapvD5LA39SPBMkKbqzcsCntBGn+aqTQ70="},"chainType":1,"messageKeys":{}}},"pendingPreKey":{"signedKeyId":8721801,"baseKey":"BVD3fPOI/fT6Imf9//xNo7JZWqz0cctQ02seeZWCNMgi","preKeyId":1600}},"BVPA9rP/g/B7SAgKM6o7rAWMdPnilGTnpP4ShcHoV8lw":{"registrationId":796334857,"currentRatchet":{"ephemeralKeyPair":{"pubKey":"Bbrq8j7wA1kigAKOELHDIb7MUsVGDrI/MUJgiiTBs1EW","privKey":"mO6iIm8Bt+sRbupw14mP/BXsLcO4LRb8PZqs9MGVPWI="},"lastRemoteEphemeralKey":"BXZ9NXF6iyKomA5eEukDPVJUew4A3r+dA+yxxgrQVW1m","previousCounter":0,"rootKey":"548D7Xq0TLcEdp3KVGluroGzaUDOejkAhfhKvQShGMQ="},"indexInfo":{"baseKey":"BVPA9rP/g/B7SAgKM6o7rAWMdPnilGTnpP4ShcHoV8lw","baseKeyType":1,"closed":1743329406259,"used":1743329406151,"created":1743329406151,"remoteIdentityKey":"BW0IwJ4Lxn/7lVbIA9efHLQF8lCfNHCGawaDH+Ij0idP"},"_chains":{"Bbrq8j7wA1kigAKOELHDIb7MUsVGDrI/MUJgiiTBs1EW":{"chainKey":{"counter":-1,"key":"R+PTsvAx3G91auwUuFj57HR5AqPZKhQtdtrSXQtgG4Y="},"chainType":1,"messageKeys":{}}},"pendingPreKey":{"signedKeyId":8721801,"baseKey":"BVPA9rP/g/B7SAgKM6o7rAWMdPnilGTnpP4ShcHoV8lw","preKeyId":1566}},"BflXVcMLQfi0A+GdKj130lCunyL5KzBXbXmt0VieDQp9":{"registrationId":796334857,"currentRatchet":{"ephemeralKeyPair":{"pubKey":"Batymcg5ia6+r+DIq051oKgYqNf4/xSA86gPIWnD8Z5m","privKey":"ACMJrW2aSH2WLvy9MSUaLnqqZiBb6F55ztVglSeLqmM="},"lastRemoteEphemeralKey":"BXcmVeEpgE799rskAx3e+F1c6DMJ1PIJIm5kTYcPMZh0","previousCounter":2,"rootKey":"PMrMMjvdL2RYUjTx9cT2b334CHjkXSV34/tdwdTOg5w="},"indexInfo":{"baseKey":"BflXVcMLQfi0A+GdKj130lCunyL5KzBXbXmt0VieDQp9","baseKeyType":1,"closed":-1,"used":1743346118822,"created":1743329406258,"remoteIdentityKey":"BW0IwJ4Lxn/7lVbIA9efHLQF8lCfNHCGawaDH+Ij0idP"},"_chains":{"BVxEtRd4g2el+dklHy1NcE6FknIjObzmRedfTIbThlQx":{"chainKey":{"counter":0},"chainType":2,"messageKeys":{}},"BR5rzqLs6Kpi2J3qJ4CO0vzsby5kWBN4vaAZ+c23r68H":{"chainKey":{"counter":1},"chainType":2,"messageKeys":{}},"BWEPhj7dsC9f6lMRvI1Rt9agCfWacJfgtdSspxSHGntZ":{"chainKey":{"counter":2},"chainType":2,"messageKeys":{}},"BSgmUZoHWyKgAWywqvLhvUBmbKjO68++Q3+mXBT7iDsN":{"chainKey":{"counter":0},"chainType":2,"messageKeys":{}},"BWM5mO9k4NjNCn2YRLPAxu1eXKim8ibqDWUhAYoROewX":{"chainKey":{"counter":1},"chainType":2,"messageKeys":{}},"BXcmVeEpgE799rskAx3e+F1c6DMJ1PIJIm5kTYcPMZh0":{"chainKey":{"counter":1,"key":"b+oo/sojl3JKeAKL0WdGtMqc6ec19YRNjn3PuOrqbSY="},"chainType":2,"messageKeys":{}},"Batymcg5ia6+r+DIq051oKgYqNf4/xSA86gPIWnD8Z5m":{"chainKey":{"counter":4,"key":"7B23imaEggKGwoStPnOAfWq2TFTgpAtGbYlzzH5QBPM="},"chainType":1,"messageKeys":{}}}}},"version":"v1"}