{"_sessions":{"BaTTnhYP4/UpnoyGovYnSxBa8aIGWSos5cngQhk28son":{"registrationId":1973800740,"currentRatchet":{"ephemeralKeyPair":{"pubKey":"BdqsOo2MCmixLS1PHh5IcFYk2p8cFwueIBDy1dfA/CB5","privKey":"WEBMnG5ct7leMtgnhYcllmj0AVkUfd9eOJOyRkTqKWE="},"lastRemoteEphemeralKey":"BXoQHWQD17Q7HdFVoEIcvrJgVy02LSdXZDQBxOAtbKUV","previousCounter":0,"rootKey":"2Z07s8hGGjov5nO+XQaEAS+h7ienL7ZN0Z0crA8Vrzk="},"indexInfo":{"baseKey":"BaTTnhYP4/UpnoyGovYnSxBa8aIGWSos5cngQhk28son","baseKeyType":2,"closed":-1,"used":1743319957457,"created":1743319957457,"remoteIdentityKey":"BSgWfh9MAIYCjJiJodTeWpv3uaBNyCwpeFFsG3hJvn5C"},"_chains":{"BXoQHWQD17Q7HdFVoEIcvrJgVy02LSdXZDQBxOAtbKUV":{"chainKey":{"counter":1,"key":"G7WcM5rOVgjIukfqTQOoiRcJrxPIDrWlppFtegyqc8I="},"chainType":2,"messageKeys":{}},"BdqsOo2MCmixLS1PHh5IcFYk2p8cFwueIBDy1dfA/CB5":{"chainKey":{"counter":-1,"key":"2YpkTkUHeazEEZbEQYOw6/1zNo4E4uTkNbu/utwCalY="},"chainType":1,"messageKeys":{}}}}},"version":"v1"}