{"_sessions":{"BW13qNZ/e/s/fTfdQY+/UbttoyXjd5NJi5ZClrg2/RQ2":{"registrationId":674251077,"currentRatchet":{"ephemeralKeyPair":{"pubKey":"BXsXtuOT0sQM/+g4I0kr5Vbn8+E+FQ++VUh+6/JCr1g4","privKey":"MNb99vrkggpnGQWy0qsG9Xxhpp0pye8rjXW6rxGrUW8="},"lastRemoteEphemeralKey":"BRRyo14Qp2DD+Na9BANWr6mMp1l7VE6AasiDmvJErtpW","previousCounter":0,"rootKey":"z3xJBW6V0CbOCPMy+dd8RHniKheLIar6QP0RRFyklh8="},"indexInfo":{"baseKey":"BW13qNZ/e/s/fTfdQY+/UbttoyXjd5NJi5ZClrg2/RQ2","baseKeyType":1,"closed":1743329299098,"used":1743319956778,"created":1743319956778,"remoteIdentityKey":"Bb//lY3OM4V4MbjOBjbYFRfxMfrqfpUumC6ZjIJ5lRcv"},"_chains":{"BXsXtuOT0sQM/+g4I0kr5Vbn8+E+FQ++VUh+6/JCr1g4":{"chainKey":{"counter":46,"key":"hWnTI6ByP6dB9nqcF4ntJd/OZiXnU91uJM1rts7vpc0="},"chainType":1,"messageKeys":{}}},"pendingPreKey":{"signedKeyId":13790522,"baseKey":"BW13qNZ/e/s/fTfdQY+/UbttoyXjd5NJi5ZClrg2/RQ2","preKeyId":10533}},"BX9lumzcVEgQRxlIoPjCUpfriHa3tvBjfnxg0Vi0fPNg":{"registrationId":674251077,"currentRatchet":{"ephemeralKeyPair":{"pubKey":"BSgf+FlqGe3VHwtQ756umkD+7aFH1scF/GtTJxBJsmIo","privKey":"iMR7X6SHgr6P3Fk0OMLrRAwknXCapUh9snwBaRTYM3A="},"lastRemoteEphemeralKey":"BRRyo14Qp2DD+Na9BANWr6mMp1l7VE6AasiDmvJErtpW","previousCounter":0,"rootKey":"eKLj7+HwU6DFlOQm/E5ibJQ8HO/WQDBZCdzUO6CSmFg="},"indexInfo":{"baseKey":"BX9lumzcVEgQRxlIoPjCUpfriHa3tvBjfnxg0Vi0fPNg","baseKeyType":1,"closed":1743329361133,"used":1743329299098,"created":1743329299098,"remoteIdentityKey":"Bb//lY3OM4V4MbjOBjbYFRfxMfrqfpUumC6ZjIJ5lRcv"},"_chains":{"BSgf+FlqGe3VHwtQ756umkD+7aFH1scF/GtTJxBJsmIo":{"chainKey":{"counter":25,"key":"qKo5gNC6mKGAK6JLH66+mkzB2yeVWpE7TAcSlVYG/wY="},"chainType":1,"messageKeys":{}}},"pendingPreKey":{"signedKeyId":13790522,"baseKey":"BX9lumzcVEgQRxlIoPjCUpfriHa3tvBjfnxg0Vi0fPNg","preKeyId":10382}},"BYLRgk9YtzgBBcu3GAva03wvGWAjkTXJh4E2p6fjvZN0":{"registrationId":674251077,"currentRatchet":{"ephemeralKeyPair":{"pubKey":"BTVzVgJhPNMABVLfFNOVrcMgPrKxN2+dozC9ancWL5IJ","privKey":"UGiTH879AHQaOaDH5Xlm2ebQES1wdo+JI6DHGDSeXVQ="},"lastRemoteEphemeralKey":"BQvLwa7iE5Xcp4y2kBPYhQD30rKqgH19rAj7SXuV3Tg4","previousCounter":20,"rootKey":"Xpm4RPgOXizAzSDEA8OiereZ1YGV4DRXMftVa8Bshf0="},"indexInfo":{"baseKey":"BYLRgk9YtzgBBcu3GAva03wvGWAjkTXJh4E2p6fjvZN0","baseKeyType":1,"closed":-1,"used":1743347209161,"created":1743329361132,"remoteIdentityKey":"Bb//lY3OM4V4MbjOBjbYFRfxMfrqfpUumC6ZjIJ5lRcv"},"_chains":{"BQvLwa7iE5Xcp4y2kBPYhQD30rKqgH19rAj7SXuV3Tg4":{"chainKey":{"counter":1,"key":"fvJj5EFfqig4ajGLNENNjv+MaESH+F/qcsGKYtiFHPE="},"chainType":2,"messageKeys":{}},"BTVzVgJhPNMABVLfFNOVrcMgPrKxN2+dozC9ancWL5IJ":{"chainKey":{"counter":4,"key":"kuakge/A+5l7f4dEyWMnw6Rt/v50ZN99iMKCSiEMtSQ="},"chainType":1,"messageKeys":{}}}}},"version":"v1"}