{"_sessions":{"BaM4S8t24mdDigu6hgExmn8HSnZP9e2Ttm433NX7dJEz":{"registrationId":256556217,"currentRatchet":{"ephemeralKeyPair":{"pubKey":"BSRa7XEec51QlPZcT9L+D58HuSDfqQXzDKTle3PEo6dC","privKey":"gJCFvNDLtTXlU1XxRKTsDIWcEgKdc+75h9ERw8dO7Ew="},"lastRemoteEphemeralKey":"BTFEOid0d44m640NKDfL32KClq3uiqkI8BfqmS5TXkVH","previousCounter":0,"rootKey":"JIuVGacMLSXnO/MKJiaOg5oBgZAVf56HGOYCCl7QRwM="},"indexInfo":{"baseKey":"BaM4S8t24mdDigu6hgExmn8HSnZP9e2Ttm433NX7dJEz","baseKeyType":1,"closed":-1,"used":1743257675505,"created":1743257675505,"remoteIdentityKey":"BS/PeVadgXwTb+/jK73By225NiW0FxComcQnQzU8U6FJ"},"_chains":{"BSRa7XEec51QlPZcT9L+D58HuSDfqQXzDKTle3PEo6dC":{"chainKey":{"counter":13,"key":"NCn1KqU4GD11qsomrwsPHo5FhZ/RUekEtvdFrn/6iig="},"chainType":1,"messageKeys":{}}},"pendingPreKey":{"signedKeyId":6590404,"baseKey":"BaM4S8t24mdDigu6hgExmn8HSnZP9e2Ttm433NX7dJEz","preKeyId":982}}},"version":"v1"}