{"_sessions":{"Bd9s72ds68dJVkwxyv1RrxEAA+DSBKoe1hqhSpHZqkt2":{"registrationId":632172508,"currentRatchet":{"ephemeralKeyPair":{"pubKey":"BT8rQdCq5L1T2OwYZncTEEOsVUn5+el2sdYGcVevM/JZ","privKey":"cA5jGsu8HDEQSUT4bVzTSVg19e9oK8Vhde+yFwiDJGI="},"lastRemoteEphemeralKey":"BdbQh+eHSb7mEhf3HNnKVDVlZ27szwSPsM1uqut5Hr5M","previousCounter":0,"rootKey":"VTZK9RQyr1kJhGcH18HHAnd6bNzRfTaOJQmYdmEuhg4="},"indexInfo":{"baseKey":"Bd9s72ds68dJVkwxyv1RrxEAA+DSBKoe1hqhSpHZqkt2","baseKeyType":2,"closed":-1,"used":1743321163703,"created":1743321163703,"remoteIdentityKey":"BTw42gAmJSabpqv/SfpgblTGCBGcdqYYXj34m5dEWaQA"},"_chains":{"BdbQh+eHSb7mEhf3HNnKVDVlZ27szwSPsM1uqut5Hr5M":{"chainKey":{"counter":1,"key":"IRA+lh9S97WSHTv+azkdV6D2zmuAH2PoGC8p08XnJ2A="},"chainType":2,"messageKeys":{}},"BT8rQdCq5L1T2OwYZncTEEOsVUn5+el2sdYGcVevM/JZ":{"chainKey":{"counter":0,"key":"2II0KyffCl2ZOJ5igt9V29CTkq9/14u0VQ3khX0gP+A="},"chainType":1,"messageKeys":{}}}}},"version":"v1"}