{"_sessions":{"Bdrl85Tc2jCs9ijwy6VF1hcMGpiD1blyYbmc4LEITVRX":{"registrationId":1010831089,"currentRatchet":{"ephemeralKeyPair":{"pubKey":"BT85KVUgbvRjiWfWpAodSVqoRuKzYCDGsoOHAEJ1uyBv","privKey":"IGy91YANonL0ppORsgl1AcUn3giFdaki+/3qvLhv0ns="},"lastRemoteEphemeralKey":"BVEXH8G9uQpIWsKARsRvcweVTBK3awSNy1shmEik3zoX","previousCounter":0,"rootKey":"qPMQMvzlB2t15CH9uguEWM+syHC38C1ngePlvwxCgX8="},"indexInfo":{"baseKey":"Bdrl85Tc2jCs9ijwy6VF1hcMGpiD1blyYbmc4LEITVRX","baseKeyType":1,"closed":1743269445913,"used":1743257675495,"created":1743257675495,"remoteIdentityKey":"BXvbXr+N4gb6KmG/RxR/CMVRjHlUcpcaLEYZwFqWGW4/"},"_chains":{"BT85KVUgbvRjiWfWpAodSVqoRuKzYCDGsoOHAEJ1uyBv":{"chainKey":{"counter":7,"key":"sJMiIwksMVhyhjmOhHZmKe2TLtcvHztWKfaxhYWlBEo="},"chainType":1,"messageKeys":{}}},"pendingPreKey":{"signedKeyId":11,"baseKey":"Bdrl85Tc2jCs9ijwy6VF1hcMGpiD1blyYbmc4LEITVRX","preKeyId":14097195}},"BV2NR3OUqlCSVE35FANZg6kREX1fgdg7BfRrVlACahpA":{"registrationId":1010831089,"currentRatchet":{"ephemeralKeyPair":{"pubKey":"BQA/GNYVovXW18cxHY7phRH/ux2aI/7UZiezyW5Xc3Vh","privKey":"+L6nRjXxut93n4sia8u2FP1wbeFGXd9moRvNezNnAWU="},"lastRemoteEphemeralKey":"BVEXH8G9uQpIWsKARsRvcweVTBK3awSNy1shmEik3zoX","previousCounter":0,"rootKey":"fwOuh0Epz6j3jzD0EGtAiru3YrZv7Aagt0IRoYjlk0Q="},"indexInfo":{"baseKey":"BV2NR3OUqlCSVE35FANZg6kREX1fgdg7BfRrVlACahpA","baseKeyType":1,"closed":1743269446372,"used":1743269445911,"created":1743269445911,"remoteIdentityKey":"BXvbXr+N4gb6KmG/RxR/CMVRjHlUcpcaLEYZwFqWGW4/"},"_chains":{"BQA/GNYVovXW18cxHY7phRH/ux2aI/7UZiezyW5Xc3Vh":{"chainKey":{"counter":-1,"key":"65tDmt3/0U+F1NaUkZ5ELvrQT02nbEu1z58SYa8c4Ts="},"chainType":1,"messageKeys":{}}},"pendingPreKey":{"signedKeyId":11,"baseKey":"BV2NR3OUqlCSVE35FANZg6kREX1fgdg7BfRrVlACahpA","preKeyId":14096977}},"Beci06Mu+ZQoyMIvbUY7I8IydBqJyOY/lpTLjv0Lj3xD":{"registrationId":1010831089,"currentRatchet":{"ephemeralKeyPair":{"pubKey":"BeKGejkTN5u7sVkYB7esbuhDtQze65kZQR0K3ypA6v03","privKey":"OITkpBSlQgfRIsCwR8DTCXld6CtKmNLjP2/UAQAfuEg="},"lastRemoteEphemeralKey":"BVEXH8G9uQpIWsKARsRvcweVTBK3awSNy1shmEik3zoX","previousCounter":0,"rootKey":"yJPUJQEXO46UMzxQndeKejawNTU/iL5lQxHAODUrADQ="},"indexInfo":{"baseKey":"Beci06Mu+ZQoyMIvbUY7I8IydBqJyOY/lpTLjv0Lj3xD","baseKeyType":1,"closed":1743269446820,"used":1743269446371,"created":1743269446371,"remoteIdentityKey":"BXvbXr+N4gb6KmG/RxR/CMVRjHlUcpcaLEYZwFqWGW4/"},"_chains":{"BeKGejkTN5u7sVkYB7esbuhDtQze65kZQR0K3ypA6v03":{"chainKey":{"counter":-1,"key":"ecalJhqsk6mFdyo3sQXKTpcABcE8FnwBSIQDJ7YyzEY="},"chainType":1,"messageKeys":{}}},"pendingPreKey":{"signedKeyId":11,"baseKey":"Beci06Mu+ZQoyMIvbUY7I8IydBqJyOY/lpTLjv0Lj3xD","preKeyId":14097166}},"BeSwqrnWMATvrGwXeCVrj1ZDUv6IwTNE2CvTgkDqyK9D":{"registrationId":1010831089,"currentRatchet":{"ephemeralKeyPair":{"pubKey":"BQtYUl+YYXM+NmDxhoHEl7YDzDr2nhjXTsRsJUtKk05e","privKey":"MD9a1dYMjWSyIzGmdSOm7HkW57zVhMzWO6K8ZtmaF1Q="},"lastRemoteEphemeralKey":"BVEXH8G9uQpIWsKARsRvcweVTBK3awSNy1shmEik3zoX","previousCounter":0,"rootKey":"SQ1637UuuZHJtZdvZd1JitLtNFF1aWuR4Dgl5YFAMAU="},"indexInfo":{"baseKey":"BeSwqrnWMATvrGwXeCVrj1ZDUv6IwTNE2CvTgkDqyK9D","baseKeyType":1,"closed":1743269447264,"used":1743269446818,"created":1743269446818,"remoteIdentityKey":"BXvbXr+N4gb6KmG/RxR/CMVRjHlUcpcaLEYZwFqWGW4/"},"_chains":{"BQtYUl+YYXM+NmDxhoHEl7YDzDr2nhjXTsRsJUtKk05e":{"chainKey":{"counter":-1,"key":"ezmd+nlwrUjw4S45N+e7A90lIgXtUKqbYWnJnL1+XQg="},"chainType":1,"messageKeys":{}}},"pendingPreKey":{"signedKeyId":11,"baseKey":"BeSwqrnWMATvrGwXeCVrj1ZDUv6IwTNE2CvTgkDqyK9D","preKeyId":14097021}},"BU3TB+dHnjM4doen7dPOS8XRm6b9L3owZq9uTtQimytj":{"registrationId":1010831089,"currentRatchet":{"ephemeralKeyPair":{"pubKey":"BfinLathXVco8ckFeiWsUURutv5PfxjfhoQib+gsKBQk","privKey":"aBaxzxmDNmUwmTrl93zDAlU3bUu7AS5SsuVG1ue8Wno="},"lastRemoteEphemeralKey":"BVEXH8G9uQpIWsKARsRvcweVTBK3awSNy1shmEik3zoX","previousCounter":0,"rootKey":"2evl7z/2r+qcAvrQF82HSndoRFJcZQGSR673Y14yPAc="},"indexInfo":{"baseKey":"BU3TB+dHnjM4doen7dPOS8XRm6b9L3owZq9uTtQimytj","baseKeyType":1,"closed":1743269447689,"used":1743269447263,"created":1743269447263,"remoteIdentityKey":"BXvbXr+N4gb6KmG/RxR/CMVRjHlUcpcaLEYZwFqWGW4/"},"_chains":{"BfinLathXVco8ckFeiWsUURutv5PfxjfhoQib+gsKBQk":{"chainKey":{"counter":-1,"key":"rHaiUHRalp7RWlRkiM5RKNvZ3Xoq+12jXEBY/aZEbZo="},"chainType":1,"messageKeys":{}}},"pendingPreKey":{"signedKeyId":11,"baseKey":"BU3TB+dHnjM4doen7dPOS8XRm6b9L3owZq9uTtQimytj","preKeyId":14097224}},"BRj9d7st7m3zYX9/n1AR4TnCJwWS0AOvLfMxaqItQGxw":{"registrationId":1010831089,"currentRatchet":{"ephemeralKeyPair":{"pubKey":"BZXLKka4r+sJRo2hNvu+TwX9bCpLdDN+SUhpwgXVZxUm","privKey":"CAFm6hW4qGTBSvZErLonUQQVCQ606OEcKxmSCS4DNHs="},"lastRemoteEphemeralKey":"BVEXH8G9uQpIWsKARsRvcweVTBK3awSNy1shmEik3zoX","previousCounter":0,"rootKey":"jFPavlX/1c4+3otMQ1KXZ7VBeApSVJNFUy20M/yS1BE="},"indexInfo":{"baseKey":"BRj9d7st7m3zYX9/n1AR4TnCJwWS0AOvLfMxaqItQGxw","baseKeyType":1,"closed":1743269448160,"used":1743269447688,"created":1743269447688,"remoteIdentityKey":"BXvbXr+N4gb6KmG/RxR/CMVRjHlUcpcaLEYZwFqWGW4/"},"_chains":{"BZXLKka4r+sJRo2hNvu+TwX9bCpLdDN+SUhpwgXVZxUm":{"chainKey":{"counter":-1,"key":"V82iP7KSylVCcKVWrRANiTKE/kTfPb5PTqwNRgJz5UY="},"chainType":1,"messageKeys":{}}},"pendingPreKey":{"signedKeyId":11,"baseKey":"BRj9d7st7m3zYX9/n1AR4TnCJwWS0AOvLfMxaqItQGxw","preKeyId":14097004}},"BYSp2QMdOoXXxY4znIIr1t1ToW2Z8krTDn/Ip8pAMx9/":{"registrationId":1010831089,"currentRatchet":{"ephemeralKeyPair":{"pubKey":"BYU1ROYYQ6nJSWc7jaDw23zvALxc2cYKpAKpLoApnPMH","privKey":"wF3fvleYtwIY3MutjYJgILe7VZKCSvClu0QsyHcjC2o="},"lastRemoteEphemeralKey":"BVEXH8G9uQpIWsKARsRvcweVTBK3awSNy1shmEik3zoX","previousCounter":0,"rootKey":"A5d62er+bWqFf8BhDikWb3W/14K6ltB/H7Msjn+uEzo="},"indexInfo":{"baseKey":"BYSp2QMdOoXXxY4znIIr1t1ToW2Z8krTDn/Ip8pAMx9/","baseKeyType":1,"closed":1743269448643,"used":1743269448159,"created":1743269448159,"remoteIdentityKey":"BXvbXr+N4gb6KmG/RxR/CMVRjHlUcpcaLEYZwFqWGW4/"},"_chains":{"BYU1ROYYQ6nJSWc7jaDw23zvALxc2cYKpAKpLoApnPMH":{"chainKey":{"counter":-1,"key":"Jf3HW/PGyMeIXVd8gp+Cxn5pVH8GWFYxXkBXEGKuhVw="},"chainType":1,"messageKeys":{}}},"pendingPreKey":{"signedKeyId":11,"baseKey":"BYSp2QMdOoXXxY4znIIr1t1ToW2Z8krTDn/Ip8pAMx9/","preKeyId":14097034}},"Bd5xAdMS0UcITu0e3J3bpJv51HYFyxSfCwX7L60V/kAg":{"registrationId":1010831089,"currentRatchet":{"ephemeralKeyPair":{"pubKey":"BVgC7TQOzVymMA2fR75IoZawruyFcMFqX4EmNzt9kg0k","privKey":"KETUvthZOFfuAyLhqDQoOm5MdOQFEYegdHFrkrT1p3Y="},"lastRemoteEphemeralKey":"BVEXH8G9uQpIWsKARsRvcweVTBK3awSNy1shmEik3zoX","previousCounter":0,"rootKey":"8VhWAD/7IczMlJQjE+NOt42Xm6+yofykQWfenH9osGY="},"indexInfo":{"baseKey":"Bd5xAdMS0UcITu0e3J3bpJv51HYFyxSfCwX7L60V/kAg","baseKeyType":1,"closed":1743269449108,"used":1743269448642,"created":1743269448642,"remoteIdentityKey":"BXvbXr+N4gb6KmG/RxR/CMVRjHlUcpcaLEYZwFqWGW4/"},"_chains":{"BVgC7TQOzVymMA2fR75IoZawruyFcMFqX4EmNzt9kg0k":{"chainKey":{"counter":-1,"key":"6dSTRgL7f4UrgOA7esVotbSYRxR947wyuY47vkIp+gI="},"chainType":1,"messageKeys":{}}},"pendingPreKey":{"signedKeyId":11,"baseKey":"Bd5xAdMS0UcITu0e3J3bpJv51HYFyxSfCwX7L60V/kAg","preKeyId":14096975}},"BRxS5uE/npGRB5rwomAIm4s5fPwqIMxMh1uj4odYceob":{"registrationId":1010831089,"currentRatchet":{"ephemeralKeyPair":{"pubKey":"BVc9VzNDErZaatcgcLNinvzGLsaj1dHZ6MVDS3BH/yha","privKey":"mPRT86ywoUoc+bkQ0iNU8u/4LXRJtKNHYzrewTTTj3k="},"lastRemoteEphemeralKey":"BVEXH8G9uQpIWsKARsRvcweVTBK3awSNy1shmEik3zoX","previousCounter":0,"rootKey":"ZxpnLuIunGoktzPU+TjzwiacFllADWtzntOc8yM31VQ="},"indexInfo":{"baseKey":"BRxS5uE/npGRB5rwomAIm4s5fPwqIMxMh1uj4odYceob","baseKeyType":1,"closed":1743269449573,"used":1743269449108,"created":1743269449108,"remoteIdentityKey":"BXvbXr+N4gb6KmG/RxR/CMVRjHlUcpcaLEYZwFqWGW4/"},"_chains":{"BVc9VzNDErZaatcgcLNinvzGLsaj1dHZ6MVDS3BH/yha":{"chainKey":{"counter":-1,"key":"h0ajxX4Fembtj6/D5aviA4UUcb6yCh1GwQwYEJhNTSM="},"chainType":1,"messageKeys":{}}},"pendingPreKey":{"signedKeyId":11,"baseKey":"BRxS5uE/npGRB5rwomAIm4s5fPwqIMxMh1uj4odYceob","preKeyId":14096993}},"Bdn1tVnNiFGOUEuS3ewu5UO4Qxn9agOOButueZoTFoQM":{"registrationId":1010831089,"currentRatchet":{"ephemeralKeyPair":{"pubKey":"BX5NybuwagclHJvF9Ykjwf5vhJS48tpdHSVb4MIrpyk5","privKey":"KOLq3BsasmcPiAjyiZYv0brXh5l9SILPzouE4FWXsmY="},"lastRemoteEphemeralKey":"BVEXH8G9uQpIWsKARsRvcweVTBK3awSNy1shmEik3zoX","previousCounter":0,"rootKey":"FMzR/834sWVy+s/0rWU1LA04fDwglNMmigu3I/W2ZvM="},"indexInfo":{"baseKey":"Bdn1tVnNiFGOUEuS3ewu5UO4Qxn9agOOButueZoTFoQM","baseKeyType":1,"closed":1743269450040,"used":1743269449572,"created":1743269449572,"remoteIdentityKey":"BXvbXr+N4gb6KmG/RxR/CMVRjHlUcpcaLEYZwFqWGW4/"},"_chains":{"BX5NybuwagclHJvF9Ykjwf5vhJS48tpdHSVb4MIrpyk5":{"chainKey":{"counter":-1,"key":"AcwM8GEFBcC9h0Ino6mzG9XnM+Yq0GLjIdzRSg6znoA="},"chainType":1,"messageKeys":{}}},"pendingPreKey":{"signedKeyId":11,"baseKey":"Bdn1tVnNiFGOUEuS3ewu5UO4Qxn9agOOButueZoTFoQM","preKeyId":14097203}},"BS5xijeh4dN4LRsiNVKDz1uJ52Y1PhZpDSCubLlPMZZS":{"registrationId":1010831089,"currentRatchet":{"ephemeralKeyPair":{"pubKey":"BUnBBrt+ddou8oRFa2DUjsjC2tASWgDm+PFp7U6fxvNq","privKey":"cL0bHApLwnCl0GEdxBQzjaq4ycwWibIoLFwNR4w1f0A="},"lastRemoteEphemeralKey":"BVEXH8G9uQpIWsKARsRvcweVTBK3awSNy1shmEik3zoX","previousCounter":0,"rootKey":"WVSrKLzB1q6gYP82okI6Vc+9Xs4UWJ+ZmByNMM/fyJU="},"indexInfo":{"baseKey":"BS5xijeh4dN4LRsiNVKDz1uJ52Y1PhZpDSCubLlPMZZS","baseKeyType":1,"closed":1743269450485,"used":1743269450039,"created":1743269450039,"remoteIdentityKey":"BXvbXr+N4gb6KmG/RxR/CMVRjHlUcpcaLEYZwFqWGW4/"},"_chains":{"BUnBBrt+ddou8oRFa2DUjsjC2tASWgDm+PFp7U6fxvNq":{"chainKey":{"counter":-1,"key":"ECPX+SEMD6VvUJtBk1Sx0w+CY+AjgwqcK908o1HXHmA="},"chainType":1,"messageKeys":{}}},"pendingPreKey":{"signedKeyId":11,"baseKey":"BS5xijeh4dN4LRsiNVKDz1uJ52Y1PhZpDSCubLlPMZZS","preKeyId":14096962}},"BSYZH8H26+0mlKcSOvNP4ulZQaFNe8YWcSp/HDfldbAx":{"registrationId":1010831089,"currentRatchet":{"ephemeralKeyPair":{"pubKey":"BecNvDZ4R6RGfhyyYHA2cgeYYaJ8rfriYRfZ8wImo6Uu","privKey":"uMECDLnwxuYzIUOJzRmS+kZpLQXv12RSkXP72vVAGnE="},"lastRemoteEphemeralKey":"BVEXH8G9uQpIWsKARsRvcweVTBK3awSNy1shmEik3zoX","previousCounter":0,"rootKey":"tmREKuYh8HhJ5ktIkWn6ttQDLkTJgTc9w6M8qT9HYio="},"indexInfo":{"baseKey":"BSYZH8H26+0mlKcSOvNP4ulZQaFNe8YWcSp/HDfldbAx","baseKeyType":1,"closed":1743269450964,"used":1743269450484,"created":1743269450484,"remoteIdentityKey":"BXvbXr+N4gb6KmG/RxR/CMVRjHlUcpcaLEYZwFqWGW4/"},"_chains":{"BecNvDZ4R6RGfhyyYHA2cgeYYaJ8rfriYRfZ8wImo6Uu":{"chainKey":{"counter":-1,"key":"V6aCufYvCy4Va4LosYRSuaOFUEC6gnKEElMvKnAhZp8="},"chainType":1,"messageKeys":{}}},"pendingPreKey":{"signedKeyId":11,"baseKey":"BSYZH8H26+0mlKcSOvNP4ulZQaFNe8YWcSp/HDfldbAx","preKeyId":14096922}},"BUshAKQod/ET0a3Al5cfB8RCHPBlajBdFiHx0281mpYm":{"registrationId":1010831089,"currentRatchet":{"ephemeralKeyPair":{"pubKey":"BRjGUUjfOT4AZy0MMqaCVePcLpeRZfIuJOJ9J2jEajxk","privKey":"6Nrjfw4Ca1NWQf4BKn7MTqrGLxoUVmLoz0JSgo2PdmM="},"lastRemoteEphemeralKey":"BVEXH8G9uQpIWsKARsRvcweVTBK3awSNy1shmEik3zoX","previousCounter":0,"rootKey":"RqE76MWEx3//JDxEpfgqGqNgw3dZuTHfMJDbDOY9ry4="},"indexInfo":{"baseKey":"BUshAKQod/ET0a3Al5cfB8RCHPBlajBdFiHx0281mpYm","baseKeyType":1,"closed":1743269451408,"used":1743269450963,"created":1743269450963,"remoteIdentityKey":"BXvbXr+N4gb6KmG/RxR/CMVRjHlUcpcaLEYZwFqWGW4/"},"_chains":{"BRjGUUjfOT4AZy0MMqaCVePcLpeRZfIuJOJ9J2jEajxk":{"chainKey":{"counter":-1,"key":"y0CD3u4wfLa9AjUGhVMUvzgYph+J8EnAuUAtdjaPVxU="},"chainType":1,"messageKeys":{}}},"pendingPreKey":{"signedKeyId":11,"baseKey":"BUshAKQod/ET0a3Al5cfB8RCHPBlajBdFiHx0281mpYm","preKeyId":14097048}},"BWJbgVn7o1Sqp1nHt9pwG2Uar9NyRuiAiR7KP9pENoZg":{"registrationId":1010831089,"currentRatchet":{"ephemeralKeyPair":{"pubKey":"BZExhxvv9ozMziqlcNvxSbqQsVIgLalaGufC2AxYest/","privKey":"GHf3+yDNBABUeZZRPpZkaixn8TI+SEfj1LBZiscD7nQ="},"lastRemoteEphemeralKey":"BVEXH8G9uQpIWsKARsRvcweVTBK3awSNy1shmEik3zoX","previousCounter":0,"rootKey":"FO8yIWJuEhsE4M1nhXdkXH5Bqtg2PXYbhgfq149r4tg="},"indexInfo":{"baseKey":"BWJbgVn7o1Sqp1nHt9pwG2Uar9NyRuiAiR7KP9pENoZg","baseKeyType":1,"closed":1743269451858,"used":1743269451407,"created":1743269451407,"remoteIdentityKey":"BXvbXr+N4gb6KmG/RxR/CMVRjHlUcpcaLEYZwFqWGW4/"},"_chains":{"BZExhxvv9ozMziqlcNvxSbqQsVIgLalaGufC2AxYest/":{"chainKey":{"counter":-1,"key":"GF85qjWRNqgkKmlgreOJcZtafKH9DAiptkkK3yULjRc="},"chainType":1,"messageKeys":{}}},"pendingPreKey":{"signedKeyId":11,"baseKey":"BWJbgVn7o1Sqp1nHt9pwG2Uar9NyRuiAiR7KP9pENoZg","preKeyId":14096949}},"BZPaknryI0V0pDJCgUz0roj9HoschLLjJOKJ1Gv5nJVw":{"registrationId":1010831089,"currentRatchet":{"ephemeralKeyPair":{"pubKey":"BR6XFOgib39hwOO+T1FkQ5Lek02ge/X9HfxvY5kqp/VZ","privKey":"QNXgYBOZZxuU1eoMgDapCcorC3CtJm2az+V19qU5DVg="},"lastRemoteEphemeralKey":"BVEXH8G9uQpIWsKARsRvcweVTBK3awSNy1shmEik3zoX","previousCounter":0,"rootKey":"ex3tPMqX2a0BtyhmpYcf3OUBPUt3hnhUjm23LlN0hnY="},"indexInfo":{"baseKey":"BZPaknryI0V0pDJCgUz0roj9HoschLLjJOKJ1Gv5nJVw","baseKeyType":1,"closed":1743269452310,"used":1743269451857,"created":1743269451857,"remoteIdentityKey":"BXvbXr+N4gb6KmG/RxR/CMVRjHlUcpcaLEYZwFqWGW4/"},"_chains":{"BR6XFOgib39hwOO+T1FkQ5Lek02ge/X9HfxvY5kqp/VZ":{"chainKey":{"counter":-1,"key":"kItlVBkHHxXs+swPU21LdJXVPBScWK9eVIk97n3TIQI="},"chainType":1,"messageKeys":{}}},"pendingPreKey":{"signedKeyId":11,"baseKey":"BZPaknryI0V0pDJCgUz0roj9HoschLLjJOKJ1Gv5nJVw","preKeyId":14097285}},"Bcf5hkbTL4xl7Ng8utfQ+QClBz5cruFv2TWY9IlsK/Ab":{"registrationId":1010831089,"currentRatchet":{"ephemeralKeyPair":{"pubKey":"Bcc26ju0XWNxs17svpvgj+XjwKKQdiQ69qgUb1RvFYB4","privKey":"6E1Bcbek14sQEzoLCICNOL+j3/B7vskRhrRsHTvvMGU="},"lastRemoteEphemeralKey":"BVEXH8G9uQpIWsKARsRvcweVTBK3awSNy1shmEik3zoX","previousCounter":0,"rootKey":"pSAza+MaAJTF5ZYe0/dXe8A3uPbR9eyBlLZ4MJ5EJSY="},"indexInfo":{"baseKey":"Bcf5hkbTL4xl7Ng8utfQ+QClBz5cruFv2TWY9IlsK/Ab","baseKeyType":1,"closed":1743269452751,"used":1743269452309,"created":1743269452309,"remoteIdentityKey":"BXvbXr+N4gb6KmG/RxR/CMVRjHlUcpcaLEYZwFqWGW4/"},"_chains":{"Bcc26ju0XWNxs17svpvgj+XjwKKQdiQ69qgUb1RvFYB4":{"chainKey":{"counter":-1,"key":"0UW8vDxr+/+E13ttcZ5tvZIdtNMrOia42yINEBLSnwM="},"chainType":1,"messageKeys":{}}},"pendingPreKey":{"signedKeyId":11,"baseKey":"Bcf5hkbTL4xl7Ng8utfQ+QClBz5cruFv2TWY9IlsK/Ab","preKeyId":14097153}},"Bc+GeCTqb3qPWRd90ggIVNEWAT+uUjDxr8yFbeZfHlF+":{"registrationId":1010831089,"currentRatchet":{"ephemeralKeyPair":{"pubKey":"BV9t11Fu+dRYrIPNxMDqMtOc7dMs2Xws16+a5OMANqsw","privKey":"8HG0f5tpXw9CZRHLHBfxu+qLpzNMqygd2CFJ6UL+NUo="},"lastRemoteEphemeralKey":"BVEXH8G9uQpIWsKARsRvcweVTBK3awSNy1shmEik3zoX","previousCounter":0,"rootKey":"dsLF90z9tY3vPeFib6auJbSWe3RAYqU6f8ehbdZhp58="},"indexInfo":{"baseKey":"Bc+GeCTqb3qPWRd90ggIVNEWAT+uUjDxr8yFbeZfHlF+","baseKeyType":1,"closed":1743269453196,"used":1743269452750,"created":1743269452750,"remoteIdentityKey":"BXvbXr+N4gb6KmG/RxR/CMVRjHlUcpcaLEYZwFqWGW4/"},"_chains":{"BV9t11Fu+dRYrIPNxMDqMtOc7dMs2Xws16+a5OMANqsw":{"chainKey":{"counter":-1,"key":"D4UDOIvCTKTSFJKx4qnRaRZosfl5LCAkZhG/I9pDJU8="},"chainType":1,"messageKeys":{}}},"pendingPreKey":{"signedKeyId":11,"baseKey":"Bc+GeCTqb3qPWRd90ggIVNEWAT+uUjDxr8yFbeZfHlF+","preKeyId":14097210}},"BakDzcxk5fxICMrFaNJmggebUYDc/8/7oODmJlGFAGs6":{"registrationId":1010831089,"currentRatchet":{"ephemeralKeyPair":{"pubKey":"BV6zQ64et8qjeZwTAFtwjIMXQZz3tzawekXlTzu4jCl9","privKey":"cBpqGPgah6nM4WA4RTxE+Yva3mUjQKm/KO84mQtIBW4="},"lastRemoteEphemeralKey":"BVEXH8G9uQpIWsKARsRvcweVTBK3awSNy1shmEik3zoX","previousCounter":0,"rootKey":"lnW6d8ZGJ9qZBlrA3I0sqedgahpwW7d5brinVIpVQH0="},"indexInfo":{"baseKey":"BakDzcxk5fxICMrFaNJmggebUYDc/8/7oODmJlGFAGs6","baseKeyType":1,"closed":1743269453650,"used":1743269453196,"created":1743269453196,"remoteIdentityKey":"BXvbXr+N4gb6KmG/RxR/CMVRjHlUcpcaLEYZwFqWGW4/"},"_chains":{"BV6zQ64et8qjeZwTAFtwjIMXQZz3tzawekXlTzu4jCl9":{"chainKey":{"counter":-1,"key":"Rk5m/8o3Wo0n2EkPMLih4hAc70kp/aTcxfP01rChPX0="},"chainType":1,"messageKeys":{}}},"pendingPreKey":{"signedKeyId":11,"baseKey":"BakDzcxk5fxICMrFaNJmggebUYDc/8/7oODmJlGFAGs6","preKeyId":14097263}},"BRwGp/e+kaLzNx6QXCl+8lrC4UzKOF8suIb+vglf/3Fe":{"registrationId":1010831089,"currentRatchet":{"ephemeralKeyPair":{"pubKey":"BQuLSuPuzO4rvQPA2qgAhmzNfJCztmcRH4jJd8y9vHIB","privKey":"OFnx3gMSbR9eqDpmhLzCbSSZbSJdnAyr7iww/8YFR3M="},"lastRemoteEphemeralKey":"BVEXH8G9uQpIWsKARsRvcweVTBK3awSNy1shmEik3zoX","previousCounter":0,"rootKey":"t9dZ4FMxdBOuE1tsFlGYtkRomA7lFkpUIcfS/2I0fQQ="},"indexInfo":{"baseKey":"BRwGp/e+kaLzNx6QXCl+8lrC4UzKOF8suIb+vglf/3Fe","baseKeyType":1,"closed":1743269454112,"used":1743269453649,"created":1743269453649,"remoteIdentityKey":"BXvbXr+N4gb6KmG/RxR/CMVRjHlUcpcaLEYZwFqWGW4/"},"_chains":{"BQuLSuPuzO4rvQPA2qgAhmzNfJCztmcRH4jJd8y9vHIB":{"chainKey":{"counter":-1,"key":"0FbeilVAgZyaBVsrc4AY3j4k46XVQ0uPCbIbvyho6N8="},"chainType":1,"messageKeys":{}}},"pendingPreKey":{"signedKeyId":11,"baseKey":"BRwGp/e+kaLzNx6QXCl+8lrC4UzKOF8suIb+vglf/3Fe","preKeyId":14096867}},"Bb46aGU/SGAWlL0s6PvmIx9RBWTOfGrTqEuVagVtlvs9":{"registrationId":1010831089,"currentRatchet":{"ephemeralKeyPair":{"pubKey":"BTRi4MhaLX+KQdu4QTzMHbCFQnPBzxb8FCUWVTubNzQ7","privKey":"sCiTQQPl1BZAesJRVwqrd3+jX0RaR0RMAUUc7Q9WqFQ="},"lastRemoteEphemeralKey":"BVEXH8G9uQpIWsKARsRvcweVTBK3awSNy1shmEik3zoX","previousCounter":0,"rootKey":"hJZ/sioXZpx8o6tDXI9xzDERdRkf6tGwaEjw6xZ4HsY="},"indexInfo":{"baseKey":"Bb46aGU/SGAWlL0s6PvmIx9RBWTOfGrTqEuVagVtlvs9","baseKeyType":1,"closed":1743269454542,"used":1743269454112,"created":1743269454112,"remoteIdentityKey":"BXvbXr+N4gb6KmG/RxR/CMVRjHlUcpcaLEYZwFqWGW4/"},"_chains":{"BTRi4MhaLX+KQdu4QTzMHbCFQnPBzxb8FCUWVTubNzQ7":{"chainKey":{"counter":-1,"key":"/aZOwMTHkj9tZtmP0OkAIskbLqjSzi5NgzUj/FHBHF8="},"chainType":1,"messageKeys":{}}},"pendingPreKey":{"signedKeyId":11,"baseKey":"Bb46aGU/SGAWlL0s6PvmIx9RBWTOfGrTqEuVagVtlvs9","preKeyId":14097247}},"BU7iFGUSklL266Q4b419ajzBoGhoNN6FATMFDkAh3/5u":{"registrationId":1010831089,"currentRatchet":{"ephemeralKeyPair":{"pubKey":"BW57NU5WxPcujgjZo8FFVYpNQFASyHS77PBhbigYT7BO","privKey":"oK6Pfst70hWeuWUFSO39BluY0Kn1JtNsTR06at1xoGM="},"lastRemoteEphemeralKey":"BVEXH8G9uQpIWsKARsRvcweVTBK3awSNy1shmEik3zoX","previousCounter":0,"rootKey":"ATu52HiApYyf9oPX0GTxlPWPl/gGkyuZ/OP/0wvLZ3M="},"indexInfo":{"baseKey":"BU7iFGUSklL266Q4b419ajzBoGhoNN6FATMFDkAh3/5u","baseKeyType":1,"closed":1743269454964,"used":1743269454542,"created":1743269454542,"remoteIdentityKey":"BXvbXr+N4gb6KmG/RxR/CMVRjHlUcpcaLEYZwFqWGW4/"},"_chains":{"BW57NU5WxPcujgjZo8FFVYpNQFASyHS77PBhbigYT7BO":{"chainKey":{"counter":-1,"key":"qFfa6X+E9UKfgiOqtc1WVigi/sz9pJ4yj3AmuBUO170="},"chainType":1,"messageKeys":{}}},"pendingPreKey":{"signedKeyId":11,"baseKey":"BU7iFGUSklL266Q4b419ajzBoGhoNN6FATMFDkAh3/5u","preKeyId":14096964}},"BWD5iPT15GjbddWeqVasTEx2m+tqFTaA0cLInj4snRp2":{"registrationId":1010831089,"currentRatchet":{"ephemeralKeyPair":{"pubKey":"BVbAt9bNuxacFYkaSMVsonQYHxTGrGRrl6+yfwqB809a","privKey":"IIC4Zn7+eyg8o1OtjkVdEF1troPXdOKEeq93zqhdzEQ="},"lastRemoteEphemeralKey":"BVEXH8G9uQpIWsKARsRvcweVTBK3awSNy1shmEik3zoX","previousCounter":0,"rootKey":"3ZXVf3drAJBFLvtmBVRY1nbFMQtfk/riCkwIZzi/xBg="},"indexInfo":{"baseKey":"BWD5iPT15GjbddWeqVasTEx2m+tqFTaA0cLInj4snRp2","baseKeyType":1,"closed":1743269455426,"used":1743269454963,"created":1743269454963,"remoteIdentityKey":"BXvbXr+N4gb6KmG/RxR/CMVRjHlUcpcaLEYZwFqWGW4/"},"_chains":{"BVbAt9bNuxacFYkaSMVsonQYHxTGrGRrl6+yfwqB809a":{"chainKey":{"counter":-1,"key":"1yIcYrtubLkoAA00ZN4YOJmUpDqGsjdAZXsgTwNVHT4="},"chainType":1,"messageKeys":{}}},"pendingPreKey":{"signedKeyId":11,"baseKey":"BWD5iPT15GjbddWeqVasTEx2m+tqFTaA0cLInj4snRp2","preKeyId":14097033}},"BSckLRdoxTWKmkj/Pq4PZhXzoUUgbSdgJT4UE07xTVNy":{"registrationId":1010831089,"currentRatchet":{"ephemeralKeyPair":{"pubKey":"BVnyUTCtrzT+MWKu+wdWuVsaPWm9Kbkta9NwTknq8aw2","privKey":"uFSlRsQkzcq9khEKZOd8p1hlCK+OMBOrkaMRcJrRdmc="},"lastRemoteEphemeralKey":"BVEXH8G9uQpIWsKARsRvcweVTBK3awSNy1shmEik3zoX","previousCounter":0,"rootKey":"BKmW5zVJX+Kgvffbz1DHyvlbRpUV4ndFSyywlz6x4OE="},"indexInfo":{"baseKey":"BSckLRdoxTWKmkj/Pq4PZhXzoUUgbSdgJT4UE07xTVNy","baseKeyType":1,"closed":1743269456059,"used":1743269455425,"created":1743269455425,"remoteIdentityKey":"BXvbXr+N4gb6KmG/RxR/CMVRjHlUcpcaLEYZwFqWGW4/"},"_chains":{"BVnyUTCtrzT+MWKu+wdWuVsaPWm9Kbkta9NwTknq8aw2":{"chainKey":{"counter":-1,"key":"FvignVGWOQ3CiKplNmTBpQ5vttKQTwsp5YSKTXVtBTM="},"chainType":1,"messageKeys":{}}},"pendingPreKey":{"signedKeyId":11,"baseKey":"BSckLRdoxTWKmkj/Pq4PZhXzoUUgbSdgJT4UE07xTVNy","preKeyId":14097175}},"BXkI8yRtefBr67/GTzkueqd+OTIr7NaVqqKSdXWX+1gs":{"registrationId":1010831089,"currentRatchet":{"ephemeralKeyPair":{"pubKey":"BfD3ZydUOHlXhLUr69B7aWImjGb1q2V2F4MjCCtlBHFO","privKey":"6N1JmTFautZKOKaKKd051TDEZ5ylRceKJyxq19HicFA="},"lastRemoteEphemeralKey":"BVEXH8G9uQpIWsKARsRvcweVTBK3awSNy1shmEik3zoX","previousCounter":0,"rootKey":"/0Uj6utVQ39tnxIRDpSmS40OGqSg1vUWDqnnPABkwJE="},"indexInfo":{"baseKey":"BXkI8yRtefBr67/GTzkueqd+OTIr7NaVqqKSdXWX+1gs","baseKeyType":1,"closed":1743269456533,"used":1743269456058,"created":1743269456058,"remoteIdentityKey":"BXvbXr+N4gb6KmG/RxR/CMVRjHlUcpcaLEYZwFqWGW4/"},"_chains":{"BfD3ZydUOHlXhLUr69B7aWImjGb1q2V2F4MjCCtlBHFO":{"chainKey":{"counter":-1,"key":"evSTiiTpOyrWVZZMBNNV8L+QE2hkwOLI3qnWBipFZ6E="},"chainType":1,"messageKeys":{}}},"pendingPreKey":{"signedKeyId":11,"baseKey":"BXkI8yRtefBr67/GTzkueqd+OTIr7NaVqqKSdXWX+1gs","preKeyId":14097180}},"BX7ZWkA36NLGLZ0OfvL9TA490WW92AHqYqbkhMVR9bYm":{"registrationId":1010831089,"currentRatchet":{"ephemeralKeyPair":{"pubKey":"BcOP0D23qD1jMSB2dEtQUkhL1DsKJQwdEfNNzBamhFUD","privKey":"EGwwIoWQ3D86CoHCVy6pQZvg7YXbEe+Qne0lyegrkWc="},"lastRemoteEphemeralKey":"BVEXH8G9uQpIWsKARsRvcweVTBK3awSNy1shmEik3zoX","previousCounter":0,"rootKey":"PG4G2ngP/UcOTgBRqi4MnKwZDYzf8yoc0NjSZASFD+U="},"indexInfo":{"baseKey":"BX7ZWkA36NLGLZ0OfvL9TA490WW92AHqYqbkhMVR9bYm","baseKeyType":1,"closed":1743269456993,"used":1743269456519,"created":1743269456519,"remoteIdentityKey":"BXvbXr+N4gb6KmG/RxR/CMVRjHlUcpcaLEYZwFqWGW4/"},"_chains":{"BcOP0D23qD1jMSB2dEtQUkhL1DsKJQwdEfNNzBamhFUD":{"chainKey":{"counter":-1,"key":"/oK9R/nfCWc9sJS/AnNmU9VZaOgiP3A1QRAdGqjFP8E="},"chainType":1,"messageKeys":{}}},"pendingPreKey":{"signedKeyId":11,"baseKey":"BX7ZWkA36NLGLZ0OfvL9TA490WW92AHqYqbkhMVR9bYm","preKeyId":14097255}},"BRUfSvDLeFI2Gc3QNx+/0A0AaVPmCdPjTDMslgUK6ugi":{"registrationId":1010831089,"currentRatchet":{"ephemeralKeyPair":{"pubKey":"BTPUMUWY4UHQwyIILvCoikAHnMMLgOS/zq6qBcKK2lMr","privKey":"EIK1oU28bOfL3klHG13fIPnaq8v1nm9HjhdBt/BOCmU="},"lastRemoteEphemeralKey":"BVEXH8G9uQpIWsKARsRvcweVTBK3awSNy1shmEik3zoX","previousCounter":0,"rootKey":"ioECKhK99iOWIBVP9qiw9kNCfJK36wZa17p1ermTRW8="},"indexInfo":{"baseKey":"BRUfSvDLeFI2Gc3QNx+/0A0AaVPmCdPjTDMslgUK6ugi","baseKeyType":1,"closed":1743269457434,"used":1743269456993,"created":1743269456993,"remoteIdentityKey":"BXvbXr+N4gb6KmG/RxR/CMVRjHlUcpcaLEYZwFqWGW4/"},"_chains":{"BTPUMUWY4UHQwyIILvCoikAHnMMLgOS/zq6qBcKK2lMr":{"chainKey":{"counter":-1,"key":"S3AQYIk/neYFSWi6Ad+Uk9MvCBvYEPeECOpFWn1Kzx8="},"chainType":1,"messageKeys":{}}},"pendingPreKey":{"signedKeyId":11,"baseKey":"BRUfSvDLeFI2Gc3QNx+/0A0AaVPmCdPjTDMslgUK6ugi","preKeyId":14097015}},"BSpofAhQd5IOb92VeVKyYq7S/YZ/5FhEixPdV7Hg33Y5":{"registrationId":1010831089,"currentRatchet":{"ephemeralKeyPair":{"pubKey":"BRjMnyzM08hYYw6o5hLJT+GUEeS+2wsejCvk30iKNDdw","privKey":"OB9pyqaWaLFyCNs3EGNidY/2nho5fGxx4FI6zaCPmV8="},"lastRemoteEphemeralKey":"BVEXH8G9uQpIWsKARsRvcweVTBK3awSNy1shmEik3zoX","previousCounter":0,"rootKey":"KAqVIRyX9NnJN00/G6keeJ0vUveCihTbpFCLImw1EK4="},"indexInfo":{"baseKey":"BSpofAhQd5IOb92VeVKyYq7S/YZ/5FhEixPdV7Hg33Y5","baseKeyType":1,"closed":1743269457894,"used":1743269457433,"created":1743269457433,"remoteIdentityKey":"BXvbXr+N4gb6KmG/RxR/CMVRjHlUcpcaLEYZwFqWGW4/"},"_chains":{"BRjMnyzM08hYYw6o5hLJT+GUEeS+2wsejCvk30iKNDdw":{"chainKey":{"counter":-1,"key":"V9wo8yXWBO/RDA6DLQkoM7Pe1qWUT2AnMY7OU/rPwDU="},"chainType":1,"messageKeys":{}}},"pendingPreKey":{"signedKeyId":11,"baseKey":"BSpofAhQd5IOb92VeVKyYq7S/YZ/5FhEixPdV7Hg33Y5","preKeyId":14097239}},"BTQgvorkHbIKEgmvujMu3/sponS7ysTKnISFLeYAohkf":{"registrationId":1010831089,"currentRatchet":{"ephemeralKeyPair":{"pubKey":"BbwfPrm1MgRK2GevlhdlhP559r7772iFMXLH1/FWlsso","privKey":"WGKNpqH2DxvC1n+t6P40r9ELt79Y0RBFhbfrfP4v0UY="},"lastRemoteEphemeralKey":"BVEXH8G9uQpIWsKARsRvcweVTBK3awSNy1shmEik3zoX","previousCounter":0,"rootKey":"P/PNO1A8PoPHOG93PYokhiM/Kfzaynl8QHViHsSrzg4="},"indexInfo":{"baseKey":"BTQgvorkHbIKEgmvujMu3/sponS7ysTKnISFLeYAohkf","baseKeyType":1,"closed":-1,"used":1743269457893,"created":1743269457893,"remoteIdentityKey":"BXvbXr+N4gb6KmG/RxR/CMVRjHlUcpcaLEYZwFqWGW4/"},"_chains":{"BbwfPrm1MgRK2GevlhdlhP559r7772iFMXLH1/FWlsso":{"chainKey":{"counter":101,"key":"rUpY82WLyWsZmOAf8e4L+InYhfmaxZRJ9p4Fs/OX8Fg="},"chainType":1,"messageKeys":{}}},"pendingPreKey":{"signedKeyId":11,"baseKey":"BTQgvorkHbIKEgmvujMu3/sponS7ysTKnISFLeYAohkf","preKeyId":14097162}}},"version":"v1"}