{"_sessions":{"BV6hIjr1fLk2t/GUqiwCc4gJKgwWyIHPNXO3YyVvFj1P":{"registrationId":506609343,"currentRatchet":{"ephemeralKeyPair":{"pubKey":"BU8DUDjJgKE9XX9LZfieNet1JtoWr1EwW2AEuXAVD3N5","privKey":"oBTE4g/tFPQBC3+XJkuIP3SnHvrtMhRUzkg6WKffClY="},"lastRemoteEphemeralKey":"BR1ounjH3E3aCTFWRELmJCj4NIMQVPY4ZpV/saLqB+oC","previousCounter":0,"rootKey":"TeWDRvKUqgPVSHTJfMRnc6OcykUYLSR1nYseh2cK76w="},"indexInfo":{"baseKey":"BV6hIjr1fLk2t/GUqiwCc4gJKgwWyIHPNXO3YyVvFj1P","baseKeyType":1,"closed":1743329285516,"used":1743257675494,"created":1743257675494,"remoteIdentityKey":"BYzdiF/94e0F2R/Z0CxERO8op+84S387d9mBWHpnAYx6"},"_chains":{"BU8DUDjJgKE9XX9LZfieNet1JtoWr1EwW2AEuXAVD3N5":{"chainKey":{"counter":49,"key":"KWgJQpfu6ut/AtX1nWgKny7svGlptr67VD1Gdhe+Maw="},"chainType":1,"messageKeys":{}}},"pendingPreKey":{"signedKeyId":12269229,"baseKey":"BV6hIjr1fLk2t/GUqiwCc4gJKgwWyIHPNXO3YyVvFj1P","preKeyId":1620}},"BRDcTvDr6hIj/bA+pAVhKnUvJLOmmFGR0e0gBjbTk+0N":{"registrationId":506609343,"currentRatchet":{"ephemeralKeyPair":{"pubKey":"BfFeAq71O2RPihXoCsfewXLBsZrzHjGqXPAgJB3ZolIi","privKey":"MNWjy2F8lUxzWZJs1SW3jfHrDqlvyO/BTyTPb7I4Q2c="},"lastRemoteEphemeralKey":"BR1ounjH3E3aCTFWRELmJCj4NIMQVPY4ZpV/saLqB+oC","previousCounter":0,"rootKey":"AcS0zPeY+N25GgHt8pOIEqPlmJ6oNM3e59gcVQq5k+Y="},"indexInfo":{"baseKey":"BRDcTvDr6hIj/bA+pAVhKnUvJLOmmFGR0e0gBjbTk+0N","baseKeyType":1,"closed":1743329347744,"used":1743329285510,"created":1743329285510,"remoteIdentityKey":"BYzdiF/94e0F2R/Z0CxERO8op+84S387d9mBWHpnAYx6"},"_chains":{"BfFeAq71O2RPihXoCsfewXLBsZrzHjGqXPAgJB3ZolIi":{"chainKey":{"counter":26,"key":"BjTjwSpsbzcFXO1YozcunirJwwSaADSzdjMKOc+y5yc="},"chainType":1,"messageKeys":{}}},"pendingPreKey":{"signedKeyId":12269229,"baseKey":"BRDcTvDr6hIj/bA+pAVhKnUvJLOmmFGR0e0gBjbTk+0N","preKeyId":931}},"BZbfoWVspGJyrjdKfl8kGGTNiPpRfOfFd8xWs+Dvrb8x":{"registrationId":506609343,"currentRatchet":{"ephemeralKeyPair":{"pubKey":"BXjIW3tyVl6uptiBEJV9mmacyeEO86cNSBBepMj8UnVs","privKey":"KMeksdmUuIHpeqVLhe8wF+Zl7J6HJJXI1d++P7lHQ00="},"lastRemoteEphemeralKey":"BR1ounjH3E3aCTFWRELmJCj4NIMQVPY4ZpV/saLqB+oC","previousCounter":0,"rootKey":"ok/mZIZ24nS+Uh0aceuA1z1uA3BIw1s/OqARH+tho+4="},"indexInfo":{"baseKey":"BZbfoWVspGJyrjdKfl8kGGTNiPpRfOfFd8xWs+Dvrb8x","baseKeyType":1,"closed":-1,"used":1743329347743,"created":1743329347743,"remoteIdentityKey":"BYzdiF/94e0F2R/Z0CxERO8op+84S387d9mBWHpnAYx6"},"_chains":{"BXjIW3tyVl6uptiBEJV9mmacyeEO86cNSBBepMj8UnVs":{"chainKey":{"counter":32,"key":"He7c/+xcfBo15/WjhiaJhqSeTFnTb16tRSghVx9y5BQ="},"chainType":1,"messageKeys":{}}},"pendingPreKey":{"signedKeyId":12269229,"baseKey":"BZbfoWVspGJyrjdKfl8kGGTNiPpRfOfFd8xWs+Dvrb8x","preKeyId":1494}}},"version":"v1"}