{"_sessions":{"BSJc67r+ul31zBwx3Lfh+yHkWkgomCUDIBT1Rf7Ft8Fh":{"registrationId":874887482,"currentRatchet":{"ephemeralKeyPair":{"pubKey":"BT8rnN8uv8dKV2JFBiEGDjlrALqPZ+8cgXBa5AUBP9pX","privKey":"eCyjfHPp2Jcq2x0+Nd6RGVKhZmWW0nIvE8OmwZ/o3lQ="},"lastRemoteEphemeralKey":"BQfIhE0LVEHEzY8dLATbknAtYkaDP5ZIw//p9dmgj71h","previousCounter":0,"rootKey":"+MG1pkeGvZu+Pn6bYZNUdWZxG46gYDP8IQl/7zk+GvM="},"indexInfo":{"baseKey":"BSJc67r+ul31zBwx3Lfh+yHkWkgomCUDIBT1Rf7Ft8Fh","baseKeyType":1,"closed":1743349024314,"used":1743257675526,"created":1743257675526,"remoteIdentityKey":"BQ4cdozazTg5/37Xhjkozs+a9SEJqJhMVVlgwiEltH5c"},"_chains":{"BT8rnN8uv8dKV2JFBiEGDjlrALqPZ+8cgXBa5AUBP9pX":{"chainKey":{"counter":104,"key":"tvJFWvAjY5uDn5Ue03eaSPpFu1VY3ZqOCB6ubZmcySU="},"chainType":1,"messageKeys":{}}},"pendingPreKey":{"signedKeyId":10,"baseKey":"BSJc67r+ul31zBwx3Lfh+yHkWkgomCUDIBT1Rf7Ft8Fh","preKeyId":11518024}},"BVU0YQQHuAJkABGMtr7pRMGnfYQWTbfdxxZZyTvuhCw0":{"registrationId":874887482,"currentRatchet":{"ephemeralKeyPair":{"pubKey":"BR/pSUPtHe3end+h9efIS6IS17GZFLk3YlNB5yMHK6hL","privKey":"SP5Kq6fW3IaKulykAqOKJwMKBBJLr4iVDCaNm0oYcnY="},"lastRemoteEphemeralKey":"BQfIhE0LVEHEzY8dLATbknAtYkaDP5ZIw//p9dmgj71h","previousCounter":0,"rootKey":"ZHX3ZujKyXhVBU8Ov0xjkth6djFN1pXpa8V6LfktRWs="},"indexInfo":{"baseKey":"BVU0YQQHuAJkABGMtr7pRMGnfYQWTbfdxxZZyTvuhCw0","baseKeyType":1,"closed":1743349024761,"used":1743349024306,"created":1743349024306,"remoteIdentityKey":"BQ4cdozazTg5/37Xhjkozs+a9SEJqJhMVVlgwiEltH5c"},"_chains":{"BR/pSUPtHe3end+h9efIS6IS17GZFLk3YlNB5yMHK6hL":{"chainKey":{"counter":0,"key":"mTpEIjoMFjzOFAmeX+OMJF+8A7dmECy7iHFHS1cBGok="},"chainType":1,"messageKeys":{}}},"pendingPreKey":{"signedKeyId":10,"baseKey":"BVU0YQQHuAJkABGMtr7pRMGnfYQWTbfdxxZZyTvuhCw0"}},"BQHbQP/ed9dLCxdFuLXZEMOoJKHe/KIVG5A33f7ASWcN":{"registrationId":874887482,"currentRatchet":{"ephemeralKeyPair":{"pubKey":"BXyhbja9dRO17BeumDKllmMpc+zuSw0MY91GYihvRYQw","privKey":"yC9v4YZHwwlZR5HUOSdFdWffSWHPEmfDqJu/u78VfXE="},"lastRemoteEphemeralKey":"BQfIhE0LVEHEzY8dLATbknAtYkaDP5ZIw//p9dmgj71h","previousCounter":0,"rootKey":"znsYZAfD6/U4zBcDcIsiPEGZN0bTbF9p81IzOJfa2hg="},"indexInfo":{"baseKey":"BQHbQP/ed9dLCxdFuLXZEMOoJKHe/KIVG5A33f7ASWcN","baseKeyType":1,"closed":1743349049994,"used":1743349024760,"created":1743349024760,"remoteIdentityKey":"BQ4cdozazTg5/37Xhjkozs+a9SEJqJhMVVlgwiEltH5c"},"_chains":{"BXyhbja9dRO17BeumDKllmMpc+zuSw0MY91GYihvRYQw":{"chainKey":{"counter":0,"key":"c9l/jPDJRrhkh3z4+Z6s2/tP/gnj/d09VBfD4w7eJRc="},"chainType":1,"messageKeys":{}}},"pendingPreKey":{"signedKeyId":10,"baseKey":"BQHbQP/ed9dLCxdFuLXZEMOoJKHe/KIVG5A33f7ASWcN"}},"BeYUWsnaEtQEoBH/Yr5XPYNP59a4WXKLqlysae3FAAIt":{"registrationId":874887482,"currentRatchet":{"ephemeralKeyPair":{"pubKey":"BYNxdhTQt6HzYkPOJO8uD0H/5j0nvKq//zxkVIqEwIFa","privKey":"0PmbQazkZIMjZIBaAwyq//fpGYdptNj/9K/AtV2OvUY="},"lastRemoteEphemeralKey":"BQfIhE0LVEHEzY8dLATbknAtYkaDP5ZIw//p9dmgj71h","previousCounter":0,"rootKey":"qq5Zy9vJIZ5EjqMsAJE0GnZLrsx6sWYSGIHUC1Kb97o="},"indexInfo":{"baseKey":"BeYUWsnaEtQEoBH/Yr5XPYNP59a4WXKLqlysae3FAAIt","baseKeyType":1,"closed":1743349050361,"used":1743349049993,"created":1743349049993,"remoteIdentityKey":"BQ4cdozazTg5/37Xhjkozs+a9SEJqJhMVVlgwiEltH5c"},"_chains":{"BYNxdhTQt6HzYkPOJO8uD0H/5j0nvKq//zxkVIqEwIFa":{"chainKey":{"counter":0,"key":"JmgNZK+XiC0sibA/SC5iUETuLFjmEV6FnnXrcYuN15Y="},"chainType":1,"messageKeys":{}}},"pendingPreKey":{"signedKeyId":10,"baseKey":"BeYUWsnaEtQEoBH/Yr5XPYNP59a4WXKLqlysae3FAAIt"}},"BXZTEYbBFQU1KtrxNg50M9N45ugg1vcbxfWRa1PeQvt2":{"registrationId":874887482,"currentRatchet":{"ephemeralKeyPair":{"pubKey":"BZNumW9cmj6Hgd8MGSY0FJX/0VSHo3okk1XyvReSv3d1","privKey":"AO6O0ge9jR09IAumUbASSJupiGjVg1i1G58KrBTcfU8="},"lastRemoteEphemeralKey":"BQfIhE0LVEHEzY8dLATbknAtYkaDP5ZIw//p9dmgj71h","previousCounter":0,"rootKey":"E+lWA+N1v69Jtc5nqAMS40RgZwQjHTdx17pBmErq0n8="},"indexInfo":{"baseKey":"BXZTEYbBFQU1KtrxNg50M9N45ugg1vcbxfWRa1PeQvt2","baseKeyType":1,"closed":1743349050693,"used":1743349050360,"created":1743349050360,"remoteIdentityKey":"BQ4cdozazTg5/37Xhjkozs+a9SEJqJhMVVlgwiEltH5c"},"_chains":{"BZNumW9cmj6Hgd8MGSY0FJX/0VSHo3okk1XyvReSv3d1":{"chainKey":{"counter":0,"key":"WhJLn0Q4VEtj/a1ee6JCtLqtniExL5UhiZXmqmFhlGY="},"chainType":1,"messageKeys":{}}},"pendingPreKey":{"signedKeyId":10,"baseKey":"BXZTEYbBFQU1KtrxNg50M9N45ugg1vcbxfWRa1PeQvt2"}},"BQbfBnnRQ3zzZ7ctaPBAlj0HxUBIwFOY0R0aEpHkvJ0C":{"registrationId":874887482,"currentRatchet":{"ephemeralKeyPair":{"pubKey":"BVURIYCway3UPeVlzimryba6XlWcoE6z+IlQlHaaWEFE","privKey":"KAvEuPEqRUclaXmAWdhNVF7nMTvubIkQsvY9EnavvlI="},"lastRemoteEphemeralKey":"BQfIhE0LVEHEzY8dLATbknAtYkaDP5ZIw//p9dmgj71h","previousCounter":0,"rootKey":"H6CFzS9fuIxfgunl5s/YMCaRAAErEjAnpfWqT5GY6MU="},"indexInfo":{"baseKey":"BQbfBnnRQ3zzZ7ctaPBAlj0HxUBIwFOY0R0aEpHkvJ0C","baseKeyType":1,"closed":-1,"used":1743349050693,"created":1743349050693,"remoteIdentityKey":"BQ4cdozazTg5/37Xhjkozs+a9SEJqJhMVVlgwiEltH5c"},"_chains":{"BVURIYCway3UPeVlzimryba6XlWcoE6z+IlQlHaaWEFE":{"chainKey":{"counter":0,"key":"Ih/q484IEK0VhOYIRJ+u4f0ymBtzZmu2X9tW+5CCRyM="},"chainType":1,"messageKeys":{}}},"pendingPreKey":{"signedKeyId":10,"baseKey":"BQbfBnnRQ3zzZ7ctaPBAlj0HxUBIwFOY0R0aEpHkvJ0C"}}},"version":"v1"}