{"_sessions":{"BceqBWFrXIvyypXUp7kCByY7QYjMuHWjPSyqLcUBJ2Zh":{"registrationId":274073367,"currentRatchet":{"ephemeralKeyPair":{"pubKey":"BSeWWjAW7SjvHlitRhKBb2UVndwUarEKb1i7kkSWodQw","privKey":"WLsls/mHsfzlyH35yd2hTNbgx48uxSvvgW7bgTP5M1g="},"lastRemoteEphemeralKey":"BUUvKvMrlfzBIcQ8YZEliN8LX9qSSZxOg6SEDD0f0gBQ","previousCounter":0,"rootKey":"KrwXXuYR/AhTjEDefBnEU/jPYvLMyNOBGFspxob2SCI="},"indexInfo":{"baseKey":"BceqBWFrXIvyypXUp7kCByY7QYjMuHWjPSyqLcUBJ2Zh","baseKeyType":1,"closed":1743329404907,"used":1743257675502,"created":1743257675502,"remoteIdentityKey":"BcL/gO3Xb5USYVPHEeJrYPE7uGjs89tKGZuu6MXxM7Bx"},"_chains":{"BSeWWjAW7SjvHlitRhKBb2UVndwUarEKb1i7kkSWodQw":{"chainKey":{"counter":95,"key":"dz+GO1Y3w5oNXZ7eszHVsSD6g/k/YTuCKByqvXPUXuU="},"chainType":1,"messageKeys":{}}},"pendingPreKey":{"signedKeyId":8517848,"baseKey":"BceqBWFrXIvyypXUp7kCByY7QYjMuHWjPSyqLcUBJ2Zh","preKeyId":3931}},"BfjBsRE//9t+JqvlHIHSGmgabEJfHp7+dn9y+3DDOpFJ":{"registrationId":274073367,"currentRatchet":{"ephemeralKeyPair":{"pubKey":"BR21E36SO5dicnTr2E9G9RnBAzMspRPOMoGcQnQST2E9","privKey":"ACjOu68QTwF/l1EZzek2GSPrIl6pd4aIYRxioi0Zp0s="},"lastRemoteEphemeralKey":"BUUvKvMrlfzBIcQ8YZEliN8LX9qSSZxOg6SEDD0f0gBQ","previousCounter":0,"rootKey":"os4xgwxOpdQktL9HDahMWgb3JK0DfTg8FSre/nB+qck="},"indexInfo":{"baseKey":"BfjBsRE//9t+JqvlHIHSGmgabEJfHp7+dn9y+3DDOpFJ","baseKeyType":1,"closed":-1,"used":1743329404902,"created":1743329404902,"remoteIdentityKey":"BcL/gO3Xb5USYVPHEeJrYPE7uGjs89tKGZuu6MXxM7Bx"},"_chains":{"BR21E36SO5dicnTr2E9G9RnBAzMspRPOMoGcQnQST2E9":{"chainKey":{"counter":13,"key":"wH9R0yV3yY+ZGCX6s7+biVb941CaxyoSL2TgmOkHVPw="},"chainType":1,"messageKeys":{}}},"pendingPreKey":{"signedKeyId":8517848,"baseKey":"BfjBsRE//9t+JqvlHIHSGmgabEJfHp7+dn9y+3DDOpFJ","preKeyId":3895}}},"version":"v1"}