{"_sessions":{"Ba3cq3oo4e5CGJgO2ROqZitoXz+3qR31NMFKBJIe3ohM":{"registrationId":1518433110,"currentRatchet":{"ephemeralKeyPair":{"pubKey":"Bfhdlhozsd0ej9aB+F8LVMk7hVEjVL2zFJgn/0+DkZhH","privKey":"KOpOj9G+HZJH7U9gmGR0jYyxebWLvNXk2R8K1Xxer0A="},"lastRemoteEphemeralKey":"BdoTB9Ks9qa5TevKDNCNwcALb6yTtJ1yptwxKiiwd+oV","previousCounter":0,"rootKey":"2uxZl4BWZqvkpl0wunVmFKWDvupVYox2g927l8ttsRk="},"indexInfo":{"baseKey":"Ba3cq3oo4e5CGJgO2ROqZitoXz+3qR31NMFKBJIe3ohM","baseKeyType":1,"closed":-1,"used":1743257675427,"created":1743257675427,"remoteIdentityKey":"BR4XkFlES89CTwCptDrfI6yOtbzFp0A382Of+Gu3DQNi"},"_chains":{"Bfhdlhozsd0ej9aB+F8LVMk7hVEjVL2zFJgn/0+DkZhH":{"chainKey":{"counter":109,"key":"DSR4ElTDwZJgF5vMoZ319sF1IYgYrprUAgAa0s4hNRc="},"chainType":1,"messageKeys":{}}},"pendingPreKey":{"signedKeyId":1,"baseKey":"Ba3cq3oo4e5CGJgO2ROqZitoXz+3qR31NMFKBJIe3ohM","preKeyId":5604002}}},"version":"v1"}