{"_sessions":{"BfCvjqG1DOcXx+1OE1ML7Gq4MawR5Cmt+w3xksf7R0Yg":{"registrationId":79147422,"currentRatchet":{"ephemeralKeyPair":{"pubKey":"BZ+jQfBxsMWFNmqkv7+Jl3+kx6UTWmSwFtCrgmWv7lwX","privKey":"8Ewxu2yXKS5gkxGMrr9XS9TcCCKVgt+ptUwjs9ziPGU="},"lastRemoteEphemeralKey":"BUyX5DelOhc7Wdp9IEFr0itVVMcTaXO5dO9OczVK9Igy","previousCounter":2,"rootKey":"a1jF7BXLHZMgCzhVuYGXUbUSbVzJYP1+Qu9GGCmfqgo="},"indexInfo":{"baseKey":"BfCvjqG1DOcXx+1OE1ML7Gq4MawR5Cmt+w3xksf7R0Yg","baseKeyType":1,"closed":1743319961091,"used":1743270828346,"created":1743257675518,"remoteIdentityKey":"Ben0e+RrP229oHEOn57mNU5XLxg0Wri2rvPiXkcwoXBp"},"_chains":{"BWCc49pVHznHLDAuh8wmzqfeE8dJ3/OQWtID1vFtUx9A":{"chainKey":{"counter":0},"chainType":2,"messageKeys":{}},"BWBOoiue8aZ94XhGivQhY4FhS8EPPe+d6MZethg6FUVa":{"chainKey":{"counter":1},"chainType":2,"messageKeys":{}},"BUyX5DelOhc7Wdp9IEFr0itVVMcTaXO5dO9OczVK9Igy":{"chainKey":{"counter":0,"key":"Aid7BpXFOa9X/c0GD66N8q1ZY4R1wSOdYVRNHpkxZQU="},"chainType":2,"messageKeys":{}},"BZ+jQfBxsMWFNmqkv7+Jl3+kx6UTWmSwFtCrgmWv7lwX":{"chainKey":{"counter":0,"key":"bmQ/wAsp5My1poY+wuWgJE5UcSL5qhXli5FgXFMwf3o="},"chainType":1,"messageKeys":{}}}},"Bc6aG71CIB/ekTgoye7AGcDZu8OQUbZGy+Ctbiv8NDpF":{"registrationId":1957138675,"currentRatchet":{"ephemeralKeyPair":{"pubKey":"BcDXJk1Ml2EDwN49lJmWI+JzmeX1plLIxh59JfZxVp8z","privKey":"kElYt5vTcd95bZ857rTZjLMZ7jtkqUY5pEDYpxngtmA="},"lastRemoteEphemeralKey":"BShdzDYVnYZVIpQ31uCL8SyJRB2qfY9wqBnbIq6yjJMD","previousCounter":0,"rootKey":"gY9f+GPoncC4pgj6Xpv8oUP3aSkDwepN+oPvJNDrKFc="},"indexInfo":{"baseKey":"Bc6aG71CIB/ekTgoye7AGcDZu8OQUbZGy+Ctbiv8NDpF","baseKeyType":1,"closed":1743320131008,"used":1743319961089,"created":1743319961089,"remoteIdentityKey":"BYNh1AxbOuE2taeJEsALafWXI4TKhnUeA9dqbzECDgRj"},"_chains":{"BcDXJk1Ml2EDwN49lJmWI+JzmeX1plLIxh59JfZxVp8z":{"chainKey":{"counter":0,"key":"QjL+ZLoceYAQQN+kqgwrZL/iRBTGiOAtDzkizpLvFj4="},"chainType":1,"messageKeys":{}}},"pendingPreKey":{"signedKeyId":10381130,"baseKey":"Bc6aG71CIB/ekTgoye7AGcDZu8OQUbZGy+Ctbiv8NDpF","preKeyId":1475}},"BRm+rMXbLPC1mZhfDB7VvD39BKAK9UAKL5vsR6Urn6J0":{"registrationId":1957138675,"currentRatchet":{"ephemeralKeyPair":{"pubKey":"BSRrZigv21YxwY1rHa2odWQJJrSuzvYxM+CJUkhOz9EP","privKey":"sEabpzQbDzLxgLrDDpe9Xuf/KCGrmXIeD9ePDRw0Fk8="},"lastRemoteEphemeralKey":"BX5FURMcUbm962K/WHzkvi0IFLliCuR3YKxYLIMOYxYR","previousCounter":0,"rootKey":"pqav/NEHGDEkmGO4lTAU9Ihlm7A/94BtAVA7jLDPH9o="},"indexInfo":{"baseKey":"BRm+rMXbLPC1mZhfDB7VvD39BKAK9UAKL5vsR6Urn6J0","baseKeyType":1,"closed":1743329343221,"used":1743321654752,"created":1743320131007,"remoteIdentityKey":"BYNh1AxbOuE2taeJEsALafWXI4TKhnUeA9dqbzECDgRj"},"_chains":{"BX5FURMcUbm962K/WHzkvi0IFLliCuR3YKxYLIMOYxYR":{"chainKey":{"counter":26,"key":"k9w++eftAKTeL3cQZdItm2WGPfqoFRPqruadEis5qcY="},"chainType":2,"messageKeys":{}},"BSRrZigv21YxwY1rHa2odWQJJrSuzvYxM+CJUkhOz9EP":{"chainKey":{"counter":60,"key":"3GlJjTra4X5LTE1WWM98TxZo96POllmt5fJsy0irGrA="},"chainType":1,"messageKeys":{}}}},"Bb2notohCvkB0xS9jx6e3rAw4Iv35fVFVdwaw5awamVR":{"registrationId":1957138675,"currentRatchet":{"ephemeralKeyPair":{"pubKey":"BVP/bxKHF15sFKYCWAFQoCW8E1UqUiFK+i5TelScFmxs","privKey":"2CWzjJ7ZAU4RsW2Zx1G1+oXB48OXW2NKpusscYlstlo="},"lastRemoteEphemeralKey":"BYQ/rV2XLNE6WSt8CMCOHRPDfEkV6BKOnKhWQJQfCRl7","previousCounter":2,"rootKey":"ZxI0vx/yGwgB0phHojGF+rk6Wh6LwEUkHcNrzY2eWDE="},"indexInfo":{"baseKey":"Bb2notohCvkB0xS9jx6e3rAw4Iv35fVFVdwaw5awamVR","baseKeyType":1,"closed":-1,"used":1743336715523,"created":1743329343220,"remoteIdentityKey":"BYNh1AxbOuE2taeJEsALafWXI4TKhnUeA9dqbzECDgRj"},"_chains":{"BSO6kGZ33K6+ncxUJjk3EnTQG74HFbi4kSs3fOFm3VE0":{"chainKey":{"counter":0},"chainType":2,"messageKeys":{}},"BQwMeUzODXww1iPhOoUsD8WpC79XjAwSonXonW9pyMI4":{"chainKey":{"counter":1},"chainType":2,"messageKeys":{}},"BYQ/rV2XLNE6WSt8CMCOHRPDfEkV6BKOnKhWQJQfCRl7":{"chainKey":{"counter":0,"key":"ifyTSakFhpNpc7VjXQvqiaQSex78nWpldyu/Hc0gLMU="},"chainType":2,"messageKeys":{}},"BVP/bxKHF15sFKYCWAFQoCW8E1UqUiFK+i5TelScFmxs":{"chainKey":{"counter":7,"key":"wPvLGtO+b5P3AdUQBMDFi7hI86qqp5g26htsKzkQ1a4="},"chainType":1,"messageKeys":{}}}}},"version":"v1"}