{"_sessions":{"BV6dLZKfX4vKZN74DVAc9uJbUh2ZiFHM3I+HBsKQ9yRv":{"registrationId":1599819146,"currentRatchet":{"ephemeralKeyPair":{"pubKey":"BY9JWyi8BPpIoyzU1Q/anBeEl/D8hotvIFI/8HtJbCFl","privKey":"oAWcGiO8Eu8X9TvYTSKGO7dqXaN8wzx+zcIu7l040lg="},"lastRemoteEphemeralKey":"BR3gQ+P2ubCK/qVtnoL330galY1cyg5FW6mlIDuv9ZJ5","previousCounter":0,"rootKey":"LLQhM50eCevMO0if7szOakWpK9mfSkygjKyDGpftyzE="},"indexInfo":{"baseKey":"BV6dLZKfX4vKZN74DVAc9uJbUh2ZiFHM3I+HBsKQ9yRv","baseKeyType":1,"closed":-1,"used":1743257675465,"created":1743257675465,"remoteIdentityKey":"Bc/mlxF8qiIkHq3gF3id+gP7F+chcUja7yT/iyS2VjgF"},"_chains":{"BY9JWyi8BPpIoyzU1Q/anBeEl/D8hotvIFI/8HtJbCFl":{"chainKey":{"counter":13,"key":"d44MmkpQvsZYVAL4g8Hbb5dJOjxLJDye1S1xsMROUEs="},"chainType":1,"messageKeys":{}}},"pendingPreKey":{"signedKeyId":1572920,"baseKey":"BV6dLZKfX4vKZN74DVAc9uJbUh2ZiFHM3I+HBsKQ9yRv","preKeyId":1627}}},"version":"v1"}