{"_sessions":{"BZbXGjxuSGdjYxEBl+PeQsDcBNC+tekWSZPJOSvTjOc5":{"registrationId":1920091045,"currentRatchet":{"ephemeralKeyPair":{"pubKey":"BdTgjTOP4M3XqlSYrY5yBZZxBFLOzD0xohxT11tOEY9P","privKey":"2Cj+F15n7mNPlxVMCUKNQdkavUeLuK20XtBPeoAV228="},"lastRemoteEphemeralKey":"BUiieyZwfBS3AIRGcDFZJonqi82EHWh/8wzzacWyCJVW","previousCounter":0,"rootKey":"eWP4rLdl8LX1ry/39F8Dr57WTuBuwwrE5CWuef4UUto="},"indexInfo":{"baseKey":"BZbXGjxuSGdjYxEBl+PeQsDcBNC+tekWSZPJOSvTjOc5","baseKeyType":1,"closed":1743269492414,"used":1743257675493,"created":1743257675493,"remoteIdentityKey":"BaMleIBy8GfSyGKQ+pwfqEOx0sCC20ttaFO98kgMpzln"},"_chains":{"BdTgjTOP4M3XqlSYrY5yBZZxBFLOzD0xohxT11tOEY9P":{"chainKey":{"counter":7,"key":"A1cdXp+mdnTC4VAdGYSffVD9joEzZU4XeyP6I6Bn6UQ="},"chainType":1,"messageKeys":{}}},"pendingPreKey":{"signedKeyId":10,"baseKey":"BZbXGjxuSGdjYxEBl+PeQsDcBNC+tekWSZPJOSvTjOc5","preKeyId":12661793}},"BefDkXZ99KQ/OVOyy9VMlGFyecQDNhBDgCmwRPuuH7BQ":{"registrationId":1920091045,"currentRatchet":{"ephemeralKeyPair":{"pubKey":"BaMtN1WckEfCE/ehLfpEyYKQjnMzdZkftLVyceeKT9tC","privKey":"YDpjf3CXHWQ3ubOCoAbUt1EbiADa2jE2JvTBvK4MXH4="},"lastRemoteEphemeralKey":"BUiieyZwfBS3AIRGcDFZJonqi82EHWh/8wzzacWyCJVW","previousCounter":0,"rootKey":"Cma3rjBqW3i0ZYenByqj+knv6nnajCrBOS5twQh5mq0="},"indexInfo":{"baseKey":"BefDkXZ99KQ/OVOyy9VMlGFyecQDNhBDgCmwRPuuH7BQ","baseKeyType":1,"closed":-1,"used":1743269492412,"created":1743269492412,"remoteIdentityKey":"BaMleIBy8GfSyGKQ+pwfqEOx0sCC20ttaFO98kgMpzln"},"_chains":{"BaMtN1WckEfCE/ehLfpEyYKQjnMzdZkftLVyceeKT9tC":{"chainKey":{"counter":101,"key":"sgS9nL8YeS+dhATo7lf5WFV7buCTs3HixkGg8rpkXk0="},"chainType":1,"messageKeys":{}}},"pendingPreKey":{"signedKeyId":10,"baseKey":"BefDkXZ99KQ/OVOyy9VMlGFyecQDNhBDgCmwRPuuH7BQ","preKeyId":12661803}}},"version":"v1"}