{"_sessions":{"BZrVi9rf/tWvAezmGMrUg5hnuR32suad+vKg4XoZgNJv":{"registrationId":2036467999,"currentRatchet":{"ephemeralKeyPair":{"pubKey":"BbMXSTmG8oxQ9RdTpJKD0gZsQb63YBzETt17u7dTQr5E","privKey":"QDE9q2/EOqJ0IksCHrJ0y+Zv33zCVdAjBGCft4Ty10Q="},"lastRemoteEphemeralKey":"BcQnNwhEctNQuN74RE0kZjCyoCArNdbu6eTLDDMLGmB3","previousCounter":10,"rootKey":"cBUzvep27MEKXB7BT+1pEPb+yTViHgpvcYxJ5HjOgKM="},"indexInfo":{"baseKey":"BZrVi9rf/tWvAezmGMrUg5hnuR32suad+vKg4XoZgNJv","baseKeyType":1,"closed":1743329305503,"used":1743326596045,"created":1743257675525,"remoteIdentityKey":"Bb/kllVoLundX5SRCZ4l7dY8vaD7DVxjUzODPypnkjRD"},"_chains":{"BcQnNwhEctNQuN74RE0kZjCyoCArNdbu6eTLDDMLGmB3":{"chainKey":{"counter":6,"key":"mBkPFbXcIazpO5T0V275vf7XjcS+T71l+tHVGkkEkBs="},"chainType":2,"messageKeys":{}},"BbMXSTmG8oxQ9RdTpJKD0gZsQb63YBzETt17u7dTQr5E":{"chainKey":{"counter":47,"key":"tzZKH0zfBCcrXIJ8n5+Mx/DKRpwR7ntlcbg9em9YfXE="},"chainType":1,"messageKeys":{}}}},"BZcOUaAM7E/hR2KiMP2BnQqaU8DLIV9N8A19P+wiQfwo":{"registrationId":2036467999,"currentRatchet":{"ephemeralKeyPair":{"pubKey":"BduTJkFdnWKHyVOg7fWX2lHAwviBDZaL9ghU8ibCpp9R","privKey":"iH7m3t90FiRNR36d9SQhE4WqBRrZaHapgab7QaObdk0="},"lastRemoteEphemeralKey":"Bau4TS6m6PXBfQbwJSaKoCIZukdJB6gW9GD8LDZdi7xc","previousCounter":0,"rootKey":"7Ydo4J2WcyhYPuBm3WyXG5vJDOGJPyaqyC682/NJ46w="},"indexInfo":{"baseKey":"BZcOUaAM7E/hR2KiMP2BnQqaU8DLIV9N8A19P+wiQfwo","baseKeyType":1,"closed":1743329359611,"used":1743329305503,"created":1743329305503,"remoteIdentityKey":"Bb/kllVoLundX5SRCZ4l7dY8vaD7DVxjUzODPypnkjRD"},"_chains":{"BduTJkFdnWKHyVOg7fWX2lHAwviBDZaL9ghU8ibCpp9R":{"chainKey":{"counter":23,"key":"nC23jneLwPuDCO8bCW2vUCDUnhQEoQv9gcgW4niQMhI="},"chainType":1,"messageKeys":{}}},"pendingPreKey":{"signedKeyId":5734625,"baseKey":"BZcOUaAM7E/hR2KiMP2BnQqaU8DLIV9N8A19P+wiQfwo","preKeyId":419}},"BSN27mYnoQYjmp4iV2j0UL9kivQp1FnPdrpPAJk8090j":{"registrationId":2036467999,"currentRatchet":{"ephemeralKeyPair":{"pubKey":"Bd0y8kPFKTJTTEJggb3XW89lvC01Rmu09lYZQP5Mrkko","privKey":"OIeWrEFTcwm4jcilqLmsYBdz/mqifTqXgMEUE2Idi1M="},"lastRemoteEphemeralKey":"BeccnkT0V9hGGxLQolhOcYwQVxjLUZ5EwySoOIAOhbJA","previousCounter":2,"rootKey":"gWBW0V3Yvsg019TohWrldvimhzPzB2Yf7I4g2HNaISE="},"indexInfo":{"baseKey":"BSN27mYnoQYjmp4iV2j0UL9kivQp1FnPdrpPAJk8090j","baseKeyType":1,"closed":-1,"used":1743342876907,"created":1743329359610,"remoteIdentityKey":"Bb/kllVoLundX5SRCZ4l7dY8vaD7DVxjUzODPypnkjRD"},"_chains":{"BfETJXNhKce9Ha40exFCVK+lxUcCtt6sbuH4MYI1shsj":{"chainKey":{"counter":0},"chainType":2,"messageKeys":{}},"BXEJKtWNuRvva8WUgxyPDTJLsA4ruLsCibEs81VOPAtT":{"chainKey":{"counter":2},"chainType":2,"messageKeys":{}},"BeccnkT0V9hGGxLQolhOcYwQVxjLUZ5EwySoOIAOhbJA":{"chainKey":{"counter":2,"key":"t0CeTbjNdb8kwoxmv59nO2BdDpXmzh7cGhBTrfN2mDY="},"chainType":2,"messageKeys":{}},"Bd0y8kPFKTJTTEJggb3XW89lvC01Rmu09lYZQP5Mrkko":{"chainKey":{"counter":4,"key":"sgwD3nLfjnktVXtOhqZzUEUM6GPOQFvloG/SizQPk58="},"chainType":1,"messageKeys":{}}}}},"version":"v1"}