{"_sessions":{"BUwbcWIeuuBTUOuWdrFPyho2pOdvBcVH6XrBKKf52Blk":{"registrationId":826864570,"currentRatchet":{"ephemeralKeyPair":{"pubKey":"BfUTqFVdguKyPU4lSTirCmBoIet7scI7/RqAUnxF+jch","privKey":"KJ3Hmrlnt3TNxhbvezq2/jVM6CCNeSkqwHEu6XYFwV4="},"lastRemoteEphemeralKey":"BaRrBed6uUXFEBLuflqypWir21gHATOlepGPMbjHmS0L","previousCounter":0,"rootKey":"NnGx29qqUZJjFT42Y4CSw5MV9YILO7z1W3iJH+laEv0="},"indexInfo":{"baseKey":"BUwbcWIeuuBTUOuWdrFPyho2pOdvBcVH6XrBKKf52Blk","baseKeyType":1,"closed":1743329271277,"used":1743257675476,"created":1743257675476,"remoteIdentityKey":"BbVQxN59L4XBMOE0zl8kQMEkRWLRJNOqQT+iDaptk8Mr"},"_chains":{"BfUTqFVdguKyPU4lSTirCmBoIet7scI7/RqAUnxF+jch":{"chainKey":{"counter":43,"key":"2VGYIb/H1W/+LLKLu64Cd0GLqmaIscNXhdeNj0HAUwA="},"chainType":1,"messageKeys":{}}},"pendingPreKey":{"signedKeyId":12521382,"baseKey":"BUwbcWIeuuBTUOuWdrFPyho2pOdvBcVH6XrBKKf52Blk","preKeyId":2818}},"BfnQlplUoCrw0V9PAsfJPESpECvGHXWsCA7EK10C7DJC":{"registrationId":826864570,"currentRatchet":{"ephemeralKeyPair":{"pubKey":"BRvNcupgW3/WSAmxpFeYxS0PaTG6ltHfCUjAJmHD/SVO","privKey":"qOwo4umJOMRpCfdVF2WupWDstOpTJhA0hi7EVGsv2XA="},"lastRemoteEphemeralKey":"BaRrBed6uUXFEBLuflqypWir21gHATOlepGPMbjHmS0L","previousCounter":0,"rootKey":"yLiRTYgbGqmwoS7VltmquwLdaeN7u6SnddLuXYXHgTA="},"indexInfo":{"baseKey":"BfnQlplUoCrw0V9PAsfJPESpECvGHXWsCA7EK10C7DJC","baseKeyType":1,"closed":1743329481724,"used":1743329271276,"created":1743329271276,"remoteIdentityKey":"BbVQxN59L4XBMOE0zl8kQMEkRWLRJNOqQT+iDaptk8Mr"},"_chains":{"BRvNcupgW3/WSAmxpFeYxS0PaTG6ltHfCUjAJmHD/SVO":{"chainKey":{"counter":52,"key":"mUZkaMuP6+5ZiLQ4dBjvuDjI6oCBZF50EvD+zDP4VsY="},"chainType":1,"messageKeys":{}}},"pendingPreKey":{"signedKeyId":12521382,"baseKey":"BfnQlplUoCrw0V9PAsfJPESpECvGHXWsCA7EK10C7DJC","preKeyId":2998}},"BZgPcvfWhiLBhgdr6jd6uF0FXjRCIcVUUnqiR0PYWm1G":{"registrationId":826864570,"currentRatchet":{"ephemeralKeyPair":{"pubKey":"BTHK1w8lguXAZectx+q61ehfvnXjyOnBbbHLDU25JM8z","privKey":"gJCWbmbiuh4hxzShGps46juHzjWZxCcIiZL50gLi1Eo="},"lastRemoteEphemeralKey":"BaRrBed6uUXFEBLuflqypWir21gHATOlepGPMbjHmS0L","previousCounter":0,"rootKey":"sLYJPV0v+4wZTJKTWT3jfWv89tARMjMoTOEsDjmxqNw="},"indexInfo":{"baseKey":"BZgPcvfWhiLBhgdr6jd6uF0FXjRCIcVUUnqiR0PYWm1G","baseKeyType":1,"closed":1743329481806,"used":1743329481723,"created":1743329481723,"remoteIdentityKey":"BbVQxN59L4XBMOE0zl8kQMEkRWLRJNOqQT+iDaptk8Mr"},"_chains":{"BTHK1w8lguXAZectx+q61ehfvnXjyOnBbbHLDU25JM8z":{"chainKey":{"counter":-1,"key":"AUpT70+vnrOKW8KRAtuey95HfyijpaKXNTicSPpIaYo="},"chainType":1,"messageKeys":{}}},"pendingPreKey":{"signedKeyId":12521382,"baseKey":"BZgPcvfWhiLBhgdr6jd6uF0FXjRCIcVUUnqiR0PYWm1G","preKeyId":2687}},"BQVCOlo7bcSwunTSl7OKJylv/EAJ0MhAhmKksqjSMkhq":{"registrationId":826864570,"currentRatchet":{"ephemeralKeyPair":{"pubKey":"BVMBwL/AcLcgLoa+ZK9LOZw1+Vys6QH6y9QjPTqtuDZO","privKey":"yBZu0la/Du79iutmw1uyCFUNmarI3C0INM+vjxTHV2c="},"lastRemoteEphemeralKey":"BaRrBed6uUXFEBLuflqypWir21gHATOlepGPMbjHmS0L","previousCounter":0,"rootKey":"yxdYW2J/m4qrLwxOnRaHojp168i61T98lOfRdd30GDo="},"indexInfo":{"baseKey":"BQVCOlo7bcSwunTSl7OKJylv/EAJ0MhAhmKksqjSMkhq","baseKeyType":1,"closed":-1,"used":1743329481805,"created":1743329481805,"remoteIdentityKey":"BbVQxN59L4XBMOE0zl8kQMEkRWLRJNOqQT+iDaptk8Mr"},"_chains":{"BVMBwL/AcLcgLoa+ZK9LOZw1+Vys6QH6y9QjPTqtuDZO":{"chainKey":{"counter":12,"key":"VDqiDRSIQamCv7jfyqDH2l/ptLEltZvpKD8vOqmzZwo="},"chainType":1,"messageKeys":{}}},"pendingPreKey":{"signedKeyId":12521382,"baseKey":"BQVCOlo7bcSwunTSl7OKJylv/EAJ0MhAhmKksqjSMkhq","preKeyId":2875}}},"version":"v1"}