{"_sessions":{"BTe/W1nBtyK7pQtZ808PzDn7j78JP/UBEKEm+A7eJphq":{"registrationId":779395340,"currentRatchet":{"ephemeralKeyPair":{"pubKey":"BTcZWonqKbNRuYWlacl9MUENM5fsSzPWbnSMalfPoy51","privKey":"IFXsjecCL+909dNDA4LYMPJjWQxi9tjHsu18tD9Dm2U="},"lastRemoteEphemeralKey":"BfzcY62HvrBWFScdNCriz6bgDAslKdFk21d88Yn3zNsQ","previousCounter":0,"rootKey":"p0pMPYwzq32UUhOt9VekX4kUsLZBq7c7yZh+ntYSPH0="},"indexInfo":{"baseKey":"BTe/W1nBtyK7pQtZ808PzDn7j78JP/UBEKEm+A7eJphq","baseKeyType":1,"closed":1743329287066,"used":1743257675499,"created":1743257675499,"remoteIdentityKey":"BZuub2Ty3e918LEdk8gCPufYSXn1RZ1SzKo434nI5hsG"},"_chains":{"BTcZWonqKbNRuYWlacl9MUENM5fsSzPWbnSMalfPoy51":{"chainKey":{"counter":51,"key":"Dce20LSQATP1o5c8JvdO7IWDdK8t6TNBhGxpbY2aGpg="},"chainType":1,"messageKeys":{}}},"pendingPreKey":{"signedKeyId":12974942,"baseKey":"BTe/W1nBtyK7pQtZ808PzDn7j78JP/UBEKEm+A7eJphq","preKeyId":2979}},"BT0gLfJZH7+Ca75Fr8QoiXieOhtNn32NCCS7ug5nuzdp":{"registrationId":779395340,"currentRatchet":{"ephemeralKeyPair":{"pubKey":"BdWF6Bzb0TZa4JpeE1Y8wjMqrIUfHlAonbdWEAZI6JwP","privKey":"8F1BOQ5MlffBrfsDPrynSA70YKO0LefmSBwoMYAVCmg="},"lastRemoteEphemeralKey":"BfzcY62HvrBWFScdNCriz6bgDAslKdFk21d88Yn3zNsQ","previousCounter":0,"rootKey":"/TOzDHYQeJz5D0NS8ip0iIMqImuXI4rQ+A9nLowROUM="},"indexInfo":{"baseKey":"BT0gLfJZH7+Ca75Fr8QoiXieOhtNn32NCCS7ug5nuzdp","baseKeyType":1,"closed":-1,"used":1743329287065,"created":1743329287065,"remoteIdentityKey":"BZuub2Ty3e918LEdk8gCPufYSXn1RZ1SzKo434nI5hsG"},"_chains":{"BdWF6Bzb0TZa4JpeE1Y8wjMqrIUfHlAonbdWEAZI6JwP":{"chainKey":{"counter":57,"key":"np72EkVB7H6pSAhCmQhkO23MkpoN+JpGrrtLTcvJkcU="},"chainType":1,"messageKeys":{}}},"pendingPreKey":{"signedKeyId":12974942,"baseKey":"BT0gLfJZH7+Ca75Fr8QoiXieOhtNn32NCCS7ug5nuzdp","preKeyId":2600}}},"version":"v1"}