{"_sessions":{"BZ7kR+BoWP+RjgVu+AzfumBqEtKkT3wi/cjbeFHGYCk2":{"registrationId":1484173879,"currentRatchet":{"ephemeralKeyPair":{"pubKey":"BZzTArZ5ULi4lpRLZeEyx2iSctDthyHXFX2WnSVT6FZ4","privKey":"GPWPloFW1la07+VVeQSKQfhxh4gtmkfsEh0L6MtwmE8="},"lastRemoteEphemeralKey":"BRLBEMRIa/1jCdjFWNm+TMR96YmgFOoyQqbx+ewwSOMs","previousCounter":0,"rootKey":"ZBGpfxqLPaVI4CC1Gw5utdhklQT46IdxX4JTZJzmMgE="},"indexInfo":{"baseKey":"BZ7kR+BoWP+RjgVu+AzfumBqEtKkT3wi/cjbeFHGYCk2","baseKeyType":1,"closed":-1,"used":1743319956760,"created":1743319956760,"remoteIdentityKey":"Bbqkjhb9Cyu1cmBFEFuhPldFdOs3szXXbLVq6ufZNJp2"},"_chains":{"BZzTArZ5ULi4lpRLZeEyx2iSctDthyHXFX2WnSVT6FZ4":{"chainKey":{"counter":2,"key":"siH1f44OOTJ2vXhrZQ+Yzg0v+hVjo6eGUK6X9/oPdjU="},"chainType":1,"messageKeys":{}}},"pendingPreKey":{"signedKeyId":1,"baseKey":"BZ7kR+BoWP+RjgVu+AzfumBqEtKkT3wi/cjbeFHGYCk2","preKeyId":761}}},"version":"v1"}