{"_sessions":{"BQc9kVmDAGTIQy8ETnRQoarSg4ODAUDch7s0Si+9WekG":{"registrationId":11010,"currentRatchet":{"ephemeralKeyPair":{"pubKey":"Be+4Dp87wgoyiMJnLbDk0whpSqt9Rq4QzQYHpO0J8ml9","privKey":"GG2B96vcFrujSju3D35AZnNb2btGY+F/hgx3keV+xVk="},"lastRemoteEphemeralKey":"BSKL917dl1QOxYmjn62hCX8Iu9GONvzzGQ0FeWe80nAW","previousCounter":0,"rootKey":"pBt0bwWtt96iNZmeVuL9zRwNzE/rL+fLjN5EfrmqXm8="},"indexInfo":{"baseKey":"BQc9kVmDAGTIQy8ETnRQoarSg4ODAUDch7s0Si+9WekG","baseKeyType":1,"closed":-1,"used":1743257675455,"created":1743257675455,"remoteIdentityKey":"BSCv5Foi7Zii9tpx4nIEg9d0B47fDj/Ew4k4wYi2AyNq"},"_chains":{"Be+4Dp87wgoyiMJnLbDk0whpSqt9Rq4QzQYHpO0J8ml9":{"chainKey":{"counter":109,"key":"H//8+3BGAATJpzKHjPw58ypfv3HBZDlB4toUxmxOwfY="},"chainType":1,"messageKeys":{}}},"pendingPreKey":{"signedKeyId":1,"baseKey":"BQc9kVmDAGTIQy8ETnRQoarSg4ODAUDch7s0Si+9WekG","preKeyId":1572}}},"version":"v1"}