{"_sessions":{"BWuBYuAX199kB9Onur0CCILwJzn0GfGhmPt7JXt6UesK":{"registrationId":1337600643,"currentRatchet":{"ephemeralKeyPair":{"pubKey":"BehsqLQpNUeWsBJQ30OHrBqQokLGmKeJ7obxfVK00ycs","privKey":"SF1R3/Ien/1F9+9Tw/A60MQYdJ2aogML1s/4cpy7UEA="},"lastRemoteEphemeralKey":"BTjAFVyts43v1YlRyHBNoRovGKXhCQTNkvSpxf4B4DJ5","previousCounter":0,"rootKey":"g3nWUej3DXBzLxvSeq3ZL560g3/KLqhn1+qFK/2RHWQ="},"indexInfo":{"baseKey":"BWuBYuAX199kB9Onur0CCILwJzn0GfGhmPt7JXt6UesK","baseKeyType":1,"closed":-1,"used":1743257675458,"created":1743257675458,"remoteIdentityKey":"BYr+PTs+hKEvUzk74dC5x8N7BGeYELCHRPSrg8J3FRUd"},"_chains":{"BehsqLQpNUeWsBJQ30OHrBqQokLGmKeJ7obxfVK00ycs":{"chainKey":{"counter":109,"key":"761O9fcR+6w1B9+N6Kixs7k9WdsDB97zKAj0jjO4Zzk="},"chainType":1,"messageKeys":{}}},"pendingPreKey":{"signedKeyId":1,"baseKey":"BWuBYuAX199kB9Onur0CCILwJzn0GfGhmPt7JXt6UesK"}}},"version":"v1"}