{"_sessions":{"BbbmFvtTqr0zIDicXYdRFn8b1cYNsfi0LnHeZT8J6clA":{"registrationId":714592082,"currentRatchet":{"ephemeralKeyPair":{"pubKey":"BRqdj0RNzM+PhFhNuUmQfe+YgmRN5c9v1wN9V2bBhfh1","privKey":"2Nzn8T/Is0pksW2nkAXvdQpUq2da13sMzx5SPEvyQEo="},"lastRemoteEphemeralKey":"BTEdwD113QF4NJl5CywtFFqT97JMRsDx7chLUHYAJOpK","previousCounter":2,"rootKey":"qE3vRVqGa0/1+wtBHndkagShk4sxnPnrL2aMXzXiioE="},"indexInfo":{"baseKey":"BbbmFvtTqr0zIDicXYdRFn8b1cYNsfi0LnHeZT8J6clA","baseKeyType":1,"closed":1743329669128,"used":1743327830780,"created":1743257675487,"remoteIdentityKey":"BU5KjA9Qoo5Y0jCXrH1rygj3zsCUyJgjmU8bfXNXDttc"},"_chains":{"BeTYSle83rnwdzJUZ228w+zKZ4ESwkNH8Y7MJTszTCI9":{"chainKey":{"counter":2},"chainType":2,"messageKeys":{}},"BSNWso16hE9yuQwpR9fD/n6QrWajEtBCdN4EWNUAtkVH":{"chainKey":{"counter":7},"chainType":2,"messageKeys":{}},"BTEdwD113QF4NJl5CywtFFqT97JMRsDx7chLUHYAJOpK":{"chainKey":{"counter":5,"key":"rdc5y+AzwBjaBOKoDmDukLC5PMXRXNTtn6vhErelsS8="},"chainType":2,"messageKeys":{}},"BRqdj0RNzM+PhFhNuUmQfe+YgmRN5c9v1wN9V2bBhfh1":{"chainKey":{"counter":83,"key":"ePItW42XZ6bJ0Fx3LrdGZckAF4o5LoKAh5KZbQnegoQ="},"chainType":1,"messageKeys":{}}}},"BVfLW4+ioxVEPJgqqRwJjD82vxL15J3iuJCfjV4fsChe":{"registrationId":714592082,"currentRatchet":{"ephemeralKeyPair":{"pubKey":"Bf3H1acVsh/cjoNg1xPUaJfbxeTiuf7xPBKvdlZ60rUf","privKey":"IGTvFQ804xj8RMtUtrtnsbLHvOy3JfszYQC6iAj75Xs="},"lastRemoteEphemeralKey":"BdediWv7btREwy3oDzYug8Vt7VbW7F1NYvr2Up8UM/Ec","previousCounter":0,"rootKey":"hwGeiCvHfmYcwrYtdCKZ5/QSBKpb5U1F18brdjZ2ycU="},"indexInfo":{"baseKey":"BVfLW4+ioxVEPJgqqRwJjD82vxL15J3iuJCfjV4fsChe","baseKeyType":1,"closed":1743329669239,"used":1743329669128,"created":1743329669128,"remoteIdentityKey":"BU5KjA9Qoo5Y0jCXrH1rygj3zsCUyJgjmU8bfXNXDttc"},"_chains":{"Bf3H1acVsh/cjoNg1xPUaJfbxeTiuf7xPBKvdlZ60rUf":{"chainKey":{"counter":-1,"key":"TXA9jThUHCAGDCpdBBCBfnEuB8dkXaLz6RIYW/5U/W8="},"chainType":1,"messageKeys":{}}},"pendingPreKey":{"signedKeyId":2473155,"baseKey":"BVfLW4+ioxVEPJgqqRwJjD82vxL15J3iuJCfjV4fsChe","preKeyId":3032}},"BXnZyYISlLVt1WlRvFEoqpEu4TjIQpIc81C2QgzKL/dt":{"registrationId":714592082,"currentRatchet":{"ephemeralKeyPair":{"pubKey":"BUDLtAsUuv8YPI5y1Twe7Fd/qjDfh5zzMvT6zqN3OvwV","privKey":"mGbEWhLEScHuhAx488ww98ZQn5SAHsxEPsNFGeSqwFY="},"lastRemoteEphemeralKey":"BdediWv7btREwy3oDzYug8Vt7VbW7F1NYvr2Up8UM/Ec","previousCounter":0,"rootKey":"hYdp6F8Cn+QtLrym8gHA+eMAXxezsxabimyGMSmnSAg="},"indexInfo":{"baseKey":"BXnZyYISlLVt1WlRvFEoqpEu4TjIQpIc81C2QgzKL/dt","baseKeyType":1,"closed":1743329669350,"used":1743329669239,"created":1743329669239,"remoteIdentityKey":"BU5KjA9Qoo5Y0jCXrH1rygj3zsCUyJgjmU8bfXNXDttc"},"_chains":{"BUDLtAsUuv8YPI5y1Twe7Fd/qjDfh5zzMvT6zqN3OvwV":{"chainKey":{"counter":-1,"key":"boxsPfCNPqUZM2xxRj1gJ8+NphV+2r4DbeiDF4IOjgM="},"chainType":1,"messageKeys":{}}},"pendingPreKey":{"signedKeyId":2473155,"baseKey":"BXnZyYISlLVt1WlRvFEoqpEu4TjIQpIc81C2QgzKL/dt","preKeyId":2851}},"BSJBprZKaf0JSmYsiaC1jsOEA10gKQdoiUynSNoWw1NN":{"registrationId":714592082,"currentRatchet":{"ephemeralKeyPair":{"pubKey":"BZy7im9z44bfYAKcofKREweX6CFwFzyaeGXn1T82VzVb","privKey":"CM0BesN1WHOlgN5yrlUYbgLN2oMr3XpOAJO5wmdabkM="},"lastRemoteEphemeralKey":"BSSGLgrB3cEtOse8BaekX0mkZmsb/WPgMrAS/9e0jEca","previousCounter":0,"rootKey":"MddGpui3nbcHiWVEQEK9DfboHkrmuZLwNELvHsi0L6g="},"indexInfo":{"baseKey":"BSJBprZKaf0JSmYsiaC1jsOEA10gKQdoiUynSNoWw1NN","baseKeyType":1,"closed":-1,"used":1743346069423,"created":1743329669349,"remoteIdentityKey":"BU5KjA9Qoo5Y0jCXrH1rygj3zsCUyJgjmU8bfXNXDttc"},"_chains":{"BZcNmJ3Ew8OAmtF1a8D7MtpwsZaRdcBCYbgV3npcCpVU":{"chainKey":{"counter":1},"chainType":2,"messageKeys":{}},"BYl85gs6oiLxcomlPM2ZTlmIlD24oqXo5vphS+Df/RdG":{"chainKey":{"counter":1},"chainType":2,"messageKeys":{}},"BXTAgnU9vUyIij3wGz3RaQuWfDVveuYlWa/DaF56iJ81":{"chainKey":{"counter":0},"chainType":2,"messageKeys":{}},"BdtfLeuBr6vu30AT1BqrVJV/CAEEfcgIvQw8lKj9df8I":{"chainKey":{"counter":1},"chainType":2,"messageKeys":{}},"BSSGLgrB3cEtOse8BaekX0mkZmsb/WPgMrAS/9e0jEca":{"chainKey":{"counter":0,"key":"YVrd6s91kJoinFSaB5vBcq6xwqAFQ0FbCmukCiPO3og="},"chainType":2,"messageKeys":{}},"BZy7im9z44bfYAKcofKREweX6CFwFzyaeGXn1T82VzVb":{"chainKey":{"counter":4,"key":"2W2HPkiRjcNH+Z8GL1xi7Jt+4aDT3ZB6qwf3x1B6jtc="},"chainType":1,"messageKeys":{}}}}},"version":"v1"}