{"_sessions":{"Be8KmuKvbdT3mllAcIheDdxACOHKNgnUgOTJPDfiFjJ+":{"registrationId":1138745719,"currentRatchet":{"ephemeralKeyPair":{"pubKey":"BdBcscac+JqJw3hlzP6wpxbDVX5xb9F2sBlSqM3A6Mc0","privKey":"gKKuVR6PWCuTt2/1tLeIz1U7CeJsMXMduqLezA0q1F4="},"lastRemoteEphemeralKey":"BdnVSQ4zA5mAHjgXy+hcNKPclmLYPa+Jy9wkBUpCDuN3","previousCounter":0,"rootKey":"ev8sNDxrgbeUvwOqw73bgJnm7mwDWT/RMsc/HHbiUcU="},"indexInfo":{"baseKey":"Be8KmuKvbdT3mllAcIheDdxACOHKNgnUgOTJPDfiFjJ+","baseKeyType":1,"closed":1743329301507,"used":1743257675918,"created":1743257675918,"remoteIdentityKey":"BSeVVU2Vg6KYqaGtqvSydoSNa4IH0tS+5W1lMuEvwSc3"},"_chains":{"BdBcscac+JqJw3hlzP6wpxbDVX5xb9F2sBlSqM3A6Mc0":{"chainKey":{"counter":57,"key":"vs4Xccoi+2I0C52KfeVXt6BcsQ2k8r+v7yHtRGMO2/Q="},"chainType":1,"messageKeys":{}}},"pendingPreKey":{"signedKeyId":2319682,"baseKey":"Be8KmuKvbdT3mllAcIheDdxACOHKNgnUgOTJPDfiFjJ+","preKeyId":27253}},"BQMbE7F43eyfrl0CvulAI12Wo3OenZc9cl+cSzyZH3M8":{"registrationId":1138745719,"currentRatchet":{"ephemeralKeyPair":{"pubKey":"BQQxuJGWSe2zhhvHq/SNcUakvODO2g7Rh+4tUd+ut1QV","privKey":"mPq8Ko9tVHYZGo2WzxqltqhyfcCGEspY9ys7Gk4Lo2E="},"lastRemoteEphemeralKey":"BdnVSQ4zA5mAHjgXy+hcNKPclmLYPa+Jy9wkBUpCDuN3","previousCounter":0,"rootKey":"u+mbmY41erAJySe8xbzkVqT6vQWx8trHdOFhDn+Y7lw="},"indexInfo":{"baseKey":"BQMbE7F43eyfrl0CvulAI12Wo3OenZc9cl+cSzyZH3M8","baseKeyType":1,"closed":1743329377399,"used":1743329301506,"created":1743329301506,"remoteIdentityKey":"BSeVVU2Vg6KYqaGtqvSydoSNa4IH0tS+5W1lMuEvwSc3"},"_chains":{"BQQxuJGWSe2zhhvHq/SNcUakvODO2g7Rh+4tUd+ut1QV":{"chainKey":{"counter":33,"key":"T89lrt3up+6muTHQfXKbA0WVvhWiZUgk4a46XMfp2FA="},"chainType":1,"messageKeys":{}}},"pendingPreKey":{"signedKeyId":2319682,"baseKey":"BQMbE7F43eyfrl0CvulAI12Wo3OenZc9cl+cSzyZH3M8","preKeyId":27243}},"BS/sZns5TIeJ8LOC0U1DLLJ1IRqjTSehiHbw3RI6dORv":{"registrationId":1138745719,"currentRatchet":{"ephemeralKeyPair":{"pubKey":"BRqDUim9dABEC9jPNoyP5UCdmi5fofLzZTVfiDvpvEkP","privKey":"EHL8VEEqcdVGQMd4mw6T3E6fkSeXhbh/ZW0Zu0oxIHQ="},"lastRemoteEphemeralKey":"BdnVSQ4zA5mAHjgXy+hcNKPclmLYPa+Jy9wkBUpCDuN3","previousCounter":0,"rootKey":"X67qQKqU8bstd2fs3F5zByDyerd0EVBxkOXkHC45aVA="},"indexInfo":{"baseKey":"BS/sZns5TIeJ8LOC0U1DLLJ1IRqjTSehiHbw3RI6dORv","baseKeyType":1,"closed":-1,"used":1743329377399,"created":1743329377399,"remoteIdentityKey":"BSeVVU2Vg6KYqaGtqvSydoSNa4IH0tS+5W1lMuEvwSc3"},"_chains":{"BRqDUim9dABEC9jPNoyP5UCdmi5fofLzZTVfiDvpvEkP":{"chainKey":{"counter":17,"key":"7x0FxvT8VourKHO4ZrDnu6pRjzbxnm4QFPXT/v3AON8="},"chainType":1,"messageKeys":{}}},"pendingPreKey":{"signedKeyId":2319682,"baseKey":"BS/sZns5TIeJ8LOC0U1DLLJ1IRqjTSehiHbw3RI6dORv","preKeyId":27482}}},"version":"v1"}