{"_sessions":{"BZzOva8oFS/4kU+2664V2IfVoiP46WDyDwo8g40OA84s":{"registrationId":759377503,"currentRatchet":{"ephemeralKeyPair":{"pubKey":"BYL9vMtdIepWTGzN/pOdGVPJ/KtwJLJzrVnTaV0rqYQ1","privKey":"EI0Oaoga/eFtz21Yk8JswwBt2gVXDGd/sj+z0Ozc/GM="},"lastRemoteEphemeralKey":"BYUWDtj04CK3EOkElcXIfYhw+YcWV5uSMzNzwZJ8hY97","previousCounter":0,"rootKey":"ve1/BkNLpz5ghJ+EAYxuj9gNuAnyqzVwwfBeZcVbOAE="},"indexInfo":{"baseKey":"BZzOva8oFS/4kU+2664V2IfVoiP46WDyDwo8g40OA84s","baseKeyType":1,"closed":1743329320939,"used":1743257675478,"created":1743257675478,"remoteIdentityKey":"BWn5fMVWbhPfpeOQwQPsNlbuB/uObcsSwEhy3tYA7YFL"},"_chains":{"BYL9vMtdIepWTGzN/pOdGVPJ/KtwJLJzrVnTaV0rqYQ1":{"chainKey":{"counter":65,"key":"ilkSCNNUNrIbqJsjZ5Zp7//AalIfZuMZrmeNunqAKWs="},"chainType":1,"messageKeys":{}}},"pendingPreKey":{"signedKeyId":10633890,"baseKey":"BZzOva8oFS/4kU+2664V2IfVoiP46WDyDwo8g40OA84s","preKeyId":1837}},"BYe/bAeOofNtF/H+Vuvkrv+4QMUfgRRM3P7ZAcy7OWh9":{"registrationId":759377503,"currentRatchet":{"ephemeralKeyPair":{"pubKey":"BUZElpX2ylQwXfCDuXPP/crW1xSK9g9F5VK2BRhM9pNe","privKey":"KDRxlj0UNuJp9A8X75YJqdBtK63v4WFsDitEcJ6zMWA="},"lastRemoteEphemeralKey":"BYUWDtj04CK3EOkElcXIfYhw+YcWV5uSMzNzwZJ8hY97","previousCounter":0,"rootKey":"K7VhNvxnuzIBioJfEoHpJyRTSdcvSGoYYjdjespm4dA="},"indexInfo":{"baseKey":"BYe/bAeOofNtF/H+Vuvkrv+4QMUfgRRM3P7ZAcy7OWh9","baseKeyType":1,"closed":1743329364976,"used":1743329320938,"created":1743329320938,"remoteIdentityKey":"BWn5fMVWbhPfpeOQwQPsNlbuB/uObcsSwEhy3tYA7YFL"},"_chains":{"BUZElpX2ylQwXfCDuXPP/crW1xSK9g9F5VK2BRhM9pNe":{"chainKey":{"counter":19,"key":"+vXkjg7BV0jGi2WCy/5zY5iBHY5VdBEhO8dAOcAQGSg="},"chainType":1,"messageKeys":{}}},"pendingPreKey":{"signedKeyId":10633890,"baseKey":"BYe/bAeOofNtF/H+Vuvkrv+4QMUfgRRM3P7ZAcy7OWh9","preKeyId":2039}},"BdbaGngwwRlBr/jVnQZgUORAclqJk7xYLKaI4g4Q4Pxi":{"registrationId":759377503,"currentRatchet":{"ephemeralKeyPair":{"pubKey":"BSl0afbk88cvuBh5G2lPMl5mUWoTmVO74bjlkMAhtXxI","privKey":"kM3u5oKrGCMi5KUiIFil5IxPi41lGasYiF4OtyZOlms="},"lastRemoteEphemeralKey":"BYUWDtj04CK3EOkElcXIfYhw+YcWV5uSMzNzwZJ8hY97","previousCounter":0,"rootKey":"YQrbnIIAG5JzNhYwbyqtdsc4rGjyDb0o3XZvJtQ8qmY="},"indexInfo":{"baseKey":"BdbaGngwwRlBr/jVnQZgUORAclqJk7xYLKaI4g4Q4Pxi","baseKeyType":1,"closed":-1,"used":1743329364973,"created":1743329364973,"remoteIdentityKey":"BWn5fMVWbhPfpeOQwQPsNlbuB/uObcsSwEhy3tYA7YFL"},"_chains":{"BSl0afbk88cvuBh5G2lPMl5mUWoTmVO74bjlkMAhtXxI":{"chainKey":{"counter":23,"key":"a1+Di4g49wZN1UEm3J/yXDlB4QUM+W6KGnEacuEAkL4="},"chainType":1,"messageKeys":{}}},"pendingPreKey":{"signedKeyId":10633890,"baseKey":"BdbaGngwwRlBr/jVnQZgUORAclqJk7xYLKaI4g4Q4Pxi","preKeyId":2103}}},"version":"v1"}