{"_sessions":{"BVwC18b9prBnWIVS0FAbMdwjYmGvn2pgKbaSQqQRpR80":{"registrationId":1721057441,"currentRatchet":{"ephemeralKeyPair":{"pubKey":"BS9MIwXJG6F/A25CjZfW5dU6yhqMM3KR0tl1nbCMnZVg","privKey":"wC5yF3mqGO4TCdz48QjxqQQjMhKOM7Th2dBTDAV5uHo="},"lastRemoteEphemeralKey":"BSrPcMFm2VVsKo3Jno2FTuTIapBq50GcJ1fKYuhucnIE","previousCounter":2,"rootKey":"xkkcduZtXbVFbJJ0NdkCezRM6BYkQtCUSgZdXcoeUYM="},"indexInfo":{"baseKey":"BVwC18b9prBnWIVS0FAbMdwjYmGvn2pgKbaSQqQRpR80","baseKeyType":1,"closed":1743329361705,"used":1743319927139,"created":1743269446435,"remoteIdentityKey":"BeG4oDc0M6+C63CWQMnLxSHLDqG2yA4MQ+fYrbc1hNwn"},"_chains":{"BT2qCnLBDKFYxfyCgn6t8OYKqvFO3t+lQ0UUrgNwIIEt":{"chainKey":{"counter":10},"chainType":2,"messageKeys":{}},"BSrPcMFm2VVsKo3Jno2FTuTIapBq50GcJ1fKYuhucnIE":{"chainKey":{"counter":0,"key":"0KC8vKPSYhhgcrgKcms2uXP1MPYwlnQp1wnzfO373PI="},"chainType":2,"messageKeys":{}},"BS9MIwXJG6F/A25CjZfW5dU6yhqMM3KR0tl1nbCMnZVg":{"chainKey":{"counter":72,"key":"UanhnFtPARNQLNvzt9EAef05q4YIvoZedozJxu3cDI4="},"chainType":1,"messageKeys":{}}}},"BU1FyYod2mNN+IO+cPCayzbtHJwc9yGuAQE0+tRyl1UX":{"registrationId":1721057441,"currentRatchet":{"ephemeralKeyPair":{"pubKey":"BTgrZUcG1jXV/a1tlvZgf7dz75EFbrGMGIC4NUhPtntr","privKey":"WMS4ZLstqSdQwaKB4PlsYrdVOUeiD/ZFvPP5XA8tYGc="},"lastRemoteEphemeralKey":"BU+s+py9BsvRdTG4SMmsaYuTC6w2KYvKzjOC5jKLwRld","previousCounter":0,"rootKey":"rNaaigm27Za+9fUGGyuVojS5mbvMC5uAxGcaN5cWSUQ="},"indexInfo":{"baseKey":"BU1FyYod2mNN+IO+cPCayzbtHJwc9yGuAQE0+tRyl1UX","baseKeyType":1,"closed":-1,"used":1743329361705,"created":1743329361705,"remoteIdentityKey":"BeG4oDc0M6+C63CWQMnLxSHLDqG2yA4MQ+fYrbc1hNwn"},"_chains":{"BTgrZUcG1jXV/a1tlvZgf7dz75EFbrGMGIC4NUhPtntr":{"chainKey":{"counter":25,"key":"5GjA1XeJYDQUkVNQbvw9eCyTGKjgors4DMP1KeJlNo8="},"chainType":1,"messageKeys":{}}},"pendingPreKey":{"signedKeyId":8104723,"baseKey":"BU1FyYod2mNN+IO+cPCayzbtHJwc9yGuAQE0+tRyl1UX","preKeyId":578}}},"version":"v1"}