{"_sessions":{"BSfr5T8Ew28kc/KzDkiV9B2wGDtY4KcbRzqg2VvJOmZs":{"registrationId":569972599,"currentRatchet":{"ephemeralKeyPair":{"pubKey":"BabaOv05IQPHzEUqe6MWVwvSQ5V/CodDl9V7Hg5JclxV","privKey":"oFacvJQs03LdJE7JaV196z0xxZGvMr9rYDXZJCLzSUo="},"lastRemoteEphemeralKey":"BRYRNHG0qqTZjE4O3NRS9/46orHE1NQh1pv15D7CnHlI","previousCounter":2,"rootKey":"A4i+sCWTKPnktyVnycQeIkOmujzsu8hku05KhcQ1iGM="},"indexInfo":{"baseKey":"BSfr5T8Ew28kc/KzDkiV9B2wGDtY4KcbRzqg2VvJOmZs","baseKeyType":1,"closed":1743329482321,"used":1743320445254,"created":1743319956775,"remoteIdentityKey":"BWGdHfxMIsjkjdiW31/qtSqwUKOvA4ltvBRR59rR88Uk"},"_chains":{"BRYRNHG0qqTZjE4O3NRS9/46orHE1NQh1pv15D7CnHlI":{"chainKey":{"counter":11,"key":"CdftCvVUHkj4s1aOaTONKWHVWzZKzZBrBgNAkjaJwVY="},"chainType":2,"messageKeys":{}},"BabaOv05IQPHzEUqe6MWVwvSQ5V/CodDl9V7Hg5JclxV":{"chainKey":{"counter":82,"key":"xvQsVPn5KjpHoBoooKgMXD9AS2Q3vUqst9nArOt5PNc="},"chainType":1,"messageKeys":{}}}},"BSTNGuQGDWPTkh1dDbK3ZRqjA+g2ecBzTdPvtvaCxA9o":{"registrationId":569972599,"currentRatchet":{"ephemeralKeyPair":{"pubKey":"BS2aPK1I/+eoS2PHGZO3n2nBRCKWuFsBklMf4qn25y09","privKey":"wEmJyFv1Rtxf6qXlqJRI08zuiE943hmsI8igyjr3W30="},"lastRemoteEphemeralKey":"BSaVA5AT/7XLKMt3lJNOqTPdEfyAIkUhC+1QnMBBgv1F","previousCounter":0,"rootKey":"pEmvZPh73eeEzl5xQ4OTa4UuE2xKfQ8TIc+xpsQ4PjA="},"indexInfo":{"baseKey":"BSTNGuQGDWPTkh1dDbK3ZRqjA+g2ecBzTdPvtvaCxA9o","baseKeyType":1,"closed":-1,"used":1743329482321,"created":1743329482321,"remoteIdentityKey":"BWGdHfxMIsjkjdiW31/qtSqwUKOvA4ltvBRR59rR88Uk"},"_chains":{"BS2aPK1I/+eoS2PHGZO3n2nBRCKWuFsBklMf4qn25y09":{"chainKey":{"counter":12,"key":"xYDWS2eHAazCSF0AhOQZm3GnOm1HVTwAgUpHbPfaGDQ="},"chainType":1,"messageKeys":{}}},"pendingPreKey":{"signedKeyId":8918001,"baseKey":"BSTNGuQGDWPTkh1dDbK3ZRqjA+g2ecBzTdPvtvaCxA9o","preKeyId":1197}}},"version":"v1"}