{"_sessions":{"BdP+Y4YfJrZAyi+OYeYhs2ihhFvwFraAnm4gA+yjr4hB":{"registrationId":378571097,"currentRatchet":{"ephemeralKeyPair":{"pubKey":"Ba9yBznedYIbIeiiRhaafsaH4mSFJhAgyBXoNykBbFk6","privKey":"gOPFgZ2tNC8MxThaceVTFHibGt+/lej5noChqOz+yWI="},"lastRemoteEphemeralKey":"BTIYD98yue4cGGoiMBLDYIGyWKWsUsecce7tlvr7u6Fi","previousCounter":0,"rootKey":"UrJhNDuFugZjPFXkLxnGYYUQ02tlA+wSkFprJ0AIR5k="},"indexInfo":{"baseKey":"BdP+Y4YfJrZAyi+OYeYhs2ihhFvwFraAnm4gA+yjr4hB","baseKeyType":1,"closed":-1,"used":1743257675529,"created":1743257675529,"remoteIdentityKey":"BQHO4oBYjvehduuErD1SvDaWaZjGmezo0rsQ+5+yBxNW"},"_chains":{"Ba9yBznedYIbIeiiRhaafsaH4mSFJhAgyBXoNykBbFk6":{"chainKey":{"counter":109,"key":"Ks2+K51vAqiIGLdEDgsZQicStjY7jCzOef+5UlFmZhs="},"chainType":1,"messageKeys":{}}},"pendingPreKey":{"signedKeyId":2,"baseKey":"BdP+Y4YfJrZAyi+OYeYhs2ihhFvwFraAnm4gA+yjr4hB","preKeyId":792903}}},"version":"v1"}