{"_sessions":{"Be5w7SUTac+jXYdHAR2w9V7/c8D/Y+0usKK3fRDj3Cxs":{"registrationId":605779574,"currentRatchet":{"ephemeralKeyPair":{"pubKey":"Ba5S/pYDcHs7yjVnnerpz/AkOmWmVA6HKmubZ8jUmOBP","privKey":"mFAoISz1J2zwALdRCTaMF7C8sLjbNg0iIdPJSBuNJ1E="},"lastRemoteEphemeralKey":"BYQ8XoZX6pIVc5DW1wTME91XDQrKL3ypdOH3gVnRtwN1","previousCounter":0,"rootKey":"X399SKU8e1p870gxWEyUS0PsQnci/DFzEu2Hk6aLkbA="},"indexInfo":{"baseKey":"Be5w7SUTac+jXYdHAR2w9V7/c8D/Y+0usKK3fRDj3Cxs","baseKeyType":1,"closed":1743329321455,"used":1743257675512,"created":1743257675512,"remoteIdentityKey":"BeIUKYdh5YQYWeM86V6d/7sXmpKcBEOSPLDNOWEWyfdf"},"_chains":{"Ba5S/pYDcHs7yjVnnerpz/AkOmWmVA6HKmubZ8jUmOBP":{"chainKey":{"counter":65,"key":"1GVLB6eFwRSAKFJ1pa6JkCBKb6arRYUquAZscHP9N6s="},"chainType":1,"messageKeys":{}}},"pendingPreKey":{"signedKeyId":2829326,"baseKey":"Be5w7SUTac+jXYdHAR2w9V7/c8D/Y+0usKK3fRDj3Cxs","preKeyId":2164}},"BZVw6S7dvjl0rnplWjikpU5xMkbFr42C3WOzJUThSc0S":{"registrationId":605779574,"currentRatchet":{"ephemeralKeyPair":{"pubKey":"BZLmHrfAqWJyRR8EdYLhrbbpuKN9UzwjlvcqiFNWmaVH","privKey":"sPMhWWiGBXLvgnP3xjjz9nZRPyugb+aqwG3jEgGLrEQ="},"lastRemoteEphemeralKey":"BYQ8XoZX6pIVc5DW1wTME91XDQrKL3ypdOH3gVnRtwN1","previousCounter":0,"rootKey":"638euQAs/mkNPjDh+MG2V0k335N48HQPPe3PurtzM3k="},"indexInfo":{"baseKey":"BZVw6S7dvjl0rnplWjikpU5xMkbFr42C3WOzJUThSc0S","baseKeyType":1,"closed":1743329372951,"used":1743329321454,"created":1743329321454,"remoteIdentityKey":"BeIUKYdh5YQYWeM86V6d/7sXmpKcBEOSPLDNOWEWyfdf"},"_chains":{"BZLmHrfAqWJyRR8EdYLhrbbpuKN9UzwjlvcqiFNWmaVH":{"chainKey":{"counter":23,"key":"jwaZuTWOr3V2ECQlTsvXoWUbdRI9mEiZbcp8wyAhSfQ="},"chainType":1,"messageKeys":{}}},"pendingPreKey":{"signedKeyId":2829326,"baseKey":"BZVw6S7dvjl0rnplWjikpU5xMkbFr42C3WOzJUThSc0S","preKeyId":1831}},"BSC7pr5D5L2yPhBM9DCnYVujcDTPBaFDiJUCOH30n+RY":{"registrationId":605779574,"currentRatchet":{"ephemeralKeyPair":{"pubKey":"BYDCWhM5slvCDeGGq9BgGhgjcI3Ohyw7b+SM7v2JhWFZ","privKey":"aCLRaP50zTmXFnk1hIS+ioD5eCcxoemjBW2BeincXG0="},"lastRemoteEphemeralKey":"BYQ8XoZX6pIVc5DW1wTME91XDQrKL3ypdOH3gVnRtwN1","previousCounter":0,"rootKey":"q17QVM7kKViuGUmjE0dZbG/1H/sU00E5v/D58P6sBpA="},"indexInfo":{"baseKey":"BSC7pr5D5L2yPhBM9DCnYVujcDTPBaFDiJUCOH30n+RY","baseKeyType":1,"closed":-1,"used":1743329372942,"created":1743329372942,"remoteIdentityKey":"BeIUKYdh5YQYWeM86V6d/7sXmpKcBEOSPLDNOWEWyfdf"},"_chains":{"BYDCWhM5slvCDeGGq9BgGhgjcI3Ohyw7b+SM7v2JhWFZ":{"chainKey":{"counter":19,"key":"HlI6/A2i9PLu14F/0amQNMSq9g6/1x8Ie0kaBD5tPFo="},"chainType":1,"messageKeys":{}}},"pendingPreKey":{"signedKeyId":2829326,"baseKey":"BSC7pr5D5L2yPhBM9DCnYVujcDTPBaFDiJUCOH30n+RY","preKeyId":2297}}},"version":"v1"}