{"_sessions":{"BUZzXwXtQHzx39UL+psgm9/MH5rr210Ing1Rd5VwQiBL":{"registrationId":1606128146,"currentRatchet":{"ephemeralKeyPair":{"pubKey":"Be1f52br8h/NukcojLsy2znxCK0EQ6gxkviUfHuW0fxK","privKey":"ENBR+f35VTmyym56Z0RgehQi7TmbmglAjbSCUEf0fkk="},"lastRemoteEphemeralKey":"BZXiEK7NlWOFAAqN/pdCjo+6nDeuVnW57AdDhVIuszJ4","previousCounter":0,"rootKey":"RUYw+b5eG4zxBcYpDWw3AcagKmvIQf/fcjn2EQFRcw0="},"indexInfo":{"baseKey":"BUZzXwXtQHzx39UL+psgm9/MH5rr210Ing1Rd5VwQiBL","baseKeyType":1,"closed":-1,"used":1743257675966,"created":1743257675966,"remoteIdentityKey":"BdUxOqW+PGTSaPRj0NGXAHx8DXzU8Qei4+f2Vz/bCdhw"},"_chains":{"Be1f52br8h/NukcojLsy2znxCK0EQ6gxkviUfHuW0fxK":{"chainKey":{"counter":13,"key":"ZKx07GCzbRqI9kQomlETxhNWAJKnrxtvTzIFA6EI5lQ="},"chainType":1,"messageKeys":{}}},"pendingPreKey":{"signedKeyId":9661094,"baseKey":"BUZzXwXtQHzx39UL+psgm9/MH5rr210Ing1Rd5VwQiBL","preKeyId":1953}}},"version":"v1"}