{"_sessions":{"BRaWbtn11C5HBDiRb0PWoc5W1RHPOHg5NfdwzXmRHH5U":{"registrationId":8500,"currentRatchet":{"ephemeralKeyPair":{"pubKey":"Ba2NgLoepJ6P4TghJhRu6B9BheDkX+XCl9hhT8O3LjB2","privKey":"CA7Z7i0FmusjGXryeF2XZwJISmLtfjp2HRq6vQ97jmI="},"lastRemoteEphemeralKey":"BbJauEdM+Gl+632RPSaLIBXqffSyGtWaL0JzrnR8J/sL","previousCounter":0,"rootKey":"7PRgR38f3SxCASxtPSLSHEO4HFoBxPGnT9gvf0vpnlg="},"indexInfo":{"baseKey":"BRaWbtn11C5HBDiRb0PWoc5W1RHPOHg5NfdwzXmRHH5U","baseKeyType":1,"closed":-1,"used":1743257675422,"created":1743257675422,"remoteIdentityKey":"BaG8kT18orEITE98Kh2fRxdAYioEishE6b3vz4wMOLgq"},"_chains":{"Ba2NgLoepJ6P4TghJhRu6B9BheDkX+XCl9hhT8O3LjB2":{"chainKey":{"counter":109,"key":"3dhQQOAOvfuaJ80ap+0mJaVjkSEUbkB7AIyhIntHiqs="},"chainType":1,"messageKeys":{}}},"pendingPreKey":{"signedKeyId":1,"baseKey":"BRaWbtn11C5HBDiRb0PWoc5W1RHPOHg5NfdwzXmRHH5U","preKeyId":74}}},"version":"v1"}