{"_sessions":{"BT+x2kaEBokCQo9RQDglmQJTSDrovX/18SdQ8ogD3dxb":{"registrationId":726682740,"currentRatchet":{"ephemeralKeyPair":{"pubKey":"BWi9np94DZ7ZmpTDeko6Nz6uv79HwUXAQjwyblqYksQA","privKey":"KHopw5Ze3jATHifDf8sF9KoLAjxnj5i8zEDHlmGCTWo="},"lastRemoteEphemeralKey":"BdKiCCW77jInI2sGi2cXNbuH39VLT6L7S4Zy/myddnda","previousCounter":0,"rootKey":"Ts9MZ4aW2iLxDTUaqfAIACImcPJnSiTKxFU35wg9PVk="},"indexInfo":{"baseKey":"BT+x2kaEBokCQo9RQDglmQJTSDrovX/18SdQ8ogD3dxb","baseKeyType":1,"closed":1743329260820,"used":1743257675424,"created":1743257675424,"remoteIdentityKey":"Bbayd9SfPawpJIDip4c5hmgRN4eK2ketgE+dH+HQoAog"},"_chains":{"BWi9np94DZ7ZmpTDeko6Nz6uv79HwUXAQjwyblqYksQA":{"chainKey":{"counter":42,"key":"bRAYo1Ioh2ZaDozjH5M3zhxksF6KQNR0SvgQCuCqGk0="},"chainType":1,"messageKeys":{}}},"pendingPreKey":{"signedKeyId":12219356,"baseKey":"BT+x2kaEBokCQo9RQDglmQJTSDrovX/18SdQ8ogD3dxb","preKeyId":602}},"Bf8ozdhepwFBWtzDV2qbXBDU9QgTlv0X4r9xuSqZpuRh":{"registrationId":726682740,"currentRatchet":{"ephemeralKeyPair":{"pubKey":"BaKS9ixbhsJc1+VMTh7qz8cNesa5sQSuKD/x4w+Tza1z","privKey":"gKVWCZ6Sjx4pF1osZdT9t0budp1cS4pwV7LkgfxFaHc="},"lastRemoteEphemeralKey":"BdKiCCW77jInI2sGi2cXNbuH39VLT6L7S4Zy/myddnda","previousCounter":0,"rootKey":"D0EOVliYusld4nYMmDhsy3ZmVo+6Rfm9km1DVRjF078="},"indexInfo":{"baseKey":"Bf8ozdhepwFBWtzDV2qbXBDU9QgTlv0X4r9xuSqZpuRh","baseKeyType":1,"closed":1743330237359,"used":1743329260819,"created":1743329260819,"remoteIdentityKey":"Bbayd9SfPawpJIDip4c5hmgRN4eK2ketgE+dH+HQoAog"},"_chains":{"BaKS9ixbhsJc1+VMTh7qz8cNesa5sQSuKD/x4w+Tza1z":{"chainKey":{"counter":56,"key":"hw1eHz6XzrjaAX6bIZpdJeama+xf7e095+nXUELS3bM="},"chainType":1,"messageKeys":{}}},"pendingPreKey":{"signedKeyId":12219356,"baseKey":"Bf8ozdhepwFBWtzDV2qbXBDU9QgTlv0X4r9xuSqZpuRh","preKeyId":1157}},"BWmFuiRXV8Stc+hY+bxSX6/cw/bgcI/Dvzd2nh1I6rhl":{"registrationId":726682740,"currentRatchet":{"ephemeralKeyPair":{"pubKey":"BfubpHERgvlmrZzZvM58Xto1r9e3/V+S+F9+6IRAPgN5","privKey":"8AHylGw7o+V8pTMYa1DVSUR3NAQP71pEEyX20MQCVVw="},"lastRemoteEphemeralKey":"BdKiCCW77jInI2sGi2cXNbuH39VLT6L7S4Zy/myddnda","previousCounter":0,"rootKey":"CBMWH+QHwZ7JGKWBNb4krPCA071yu3BUu3iN2H052Jg="},"indexInfo":{"baseKey":"BWmFuiRXV8Stc+hY+bxSX6/cw/bgcI/Dvzd2nh1I6rhl","baseKeyType":1,"closed":1743330238132,"used":1743330237357,"created":1743330237357,"remoteIdentityKey":"Bbayd9SfPawpJIDip4c5hmgRN4eK2ketgE+dH+HQoAog"},"_chains":{"BfubpHERgvlmrZzZvM58Xto1r9e3/V+S+F9+6IRAPgN5":{"chainKey":{"counter":-1,"key":"hPg4eQ2WNr5Uch6ErNgfP/ySGEj+uC54oy6WRxZ2UQM="},"chainType":1,"messageKeys":{}}},"pendingPreKey":{"signedKeyId":12219356,"baseKey":"BWmFuiRXV8Stc+hY+bxSX6/cw/bgcI/Dvzd2nh1I6rhl","preKeyId":1668}},"BRK4VWPV6vtybdUb4nTrfpEQEHRea/697GxV/saR2SYm":{"registrationId":726682740,"currentRatchet":{"ephemeralKeyPair":{"pubKey":"BUrfUo1ptJgrNHxau1aDXDEXwhjnto/6jneeSI6PF4xY","privKey":"aKttwSA1fTCekxzbWKXWfcR9wMoE8kmfe+N0fRTGV1I="},"lastRemoteEphemeralKey":"BdKiCCW77jInI2sGi2cXNbuH39VLT6L7S4Zy/myddnda","previousCounter":0,"rootKey":"k3QxxQNi73JMtIVMB0kD/MPIXnBdDyt1bvfs64SbDhQ="},"indexInfo":{"baseKey":"BRK4VWPV6vtybdUb4nTrfpEQEHRea/697GxV/saR2SYm","baseKeyType":1,"closed":1743330239107,"used":1743330238131,"created":1743330238131,"remoteIdentityKey":"Bbayd9SfPawpJIDip4c5hmgRN4eK2ketgE+dH+HQoAog"},"_chains":{"BUrfUo1ptJgrNHxau1aDXDEXwhjnto/6jneeSI6PF4xY":{"chainKey":{"counter":-1,"key":"cD3quiyjbCkGLE0z78lyfiLjlRcG3oX2V9QttgIv4Yk="},"chainType":1,"messageKeys":{}}},"pendingPreKey":{"signedKeyId":12219356,"baseKey":"BRK4VWPV6vtybdUb4nTrfpEQEHRea/697GxV/saR2SYm","preKeyId":1725}},"BV5u2iZcFMb+btQgnVLGddhPzcHPjsm+/otJAulMs7Uc":{"registrationId":726682740,"currentRatchet":{"ephemeralKeyPair":{"pubKey":"BVJi0t44bcm30LwIbXAqAOI0I70zvdFiuuPv9xSJoTQs","privKey":"mFq/OQJJ0/rHTLBC6WazCEKylAeP9e2+3ubvhfcC41M="},"lastRemoteEphemeralKey":"BdKiCCW77jInI2sGi2cXNbuH39VLT6L7S4Zy/myddnda","previousCounter":0,"rootKey":"ZxEf6RlToDrZ8/bgtB31LFrIxwWh/N/n1V7GIcmX4SQ="},"indexInfo":{"baseKey":"BV5u2iZcFMb+btQgnVLGddhPzcHPjsm+/otJAulMs7Uc","baseKeyType":1,"closed":-1,"used":1743330239107,"created":1743330239107,"remoteIdentityKey":"Bbayd9SfPawpJIDip4c5hmgRN4eK2ketgE+dH+HQoAog"},"_chains":{"BVJi0t44bcm30LwIbXAqAOI0I70zvdFiuuPv9xSJoTQs":{"chainKey":{"counter":10,"key":"QGiVLu7jaSg3FIhq/6JU1yy+L4jFR2QLbpAwhF0nGYs="},"chainType":1,"messageKeys":{}}},"pendingPreKey":{"signedKeyId":12219356,"baseKey":"BV5u2iZcFMb+btQgnVLGddhPzcHPjsm+/otJAulMs7Uc","preKeyId":1790}}},"version":"v1"}