{"_sessions":{"BVzQymGYMpJ7a/5CTH6C75cVzigpTRAO7iM0dPTeOiY7":{"registrationId":445738298,"currentRatchet":{"ephemeralKeyPair":{"pubKey":"Bd8K27n2lK0AuL/bOT8mHDip4Dur25SA55WZgwKfDR5s","privKey":"kIaN2zfvlS/FBuGvGA5d2kgQ7d6LMcC67TXwpb75GlM="},"lastRemoteEphemeralKey":"BXLjBNFWcdfJc7p92/UOXDDMIqkw57m180jEStrbL1lY","previousCounter":0,"rootKey":"bt3/5+osuliq+BU/BjpRtOwwUh1Ho5M1HyGCuCnBFIo="},"indexInfo":{"baseKey":"BVzQymGYMpJ7a/5CTH6C75cVzigpTRAO7iM0dPTeOiY7","baseKeyType":1,"closed":-1,"used":1743319956761,"created":1743319956761,"remoteIdentityKey":"BZYSvzNovZaoLKfWOLp0r9LpquZiKkZOYNncOw7XGbcx"},"_chains":{"Bd8K27n2lK0AuL/bOT8mHDip4Dur25SA55WZgwKfDR5s":{"chainKey":{"counter":2,"key":"18417JxOJeJ96u14PVrm6aJhXvbin8fRHNros8rXTcY="},"chainType":1,"messageKeys":{}}},"pendingPreKey":{"signedKeyId":1,"baseKey":"BVzQymGYMpJ7a/5CTH6C75cVzigpTRAO7iM0dPTeOiY7","preKeyId":814}}},"version":"v1"}