{"_sessions":{"Bc3i0ahkP6qq/xnwF+1OCTk4l4dnfUZXm/LsVAnqY+pX":{"registrationId":1260675895,"currentRatchet":{"ephemeralKeyPair":{"pubKey":"BU8M10BQFodNJbHmVQfH1FEM8Z5JZeORO1DuE347ty9l","privKey":"kKzBE9yN19rmQ7TZT4sZBG2aPNA4ccTcbM/tAotpOHc="},"lastRemoteEphemeralKey":"BXby1dBdaQxbcRQ5JyBnvV1ef90CvcaqLlHyTdKnoKMt","previousCounter":0,"rootKey":"VmCv58FvUshAYzDzoyZgLgIX82zMxQ5svmikceTCmAY="},"indexInfo":{"baseKey":"Bc3i0ahkP6qq/xnwF+1OCTk4l4dnfUZXm/LsVAnqY+pX","baseKeyType":1,"closed":-1,"used":1743257675522,"created":1743257675522,"remoteIdentityKey":"BaHPPq+uY6rAl+PaMfBTVmiuv/4L8ojl3F79YmHgGY9w"},"_chains":{"BU8M10BQFodNJbHmVQfH1FEM8Z5JZeORO1DuE347ty9l":{"chainKey":{"counter":109,"key":"YpJDfs/C55/KeLhs2LlBXkstJTGgrN86Rh3NAJ0I5B0="},"chainType":1,"messageKeys":{}}},"pendingPreKey":{"signedKeyId":3352096,"baseKey":"Bc3i0ahkP6qq/xnwF+1OCTk4l4dnfUZXm/LsVAnqY+pX","preKeyId":22768}}},"version":"v1"}