{"_sessions":{"BbAmlRqhs3k/V84+DWMDJCh1YZRT3rNj/lukzOclIYsm":{"registrationId":1027562105,"currentRatchet":{"ephemeralKeyPair":{"pubKey":"BWxdZN3tfU6ky1S9hUO+b3CaUfFK660UTavYnAwOTb0r","privKey":"iOPG5ltTfjBtVSARfMhc5ToAr4T89bUYLM80o7HSx0c="},"lastRemoteEphemeralKey":"Ben6bb3ifefqcj47eDlD0AX7caM7PDMThNnwW89XElEx","previousCounter":0,"rootKey":"vnigNJhJfUK9+PzxNfMovNSU85tl01vTChuSpvW6Ut0="},"indexInfo":{"baseKey":"BbAmlRqhs3k/V84+DWMDJCh1YZRT3rNj/lukzOclIYsm","baseKeyType":1,"closed":-1,"used":1743257675471,"created":1743257675471,"remoteIdentityKey":"BZP1lNLjU5pJuHy0SEMvgFAIf/dTLn32UthI95LkHXFR"},"_chains":{"BWxdZN3tfU6ky1S9hUO+b3CaUfFK660UTavYnAwOTb0r":{"chainKey":{"counter":109,"key":"RHAheFIWPZ9BXzEx8EmWb6R9196HKISdBUepujFpqjk="},"chainType":1,"messageKeys":{}}},"pendingPreKey":{"signedKeyId":1566505,"baseKey":"BbAmlRqhs3k/V84+DWMDJCh1YZRT3rNj/lukzOclIYsm","preKeyId":3330}}},"version":"v1"}