{"_sessions":{"BVoa6Cb+KscFeFO7R2qeau24kjyCZ3A3RiE0TpuiG3oL":{"registrationId":508647862,"currentRatchet":{"ephemeralKeyPair":{"pubKey":"BeSYspQZxzCqy26HYWPC32CodMzK5bahhfje31cER6dB","privKey":"ePBEnwq2HFI8wmHmOwZcSxs48cLZMMS0EO3K9nKD4kk="},"lastRemoteEphemeralKey":"BbEJ1S90/AximYTmLWivgsZyPyZD5eDuXBdJwZWvvWlO","previousCounter":0,"rootKey":"6WjgdF4mI99WMTr2fUjTwf9vwdlPMHcwMiQAR8F3XUw="},"indexInfo":{"baseKey":"BVoa6Cb+KscFeFO7R2qeau24kjyCZ3A3RiE0TpuiG3oL","baseKeyType":1,"closed":1743269492885,"used":1743257675955,"created":1743257675955,"remoteIdentityKey":"BS/3qtYR2KrvJ7Ngzc1GSlBJcQ/8OuE49Zh1RgL4Sd8d"},"_chains":{"BeSYspQZxzCqy26HYWPC32CodMzK5bahhfje31cER6dB":{"chainKey":{"counter":7,"key":"04BadqH3GMeFJXqB3xSG/L7DFsjd11wOt5bHrTFFhl0="},"chainType":1,"messageKeys":{}}},"pendingPreKey":{"signedKeyId":9862368,"baseKey":"BVoa6Cb+KscFeFO7R2qeau24kjyCZ3A3RiE0TpuiG3oL","preKeyId":9034}},"BQgzY9H02K+FHvZVl1wSPSRHFNhR5hSACWkbfA6o3w8C":{"registrationId":1902573216,"currentRatchet":{"ephemeralKeyPair":{"pubKey":"BcJwAL5NdbQ3nEQi3cnnE+rGuVPLaFIEk6FSZi+ykQ5p","privKey":"0IiSwNrydyCchdYo1QI+kyQi7813mzRhJskfI5U9u00="},"lastRemoteEphemeralKey":"BQHAlztsmwSzMf3ZarwBNovGH51FNMWCcoIS02YErfA4","previousCounter":0,"rootKey":"OXsneR0q5jQwgxiNF/i+iDGZxBomPgyrACYWZpiJ63E="},"indexInfo":{"baseKey":"BQgzY9H02K+FHvZVl1wSPSRHFNhR5hSACWkbfA6o3w8C","baseKeyType":1,"closed":1743269847879,"used":1743269492884,"created":1743269492884,"remoteIdentityKey":"BSXOMOU+9viBi7ZIkTJSpuU84FjXapDHX/MM45vuJTxB"},"_chains":{"BcJwAL5NdbQ3nEQi3cnnE+rGuVPLaFIEk6FSZi+ykQ5p":{"chainKey":{"counter":0,"key":"ihw+WRKBFQ9QpR32RL43SJQGiD9za8tQXmgWX6VByqI="},"chainType":1,"messageKeys":{}}},"pendingPreKey":{"signedKeyId":12609088,"baseKey":"BQgzY9H02K+FHvZVl1wSPSRHFNhR5hSACWkbfA6o3w8C","preKeyId":2271}},"BSf5WE9wz6PTmFuvZahAKZYZ2vhkG3VFHyhlxB3ERXZt":{"registrationId":1902573216,"currentRatchet":{"ephemeralKeyPair":{"pubKey":"BfC+C1ELv+ivAAJ4hmX9xrvrJTCXEDX6DvOxSRxMSUkU","privKey":"IPAZA91ItRdsxpUGHXHIeRs518FBocam/C0eaeiMuk0="},"lastRemoteEphemeralKey":"BQHAlztsmwSzMf3ZarwBNovGH51FNMWCcoIS02YErfA4","previousCounter":0,"rootKey":"QMQVxAk+Ngv8kBn8Rd0EbJqmgQz4go9UQ2ok3DdDrjg="},"indexInfo":{"baseKey":"BSf5WE9wz6PTmFuvZahAKZYZ2vhkG3VFHyhlxB3ERXZt","baseKeyType":1,"closed":1743319961536,"used":1743269847879,"created":1743269847879,"remoteIdentityKey":"BSXOMOU+9viBi7ZIkTJSpuU84FjXapDHX/MM45vuJTxB"},"_chains":{"BfC+C1ELv+ivAAJ4hmX9xrvrJTCXEDX6DvOxSRxMSUkU":{"chainKey":{"counter":2,"key":"oDXy4F8yeNz9LvVHloXmTmbRls3VmU1jq9BZgzSP8q8="},"chainType":1,"messageKeys":{}}},"pendingPreKey":{"signedKeyId":12609088,"baseKey":"BSf5WE9wz6PTmFuvZahAKZYZ2vhkG3VFHyhlxB3ERXZt","preKeyId":2222}},"BWtmilmWzrcJ72E0P4AbX6Z85SRawydhEnJJpTjOupU2":{"registrationId":1163358565,"currentRatchet":{"ephemeralKeyPair":{"pubKey":"BRWBkohYZokShTmkATETaN836o8W9GUSkciJoS5m7HkY","privKey":"sN0msVbMNaodFKdaZob4FHThHXnP1h5gebM2Ano1C14="},"lastRemoteEphemeralKey":"BWq3z9/EJ2EGRJxHw4PppEZGiScEvmomowBUB3gaGEh3","previousCounter":0,"rootKey":"l8HJ8VnACaZO3NuOKmT5zk23YsRuZXSJTn2Psm1mYY0="},"indexInfo":{"baseKey":"BWtmilmWzrcJ72E0P4AbX6Z85SRawydhEnJJpTjOupU2","baseKeyType":1,"closed":1743329367615,"used":1743319961535,"created":1743319961535,"remoteIdentityKey":"BWgpWgutuA1ghd5clULWsOsKC2vLtEoFnsV3FDGzzUcF"},"_chains":{"BRWBkohYZokShTmkATETaN836o8W9GUSkciJoS5m7HkY":{"chainKey":{"counter":74,"key":"iiiUAOHizU849e8tuhemB9z94WG6LDIRPIHcv7mYHuQ="},"chainType":1,"messageKeys":{}}},"pendingPreKey":{"signedKeyId":1563595,"baseKey":"BWtmilmWzrcJ72E0P4AbX6Z85SRawydhEnJJpTjOupU2","preKeyId":2103}},"BXDQAqPhUwBZLOab1Aih6/psIpS3xoP3MjYI/Efzdjcq":{"registrationId":1163358565,"currentRatchet":{"ephemeralKeyPair":{"pubKey":"BZuBbMH4v+dvMREdB4h9tvbSPrKcKhCM3xxKh7vapERu","privKey":"UPPGXYNp0c0O7QYTtjcUgDftMXfGWTU+s4uu9l2M4E0="},"lastRemoteEphemeralKey":"BWq3z9/EJ2EGRJxHw4PppEZGiScEvmomowBUB3gaGEh3","previousCounter":0,"rootKey":"PN3Wsitg9pKGfxIPCXldpEUGECMJ7f9zeanyItYm+jA="},"indexInfo":{"baseKey":"BXDQAqPhUwBZLOab1Aih6/psIpS3xoP3MjYI/Efzdjcq","baseKeyType":1,"closed":-1,"used":1743329367615,"created":1743329367615,"remoteIdentityKey":"BWgpWgutuA1ghd5clULWsOsKC2vLtEoFnsV3FDGzzUcF"},"_chains":{"BZuBbMH4v+dvMREdB4h9tvbSPrKcKhCM3xxKh7vapERu":{"chainKey":{"counter":22,"key":"aPBk2wliCizqEGmEnv7n3dW+JicY32OzQguR/bRq634="},"chainType":1,"messageKeys":{}}},"pendingPreKey":{"signedKeyId":1563595,"baseKey":"BXDQAqPhUwBZLOab1Aih6/psIpS3xoP3MjYI/Efzdjcq","preKeyId":1908}}},"version":"v1"}