{"_sessions":{"BVOa380VYLeKfQqq3fpM2YRIlXzMJ212Fy7hIqOOl1kT":{"registrationId":83030599,"currentRatchet":{"ephemeralKeyPair":{"pubKey":"BdNX2k2Srl9Wjk5eWVPBAA62RscabfYVldhMFXrwh18a","privKey":"GDynKpTey+wqpbG660CFrXcmDDxFq+FIFMJw1Rv4nUc="},"lastRemoteEphemeralKey":"BUR4sLXEs04k7hhHonPVu4IUMjsQ2paNalo7lolJgChL","previousCounter":0,"rootKey":"VbR9XHXQcnEsTn9ykdWi/+ols8HMp9wYY3ycLWnVaMI="},"indexInfo":{"baseKey":"BVOa380VYLeKfQqq3fpM2YRIlXzMJ212Fy7hIqOOl1kT","baseKeyType":1,"closed":1743329275132,"used":1743257675491,"created":1743257675491,"remoteIdentityKey":"BZjuNsD1Zo2y9qfu+yTKOv92rOkra9CyGfCn3+DdlI9s"},"_chains":{"BdNX2k2Srl9Wjk5eWVPBAA62RscabfYVldhMFXrwh18a":{"chainKey":{"counter":44,"key":"kHR+jEFXi9TQNqmroZ5wHfdJOPVy/11vyXmxA/DbUzg="},"chainType":1,"messageKeys":{}}},"pendingPreKey":{"signedKeyId":15411249,"baseKey":"BVOa380VYLeKfQqq3fpM2YRIlXzMJ212Fy7hIqOOl1kT","preKeyId":2406}},"BTTf2xCB/rEr3T6UG0wI5pg/xc/SF6Jgv4Wwjv3AThZZ":{"registrationId":83030599,"currentRatchet":{"ephemeralKeyPair":{"pubKey":"BaxePryIifi46PotkKL3pj0nDyMtlS7cRXf3g2gvIZ4P","privKey":"EBfjcp/WKlsuuMbRDvYwYISiKDOBNN5mmX1dLjKLnU0="},"lastRemoteEphemeralKey":"BUR4sLXEs04k7hhHonPVu4IUMjsQ2paNalo7lolJgChL","previousCounter":0,"rootKey":"nj1XrCR1vyQxf6yEy+1HMLKHA4jhw1AFIIiZ2ofmWq8="},"indexInfo":{"baseKey":"BTTf2xCB/rEr3T6UG0wI5pg/xc/SF6Jgv4Wwjv3AThZZ","baseKeyType":1,"closed":1743329512107,"used":1743329275132,"created":1743329275132,"remoteIdentityKey":"BZjuNsD1Zo2y9qfu+yTKOv92rOkra9CyGfCn3+DdlI9s"},"_chains":{"BaxePryIifi46PotkKL3pj0nDyMtlS7cRXf3g2gvIZ4P":{"chainKey":{"counter":51,"key":"JRuRyP6jpWeZFuWP+BPQqXeMrX2qTBVpZsaBUgF5s40="},"chainType":1,"messageKeys":{}}},"pendingPreKey":{"signedKeyId":15411249,"baseKey":"BTTf2xCB/rEr3T6UG0wI5pg/xc/SF6Jgv4Wwjv3AThZZ","preKeyId":2428}},"BXXa+l3mkemEDjkLH+XHux1yc6ofPjxVJ2L8Xnc1uvYY":{"registrationId":83030599,"currentRatchet":{"ephemeralKeyPair":{"pubKey":"BT3qNXYRFjwKeRgf4jBmUp9TPf3IjzVqwM275/sCUtEG","privKey":"gHSrtSzswTJapi3Hz1fwS6kfzADurPCtXpTxAhTxCXc="},"lastRemoteEphemeralKey":"BUR4sLXEs04k7hhHonPVu4IUMjsQ2paNalo7lolJgChL","previousCounter":0,"rootKey":"bpIrdoFhcYSzO7Q1rsr7vAGhgpz+AEe8iqwSHfuFyBo="},"indexInfo":{"baseKey":"BXXa+l3mkemEDjkLH+XHux1yc6ofPjxVJ2L8Xnc1uvYY","baseKeyType":1,"closed":1743329512201,"used":1743329512106,"created":1743329512106,"remoteIdentityKey":"BZjuNsD1Zo2y9qfu+yTKOv92rOkra9CyGfCn3+DdlI9s"},"_chains":{"BT3qNXYRFjwKeRgf4jBmUp9TPf3IjzVqwM275/sCUtEG":{"chainKey":{"counter":-1,"key":"ol/2YMBGJUn1/TyOch3G6gTx+ouxUic3qE3olyE6dF4="},"chainType":1,"messageKeys":{}}},"pendingPreKey":{"signedKeyId":15411249,"baseKey":"BXXa+l3mkemEDjkLH+XHux1yc6ofPjxVJ2L8Xnc1uvYY","preKeyId":2371}},"BcutoG5r6ANVuWmi/iqNrHOqu3DGfUDgyysMVVgeMAAm":{"registrationId":83030599,"currentRatchet":{"ephemeralKeyPair":{"pubKey":"BRIQXOaWQqfFspOkBbw2wK6MzpGqk4t87r6C7yHFysF0","privKey":"qI1QoDx8L/QbxrlkEMFbSyXfGDoGYA143KeYB10Id0k="},"lastRemoteEphemeralKey":"BUR4sLXEs04k7hhHonPVu4IUMjsQ2paNalo7lolJgChL","previousCounter":0,"rootKey":"X3vPEeZyrMAcrsJ6jOEcdkPiqelqcR/6bGNZbWWJUTk="},"indexInfo":{"baseKey":"BcutoG5r6ANVuWmi/iqNrHOqu3DGfUDgyysMVVgeMAAm","baseKeyType":1,"closed":1743329512295,"used":1743329512201,"created":1743329512201,"remoteIdentityKey":"BZjuNsD1Zo2y9qfu+yTKOv92rOkra9CyGfCn3+DdlI9s"},"_chains":{"BRIQXOaWQqfFspOkBbw2wK6MzpGqk4t87r6C7yHFysF0":{"chainKey":{"counter":-1,"key":"jxyNUg1TJ9narTW3CybgMxYnFZ4pt5MAMU+iJOrIVvE="},"chainType":1,"messageKeys":{}}},"pendingPreKey":{"signedKeyId":15411249,"baseKey":"BcutoG5r6ANVuWmi/iqNrHOqu3DGfUDgyysMVVgeMAAm","preKeyId":2343}},"BWQScLcPTP0wlCMpQ1TGzBNPYC55jEmrTr3ESBPA6iUQ":{"registrationId":83030599,"currentRatchet":{"ephemeralKeyPair":{"pubKey":"BZjam/IrupI8ZbL1IqMTh0wl8b0C1zJxGgVwH+USOogJ","privKey":"uFdhWx6ARNPPI3/SC58vPFfk8qLL9Tj5bhTzBd4qrEI="},"lastRemoteEphemeralKey":"BUR4sLXEs04k7hhHonPVu4IUMjsQ2paNalo7lolJgChL","previousCounter":0,"rootKey":"QT98lsvLVcyvTgpzmTc0wuFvIl9l9EvnlVOlQq+9T1c="},"indexInfo":{"baseKey":"BWQScLcPTP0wlCMpQ1TGzBNPYC55jEmrTr3ESBPA6iUQ","baseKeyType":1,"closed":-1,"used":1743329512294,"created":1743329512294,"remoteIdentityKey":"BZjuNsD1Zo2y9qfu+yTKOv92rOkra9CyGfCn3+DdlI9s"},"_chains":{"BZjam/IrupI8ZbL1IqMTh0wl8b0C1zJxGgVwH+USOogJ":{"chainKey":{"counter":12,"key":"DnIHeTYIwMEghfr3+j0vlAY9Bma7w5pCJHGZ4cSbgvA="},"chainType":1,"messageKeys":{}}},"pendingPreKey":{"signedKeyId":15411249,"baseKey":"BWQScLcPTP0wlCMpQ1TGzBNPYC55jEmrTr3ESBPA6iUQ","preKeyId":1731}}},"version":"v1"}