{"_sessions":{"BcRaG6LWkoJA7Q1lcwrbrQNkrxn2Tcms2/MZeFNtNv1U":{"registrationId":1845450295,"currentRatchet":{"ephemeralKeyPair":{"pubKey":"BS7N2irHxt0Z4SFY2nKFid3yX00OZUE6JO6yaP6eChQe","privKey":"ME9QswsGMx7gorpYhpqxFa/yz7u7L5GduD59T41jZEc="},"lastRemoteEphemeralKey":"BWAm/cKpfSv2Lmje5gmFTVUrxJjixnBBljH+VpU6oC95","previousCounter":0,"rootKey":"qhXF7kBMnYB+hvyKKczlrv/6wS09yt8eYWrdQ0LqBC4="},"indexInfo":{"baseKey":"BcRaG6LWkoJA7Q1lcwrbrQNkrxn2Tcms2/MZeFNtNv1U","baseKeyType":1,"closed":-1,"used":1743330530832,"created":1743330530832,"remoteIdentityKey":"Baw94UIRhRGZ//y54QxR6w8b4+96yN1KJ7wmxg6nHvhb"},"_chains":{"BS7N2irHxt0Z4SFY2nKFid3yX00OZUE6JO6yaP6eChQe":{"chainKey":{"counter":0,"key":"n9Et2fZA5PSLnJQ4Mzo7EbYi2VbQOBVJUJYaEs2cB6Q="},"chainType":1,"messageKeys":{}}},"pendingPreKey":{"signedKeyId":2240540,"baseKey":"BcRaG6LWkoJA7Q1lcwrbrQNkrxn2Tcms2/MZeFNtNv1U","preKeyId":3669}}},"version":"v1"}