{"_sessions":{"BS7HrRHCSrQ2GKnf/pB0nVoW6Fy3VQRiIgLIF1RirSIg":{"registrationId":12636,"currentRatchet":{"ephemeralKeyPair":{"pubKey":"BcpzQy7bc6W0EOb47y9rrzwPKbBcQZt7v8bU92Jzvq9P","privKey":"GP0+uDcd6wYfPbVDyUHE5w8GMCGU8xgfv91stoj+N3c="},"lastRemoteEphemeralKey":"BW8OJmF5bBoIVVOXnCq92pcn7J5xUTYLxeX8nGPkaalR","previousCounter":0,"rootKey":"kz6S6Qgzn27bKSlnetAq/15sy4J8/4TBnnERYs4G/cE="},"indexInfo":{"baseKey":"BS7HrRHCSrQ2GKnf/pB0nVoW6Fy3VQRiIgLIF1RirSIg","baseKeyType":1,"closed":-1,"used":1743319956771,"created":1743319956771,"remoteIdentityKey":"BfrkPCs6RxQbQHVVloJohlyGC261kVkcX3AEQGre4Dor"},"_chains":{"BcpzQy7bc6W0EOb47y9rrzwPKbBcQZt7v8bU92Jzvq9P":{"chainKey":{"counter":98,"key":"cHcwQ9Vs/uVeR/PqwWG68WLxMtAa+Yvd8ICahvDhv/Y="},"chainType":1,"messageKeys":{}}},"pendingPreKey":{"signedKeyId":1,"baseKey":"BS7HrRHCSrQ2GKnf/pB0nVoW6Fy3VQRiIgLIF1RirSIg"}}},"version":"v1"}