{"_sessions":{"Bb0M6uh7n+ZwzmQIM6zt7lP2REiCBq3nNZwXfjvfvUxV":{"registrationId":1652574847,"currentRatchet":{"ephemeralKeyPair":{"pubKey":"BZ/2vYEt/fG8lmJsutEZBfoLciUh1eUVANiq7JeDiyYe","privKey":"AEiQYfifmXPDXhDC1W9XhITFnyaNYlZhUBEayoM9/GI="},"lastRemoteEphemeralKey":"BaTZR9brLobJee7yTgECa7tTue1zBzYb9XWJwA/JbS06","previousCounter":2,"rootKey":"Ady1/oXcDtXeYdruopNVeFiOmQO/5LZUIvFJ1s+gcbY="},"indexInfo":{"baseKey":"Bb0M6uh7n+ZwzmQIM6zt7lP2REiCBq3nNZwXfjvfvUxV","baseKeyType":1,"closed":1743329281655,"used":1743320371038,"created":1743319956785,"remoteIdentityKey":"BbYg3BhJek/QRZOnJXc1HyQQ+ZL45k3wsyrpTNtvkI8q"},"_chains":{"BaTZR9brLobJee7yTgECa7tTue1zBzYb9XWJwA/JbS06":{"chainKey":{"counter":3,"key":"6hshhNPO9MjEgpqh8YD0Fb8jX4LKEiNK7XKXMBNE2qA="},"chainType":2,"messageKeys":{}},"BZ/2vYEt/fG8lmJsutEZBfoLciUh1eUVANiq7JeDiyYe":{"chainKey":{"counter":33,"key":"IyviPqoapTVJIPpeLooMWjEHEf6smN+cvkSe8+sSRYg="},"chainType":1,"messageKeys":{}}}},"BSuRrRcFmnABU38PP5c5OeQbgWxvcsw8rJzkHPmgy3pH":{"registrationId":1652574847,"currentRatchet":{"ephemeralKeyPair":{"pubKey":"BVmKG55Y4pDpMkggNuU8lQbL7fb8TVlo2ROQnJG8bUhF","privKey":"KBaem5pTyJYGksHnl73MD3rGkortPGH7RdpT0DTYjWM="},"lastRemoteEphemeralKey":"BTlYNr8wab+ezxkUlr+e5IJMYqvq2BYvCv4xH1DNBvcV","previousCounter":0,"rootKey":"mUA9Yl332Edv3nZrcCK6K1Xgo2JYX8GbiWjcP6udqSc="},"indexInfo":{"baseKey":"BSuRrRcFmnABU38PP5c5OeQbgWxvcsw8rJzkHPmgy3pH","baseKeyType":1,"closed":1743329408685,"used":1743329281654,"created":1743329281654,"remoteIdentityKey":"BbYg3BhJek/QRZOnJXc1HyQQ+ZL45k3wsyrpTNtvkI8q"},"_chains":{"BVmKG55Y4pDpMkggNuU8lQbL7fb8TVlo2ROQnJG8bUhF":{"chainKey":{"counter":47,"key":"EExKQXELVa1m8TYVUN650eJqFxqEm47te94wqqjLfwE="},"chainType":1,"messageKeys":{}}},"pendingPreKey":{"signedKeyId":14248353,"baseKey":"BSuRrRcFmnABU38PP5c5OeQbgWxvcsw8rJzkHPmgy3pH","preKeyId":1377}},"BcTgafPZXlcQx0Uh8AgviAFlO2XOqtI7HKJmLLWLMA5t":{"registrationId":1652574847,"currentRatchet":{"ephemeralKeyPair":{"pubKey":"BR1mb5/cexOGJb48k50tzecuPBdbPEwlaAiaBhyzfnp/","privKey":"CJ3ryXN1affqJ0IVJZhjWN6yUlaXY7bZek7+jA5Fhn4="},"lastRemoteEphemeralKey":"BTlYNr8wab+ezxkUlr+e5IJMYqvq2BYvCv4xH1DNBvcV","previousCounter":0,"rootKey":"2rHvjCLjIWKoCY2ZlTJQEy9bhybIu0QrDnh6t2dsLmM="},"indexInfo":{"baseKey":"BcTgafPZXlcQx0Uh8AgviAFlO2XOqtI7HKJmLLWLMA5t","baseKeyType":1,"closed":-1,"used":1743329408681,"created":1743329408681,"remoteIdentityKey":"BbYg3BhJek/QRZOnJXc1HyQQ+ZL45k3wsyrpTNtvkI8q"},"_chains":{"BR1mb5/cexOGJb48k50tzecuPBdbPEwlaAiaBhyzfnp/":{"chainKey":{"counter":13,"key":"N74KsfgDIZ59lmYbzzfMJOohpAD3RmOAJJcbLt9Jtz8="},"chainType":1,"messageKeys":{}}},"pendingPreKey":{"signedKeyId":14248353,"baseKey":"BcTgafPZXlcQx0Uh8AgviAFlO2XOqtI7HKJmLLWLMA5t","preKeyId":1300}}},"version":"v1"}