{"_sessions":{"BdPorAMR7mZCA4shx6pOfcnZt2xmPz8DqQ980NdnyScX":{"registrationId":280134388,"currentRatchet":{"ephemeralKeyPair":{"pubKey":"BXyjiTlppFWwPJmr/zL0ZXAXmzhSgZTXsuSRxAmzaAUA","privKey":"GFZZSlblcceSQHf7iLybtFT42HQMUIZQvKnxcCHPGkU="},"lastRemoteEphemeralKey":"BfHBqTYUTTBJEi429v6IOgPbf8+KJbll82RBbkVd8Jp0","previousCounter":0,"rootKey":"efkjR4RwP4IS217jwZ+mQNpOz3ujhNzS26bLWb53lbc="},"indexInfo":{"baseKey":"BdPorAMR7mZCA4shx6pOfcnZt2xmPz8DqQ980NdnyScX","baseKeyType":1,"closed":1743257962647,"used":1743257675521,"created":1743257675521,"remoteIdentityKey":"BUhZw2x7ayJPNfALuPkhQilgz/ot2cgPTXVbHwRG++4R"},"_chains":{"BXyjiTlppFWwPJmr/zL0ZXAXmzhSgZTXsuSRxAmzaAUA":{"chainKey":{"counter":0,"key":"yg80u9wH/deHiannk4BRfdPkIslCaHVi9fUViEOCYHI="},"chainType":1,"messageKeys":{}}},"pendingPreKey":{"signedKeyId":10387171,"baseKey":"BdPorAMR7mZCA4shx6pOfcnZt2xmPz8DqQ980NdnyScX","preKeyId":5299}},"Bd0cQbtiIkJv+zVNmi2UxzDVzwXOctGZwpkRfnGEeZ9H":{"registrationId":280134388,"currentRatchet":{"ephemeralKeyPair":{"pubKey":"BVwnmYER8bBlVj5C8wcomW/q89mEq/35QuPDHkhPrP4I","privKey":"0Fdr2JD6qQEiYgV0iMblsBmf36aGyVWA0WHsL/jXqGA="},"lastRemoteEphemeralKey":"BWoMrD82yehwSN91BFg7ksVRvPlAE3KKctDpcDcmvwBc","previousCounter":6,"rootKey":"qoU1RpSby6oGRDxOofOY19eGDiGi8CabCslbI2jkxdU="},"indexInfo":{"baseKey":"Bd0cQbtiIkJv+zVNmi2UxzDVzwXOctGZwpkRfnGEeZ9H","baseKeyType":2,"closed":1743329359076,"used":1743269490341,"created":1743257962648,"remoteIdentityKey":"BUhZw2x7ayJPNfALuPkhQilgz/ot2cgPTXVbHwRG++4R"},"_chains":{"BfreCaOOMoWjpT8BD8a7qx90HSXBZe8v/GwH8zwKx+wU":{"chainKey":{"counter":2},"chainType":2,"messageKeys":{}},"BWoMrD82yehwSN91BFg7ksVRvPlAE3KKctDpcDcmvwBc":{"chainKey":{"counter":2,"key":"6Z5ItpVcC5XyVniRpXsuDhA4fTsRSqa39g+UGji7NG0="},"chainType":2,"messageKeys":{}},"BVwnmYER8bBlVj5C8wcomW/q89mEq/35QuPDHkhPrP4I":{"chainKey":{"counter":74,"key":"2yWSP9xf4XhhYVeSv7SnBd9i3k9yKBPzEcVMDGajQcc="},"chainType":1,"messageKeys":{}}}},"Bc8WIYspl464bED5ym24dzG1MGGyfUjK9Jn3iek1pgox":{"registrationId":280134388,"currentRatchet":{"ephemeralKeyPair":{"pubKey":"BR9lV/j8E8NZVyZ47upCPHEMzA68IrOivX/tuy6mjtgv","privKey":"4AwDpb0ihU8/Jqt505Wscw6wb7p7zc8ZbayY52v30Ww="},"lastRemoteEphemeralKey":"BfHBqTYUTTBJEi429v6IOgPbf8+KJbll82RBbkVd8Jp0","previousCounter":0,"rootKey":"aWVebtYKjiG3JwgCcXKBR+ndgaZD/lKXnRdS4ArZKPY="},"indexInfo":{"baseKey":"Bc8WIYspl464bED5ym24dzG1MGGyfUjK9Jn3iek1pgox","baseKeyType":1,"closed":-1,"used":1743329359075,"created":1743329359075,"remoteIdentityKey":"BUhZw2x7ayJPNfALuPkhQilgz/ot2cgPTXVbHwRG++4R"},"_chains":{"BR9lV/j8E8NZVyZ47upCPHEMzA68IrOivX/tuy6mjtgv":{"chainKey":{"counter":26,"key":"RpdKJmIYkqpy2IocTpaRtbgnKf9QNEn04y0mYdI1mrE="},"chainType":1,"messageKeys":{}}},"pendingPreKey":{"signedKeyId":10387171,"baseKey":"Bc8WIYspl464bED5ym24dzG1MGGyfUjK9Jn3iek1pgox","preKeyId":5401}}},"version":"v1"}