{"_sessions":{"BZftzJd4e01zd8t2YJBkZvrYGAKj6P1+wDEjhf+maHtQ":{"registrationId":1522731293,"currentRatchet":{"ephemeralKeyPair":{"pubKey":"BUZUjlPmuPjRHzYO4MVa8Qkv0urmNY7vuARw1sxJdRM6","privKey":"uMwUwaZ2ThOyp1+kCIbLqmq6uY3LA/PpqrjMQqEs918="},"lastRemoteEphemeralKey":"Bb9kx83qf5muYbCccohRMSUmLc6e0PWWCZxDg+8Aliwl","previousCounter":0,"rootKey":"oN14Gbc3+yRUeMfOPmvroCEAR/rkjzLD2S32Hgfp8lo="},"indexInfo":{"baseKey":"BZftzJd4e01zd8t2YJBkZvrYGAKj6P1+wDEjhf+maHtQ","baseKeyType":1,"closed":-1,"used":1743257675954,"created":1743257675954,"remoteIdentityKey":"BWRjmVf2upO0qyWsulL17366BYjTbh6nB2js8xwzeYZr"},"_chains":{"BUZUjlPmuPjRHzYO4MVa8Qkv0urmNY7vuARw1sxJdRM6":{"chainKey":{"counter":109,"key":"RHoLvWp7AXz54yNHoJzmOGQLrleK4h0hptnJCSlnjH8="},"chainType":1,"messageKeys":{}}},"pendingPreKey":{"signedKeyId":6,"baseKey":"BZftzJd4e01zd8t2YJBkZvrYGAKj6P1+wDEjhf+maHtQ","preKeyId":10053569}}},"version":"v1"}