{"_sessions":{"BXq3RM+MyAAPtlWEyiNkDhwXWOj7JYcHE03p3KbZnhJ4":{"registrationId":8876,"currentRatchet":{"ephemeralKeyPair":{"pubKey":"BWvU4cTiTuR+U7t5tL93h1TqGvCvRqKKrDnr6OYBWEMA","privKey":"aAk2ZirgxCdi9FICWtH1h8Z+aJGnBKJLzZ1/2/HCIXc="},"lastRemoteEphemeralKey":"BZnyYr0FpRxIdzLTzHtst6Wlx9rNMwON32ZP0aq7HxBQ","previousCounter":0,"rootKey":"4rcS/l7gD7V/2vLJ/6SsVLiO0oVhhXi5TUnVntcqJh0="},"indexInfo":{"baseKey":"BXq3RM+MyAAPtlWEyiNkDhwXWOj7JYcHE03p3KbZnhJ4","baseKeyType":1,"closed":-1,"used":1743257675464,"created":1743257675464,"remoteIdentityKey":"BY+aC7fNxzE9hqdoWa+YN3FqHSkCTQbi4dA6ERDT6NoX"},"_chains":{"BWvU4cTiTuR+U7t5tL93h1TqGvCvRqKKrDnr6OYBWEMA":{"chainKey":{"counter":109,"key":"g3ys4GPkuku8XNJOIt5ZZ2SlfclodKWR/dS5DFNTRBQ="},"chainType":1,"messageKeys":{}}},"pendingPreKey":{"signedKeyId":1,"baseKey":"BXq3RM+MyAAPtlWEyiNkDhwXWOj7JYcHE03p3KbZnhJ4","preKeyId":235}}},"version":"v1"}