{"_sessions":{"BYC3Bdg4sKWlKzuJjOyoqzOVmTPeo5vwnZxVUzCKFH4+":{"registrationId":1847983147,"currentRatchet":{"ephemeralKeyPair":{"pubKey":"BSSGMcfzkhFELInEcDQRwELQ4fIKOI//B3bWmwhAtBI+","privKey":"SHLMdDtwSbWtckzPCTl+4aBEkSJRakg+MXCOkj+iK2c="},"lastRemoteEphemeralKey":"BZnk0ck1l8ZjnPtdGCRfWAfJdZgYyFyKC7Jgqg/tCn8j","previousCounter":0,"rootKey":"oHQpZ1m4TlxWq33cogGi+RGSz2wcbDvxk7tzX3+0Vy0="},"indexInfo":{"baseKey":"BYC3Bdg4sKWlKzuJjOyoqzOVmTPeo5vwnZxVUzCKFH4+","baseKeyType":1,"closed":-1,"used":1743257675957,"created":1743257675957,"remoteIdentityKey":"BaziYMRBGPv130VAXpZZwddTb4PJBwkYLjcK6FlWdu4c"},"_chains":{"BSSGMcfzkhFELInEcDQRwELQ4fIKOI//B3bWmwhAtBI+":{"chainKey":{"counter":109,"key":"wE+Bqx/oYArjiGXk1JjYHGWvDuKI4eniDklHkDcOg3U="},"chainType":1,"messageKeys":{}}},"pendingPreKey":{"signedKeyId":20,"baseKey":"BYC3Bdg4sKWlKzuJjOyoqzOVmTPeo5vwnZxVUzCKFH4+","preKeyId":2722927}}},"version":"v1"}