{"_sessions":{"BUCIbKlIoTxkpR67xnn9HmjsHbf526YkEJIEDvCn741t":{"registrationId":1592018621,"currentRatchet":{"ephemeralKeyPair":{"pubKey":"BR/N2wHyD0NrcN9d0fx1ddivxQ/sZenEaGgCwi+0CY8d","privKey":"6L7dOSEFATpMAdmSEiLVadJOLIpR5SwQYtKnuJDv4W8="},"lastRemoteEphemeralKey":"Bfd3qF0ukR5iVi/AkfpY57VAgQmjLv4kXzHTeo7GldM/","previousCounter":0,"rootKey":"qU5WasQE6LkXiNjf0E7bgAQGbsw0zGdYIupI2RztSR8="},"indexInfo":{"baseKey":"BUCIbKlIoTxkpR67xnn9HmjsHbf526YkEJIEDvCn741t","baseKeyType":1,"closed":1743329291541,"used":1743257675481,"created":1743257675481,"remoteIdentityKey":"BYBHSaUxygrebrliCuQcN2C4Z8b/ss8u5zhTgCWNJlNE"},"_chains":{"BR/N2wHyD0NrcN9d0fx1ddivxQ/sZenEaGgCwi+0CY8d":{"chainKey":{"counter":53,"key":"Hjfy9bEBNTdLVGG92Yfx7Uohi2V1ZedQzVFISJqO758="},"chainType":1,"messageKeys":{}}},"pendingPreKey":{"signedKeyId":12075458,"baseKey":"BUCIbKlIoTxkpR67xnn9HmjsHbf526YkEJIEDvCn741t","preKeyId":4507}},"BVOdVhqFnvHJ/Znqf6m5YPQ7/i3Z6V+EoqQNNDJFA21O":{"registrationId":1592018621,"currentRatchet":{"ephemeralKeyPair":{"pubKey":"BebC5N0v54x+9AZJv0ma3q+un/7Xgy+tPXe+m59zLlZf","privKey":"ELfEqf6dW4iQEEZlcaJPKIPNOozWv/arw2YsjmVlNmA="},"lastRemoteEphemeralKey":"BdxDwa4kHUNL0tTon6JbOFpLN2rwP18X7Yr/W+VNmMJf","previousCounter":0,"rootKey":"027Tvbf4310GHiJzzvU+qWq8+j38fmT79/EInSJvER4="},"indexInfo":{"baseKey":"BVOdVhqFnvHJ/Znqf6m5YPQ7/i3Z6V+EoqQNNDJFA21O","baseKeyType":1,"closed":1743329537214,"used":1743329291541,"created":1743329291541,"remoteIdentityKey":"BYBHSaUxygrebrliCuQcN2C4Z8b/ss8u5zhTgCWNJlNE"},"_chains":{"BebC5N0v54x+9AZJv0ma3q+un/7Xgy+tPXe+m59zLlZf":{"chainKey":{"counter":42,"key":"ktkik1DJ6GiTcxvB5PzkubRs3Uq2KAWAhsU+Ys6EJ4E="},"chainType":1,"messageKeys":{}}},"pendingPreKey":{"signedKeyId":12075459,"baseKey":"BVOdVhqFnvHJ/Znqf6m5YPQ7/i3Z6V+EoqQNNDJFA21O","preKeyId":5660}},"BfZBUaWsT6Dwxpkt7L7O0EJoHhevYw2ZbIbcX1RhsLwh":{"registrationId":1592018621,"currentRatchet":{"ephemeralKeyPair":{"pubKey":"Bdk9px/Qh/0kf6Gvk1f1pwIZw96e9x17MlOwblqzuVsv","privKey":"MHo9QkAjFkwRl8degHrNVjnjmoNcHYmtP/uOeyvVDVQ="},"lastRemoteEphemeralKey":"BdxDwa4kHUNL0tTon6JbOFpLN2rwP18X7Yr/W+VNmMJf","previousCounter":0,"rootKey":"+N6NzjVsoDwOAgOT/TVdhb9i+jLKpfE1PUYf3EEDgpQ="},"indexInfo":{"baseKey":"BfZBUaWsT6Dwxpkt7L7O0EJoHhevYw2ZbIbcX1RhsLwh","baseKeyType":1,"closed":-1,"used":1743329537212,"created":1743329537212,"remoteIdentityKey":"BYBHSaUxygrebrliCuQcN2C4Z8b/ss8u5zhTgCWNJlNE"},"_chains":{"Bdk9px/Qh/0kf6Gvk1f1pwIZw96e9x17MlOwblqzuVsv":{"chainKey":{"counter":12,"key":"/blk6ztiKa/MF1nzfJwDutRP7WtrHSNMnuGc7BPesYc="},"chainType":1,"messageKeys":{}}},"pendingPreKey":{"signedKeyId":12075459,"baseKey":"BfZBUaWsT6Dwxpkt7L7O0EJoHhevYw2ZbIbcX1RhsLwh","preKeyId":4895}}},"version":"v1"}