{"_sessions":{"BRieC3gtmoDY8PyxNcTtyzEnEQjQuSpIvqX+5h0wSbg9":{"registrationId":562035629,"currentRatchet":{"ephemeralKeyPair":{"pubKey":"BX1Tsb1vvh6VL6WMMVC9ZaaTSILNl57e4cm+zDwzOh8x","privKey":"8FVnbyy/7g5VaZ0U4YRsu2A1LRxFfVuuhM8opFGsAW8="},"lastRemoteEphemeralKey":"Bcv4hnP16W/JdWitygXqY/miL+OL2ePlBfI+x08Cm+li","previousCounter":0,"rootKey":"yY6fsRB5s4arxleNUNxpBbKXMqr47G88Oi1/awmAfPM="},"indexInfo":{"baseKey":"BRieC3gtmoDY8PyxNcTtyzEnEQjQuSpIvqX+5h0wSbg9","baseKeyType":1,"closed":1743329290965,"used":1743257675922,"created":1743257675922,"remoteIdentityKey":"BRROF61xaoa6LVBQKbc0gXeZLXJmAzYhun77T71im6AI"},"_chains":{"BX1Tsb1vvh6VL6WMMVC9ZaaTSILNl57e4cm+zDwzOh8x":{"chainKey":{"counter":53,"key":"LlSt+X9qfMGlekpgYwMed4WKIenqNQYmf3yCA2zAVeI="},"chainType":1,"messageKeys":{}}},"pendingPreKey":{"signedKeyId":7842886,"baseKey":"BRieC3gtmoDY8PyxNcTtyzEnEQjQuSpIvqX+5h0wSbg9","preKeyId":19527}},"BbrVPKRuN5qY8QCHqAX5uE6XL7MOxTrPDMLYHddKMT0c":{"registrationId":562035629,"currentRatchet":{"ephemeralKeyPair":{"pubKey":"BcHzMKs+kxfZy2doDJKIRApTVtYfv6AnDw5SKgEvCr8G","privKey":"WEO0jBRuzeG3V1CSQ9zse0dtC2lzgdHmlTsw4reVcWc="},"lastRemoteEphemeralKey":"Bcv4hnP16W/JdWitygXqY/miL+OL2ePlBfI+x08Cm+li","previousCounter":0,"rootKey":"Kspqq9aOj9iLfNyEulnpFQxahyt2ao3TRfREaCpHZxM="},"indexInfo":{"baseKey":"BbrVPKRuN5qY8QCHqAX5uE6XL7MOxTrPDMLYHddKMT0c","baseKeyType":1,"closed":1743329347128,"used":1743329290960,"created":1743329290960,"remoteIdentityKey":"BRROF61xaoa6LVBQKbc0gXeZLXJmAzYhun77T71im6AI"},"_chains":{"BcHzMKs+kxfZy2doDJKIRApTVtYfv6AnDw5SKgEvCr8G":{"chainKey":{"counter":22,"key":"OVcbg+vFePr0vXNuViD9wxuAD4aVycw6OiZkGMkUQpw="},"chainType":1,"messageKeys":{}}},"pendingPreKey":{"signedKeyId":7842886,"baseKey":"BbrVPKRuN5qY8QCHqAX5uE6XL7MOxTrPDMLYHddKMT0c","preKeyId":20135}},"Bee4d6pqiNYJI4NlrVdyjo8/slBZi02ae4nkBGJ6UGMK":{"registrationId":562035629,"currentRatchet":{"ephemeralKeyPair":{"pubKey":"BfW7WwX9dJECl3vD0gCuqlxfaG3837wb3tYiMwENw746","privKey":"iJ4KtdRuRf1Kw3Ls80PJNPrLOVORdQhPqWiYlBv+CWw="},"lastRemoteEphemeralKey":"Bcv4hnP16W/JdWitygXqY/miL+OL2ePlBfI+x08Cm+li","previousCounter":0,"rootKey":"VK0xj6BgjIrEFWs03WxfJ7Ga7uaWUWsDeowTk73Mxww="},"indexInfo":{"baseKey":"Bee4d6pqiNYJI4NlrVdyjo8/slBZi02ae4nkBGJ6UGMK","baseKeyType":1,"closed":-1,"used":1743329347128,"created":1743329347128,"remoteIdentityKey":"BRROF61xaoa6LVBQKbc0gXeZLXJmAzYhun77T71im6AI"},"_chains":{"BfW7WwX9dJECl3vD0gCuqlxfaG3837wb3tYiMwENw746":{"chainKey":{"counter":32,"key":"1wp0rrx7hBNE235MxCcPaWXaC7iN/N9WYFdYkr9vp1k="},"chainType":1,"messageKeys":{}}},"pendingPreKey":{"signedKeyId":7842886,"baseKey":"Bee4d6pqiNYJI4NlrVdyjo8/slBZi02ae4nkBGJ6UGMK","preKeyId":19710}}},"version":"v1"}