{"_sessions":{"BdELW34b5+L2iUZa3JDgdMOD1mHxbyBJWZvKgjd5daM/":{"registrationId":1149414056,"currentRatchet":{"ephemeralKeyPair":{"pubKey":"BYyLU4UJhsFhJ8lCXs6TBAFJFqjChWBj/uO/L/rlxX8C","privKey":"KE+X3wiHvyzmXbU/FNUZtKFh/0KgQYr5FWJka+9ig1E="},"lastRemoteEphemeralKey":"BcVgRu8e71weFgxzlFM+DEv/RWylLs7Ze1D/K4RT/6B3","previousCounter":0,"rootKey":"ub4wB24qoZZoMlkNhE10/5GxxLu4LvUiHz6Z0wKmZAU="},"indexInfo":{"baseKey":"BdELW34b5+L2iUZa3JDgdMOD1mHxbyBJWZvKgjd5daM/","baseKeyType":1,"closed":-1,"used":1743257675454,"created":1743257675454,"remoteIdentityKey":"BQMv2ABXWrUM4D6m+WedqwFmvRRBqTJclIm9nKHsa8o8"},"_chains":{"BYyLU4UJhsFhJ8lCXs6TBAFJFqjChWBj/uO/L/rlxX8C":{"chainKey":{"counter":109,"key":"wl5fZ8dvVc43L4nx8Fc/KvhJc/C2hVyTaMZ9ivEk1sg="},"chainType":1,"messageKeys":{}}},"pendingPreKey":{"signedKeyId":10,"baseKey":"BdELW34b5+L2iUZa3JDgdMOD1mHxbyBJWZvKgjd5daM/","preKeyId":6216}}},"version":"v1"}