{"_sessions":{"BS2z5we3y8AlnY6bFxSpRAKt+zxwp5ZGZYcCVOgIBtwN":{"registrationId":969020176,"currentRatchet":{"ephemeralKeyPair":{"pubKey":"BZNSjzNhioMab6si72Tenxjrbo6siUYCMw7PVDA9Kx0N","privKey":"AJXPknxECVa8erVzmorhz6ne0msjTo3PO47MdfKPilw="},"lastRemoteEphemeralKey":"BVsQ/C91FZMUYwt9cRsV2JMK/5KqAoq0ym2qrppgSrB/","previousCounter":87,"rootKey":"LP+U15nVoBW95mwneZUkjA2yzwjd1kP7nytbgB7jc2I="},"indexInfo":{"baseKey":"BS2z5we3y8AlnY6bFxSpRAKt+zxwp5ZGZYcCVOgIBtwN","baseKeyType":1,"closed":-1,"used":1743336818748,"created":1743257675924,"remoteIdentityKey":"BROzCTTsBORH6Jw4qrY0OgyK5/gpR2FqGWf7btdcB4MC"},"_chains":{"BcS+gbMEyK2kHsMwfWWKYhBcywhUGSyHO3U8Rbv82+Jn":{"chainKey":{"counter":0},"chainType":2,"messageKeys":{}},"BdX+LwFZQceBglwDRuGbRr5qncxWYwZGifkfHr8gUCRi":{"chainKey":{"counter":4},"chainType":2,"messageKeys":{}},"BWjBz5bxYJBEAIjtE2A/MZuE+/JN5twa2fUtJRodWdIv":{"chainKey":{"counter":0},"chainType":2,"messageKeys":{}},"BVsQ/C91FZMUYwt9cRsV2JMK/5KqAoq0ym2qrppgSrB/":{"chainKey":{"counter":0,"key":"dBh4N/rwXqaEH+UfradNYOKj43Q7ErDNyMeGlxWGx+Q="},"chainType":2,"messageKeys":{}},"BZNSjzNhioMab6si72Tenxjrbo6siUYCMw7PVDA9Kx0N":{"chainKey":{"counter":7,"key":"MtmU2YKVP0ao8rWuIJT15zWtC9xUJHRya1hxjB9VgDU="},"chainType":1,"messageKeys":{}}}}},"version":"v1"}