{"_sessions":{"BQfKyT3OW8E1r3KFiI9dFiHeRqNU3t1qs7KzXNP5AX4N":{"registrationId":449082271,"currentRatchet":{"ephemeralKeyPair":{"pubKey":"BWEovs10ZN2ky81GhtbUKoXRO86XUqtKD1JnaE18UkQl","privKey":"8LMF9Dy4fYeNqUu4RlhZmYKl0aGVgxZ4HZ4WLSCiUFw="},"lastRemoteEphemeralKey":"BQLcTxm3G3NxaaJnCadAsEqadMBb6DVVoWedAGfXD4J9","previousCounter":2,"rootKey":"Z/11AxrBhmq1H8wItGhqFk23lra7wgwoFjaApjECVNM="},"indexInfo":{"baseKey":"BQfKyT3OW8E1r3KFiI9dFiHeRqNU3t1qs7KzXNP5AX4N","baseKeyType":1,"closed":-1,"used":1743319927533,"created":1743257675519,"remoteIdentityKey":"BT9jvJn70h3WLSqfFERFV6BIN0G/a/GEjASuKqkoJklf"},"_chains":{"BfpjK2JT8R/sCpqveghAHeYcFokczu9WqLR84XgPyHRv":{"chainKey":{"counter":1},"chainType":2,"messageKeys":{}},"BQLcTxm3G3NxaaJnCadAsEqadMBb6DVVoWedAGfXD4J9":{"chainKey":{"counter":0,"key":"aNU7exmZ+uyXT63KGR0Cliw527VMr99TyUJzXXtsJbQ="},"chainType":2,"messageKeys":{}},"BWEovs10ZN2ky81GhtbUKoXRO86XUqtKD1JnaE18UkQl":{"chainKey":{"counter":-1,"key":"0QApQkrfZ6ZHpKjno/iBAC+b+TxKouXlCJqsnGsVOso="},"chainType":1,"messageKeys":{}}}}},"version":"v1"}