{"_sessions":{"Bf/v+GtCOg2onTMiX9F77YBhpgQUpgMKYAjtUe9SHWl7":{"registrationId":1246728359,"currentRatchet":{"ephemeralKeyPair":{"pubKey":"BXlsBTYep0YHgovYnoJOo9jtgKgUYsP5BQe3/jqhNboc","privKey":"6M0nGK5ZBpK1K088Kv8cDXDPxEvxMvTnUPfXGUDQnHI="},"lastRemoteEphemeralKey":"BZ/3xS3SkQObx6uSLzPlxGY1aFzta8IcDlOLvdCr/MEF","previousCounter":0,"rootKey":"GI5Dt2qn5p53pJtDOECRM/OWX5mwXfbYyJZk9DZxArg="},"indexInfo":{"baseKey":"Bf/v+GtCOg2onTMiX9F77YBhpgQUpgMKYAjtUe9SHWl7","baseKeyType":1,"closed":1743329325416,"used":1743257675927,"created":1743257675927,"remoteIdentityKey":"BfCzOdEdj8BW6PQ9I6VmE649x68qlI6Lofr/35pW3uYS"},"_chains":{"BXlsBTYep0YHgovYnoJOo9jtgKgUYsP5BQe3/jqhNboc":{"chainKey":{"counter":66,"key":"gbzO7FBAwZl7FE877uBFObsj5PYzWwS0vAWYK5UmT3I="},"chainType":1,"messageKeys":{}}},"pendingPreKey":{"signedKeyId":3788494,"baseKey":"Bf/v+GtCOg2onTMiX9F77YBhpgQUpgMKYAjtUe9SHWl7","preKeyId":11195}},"Bcy+7T/8eSejtT8hy0XnbLTvCAPZuDIWL72kq80FqE1I":{"registrationId":1246728359,"currentRatchet":{"ephemeralKeyPair":{"pubKey":"BXGREy0f9n/z/AzIrTaukB0aHklzSEy006rCXpUDMXA3","privKey":"KCgskdl7ouWkDQIgFCVtnsuastQRP3AHtrvKKkHQEms="},"lastRemoteEphemeralKey":"BZ/3xS3SkQObx6uSLzPlxGY1aFzta8IcDlOLvdCr/MEF","previousCounter":0,"rootKey":"0hp4BZ3u5daxOWcq156/xZJcEbJpBIh+lTZrsF6DH0A="},"indexInfo":{"baseKey":"Bcy+7T/8eSejtT8hy0XnbLTvCAPZuDIWL72kq80FqE1I","baseKeyType":1,"closed":-1,"used":1743329325415,"created":1743329325415,"remoteIdentityKey":"BfCzOdEdj8BW6PQ9I6VmE649x68qlI6Lofr/35pW3uYS"},"_chains":{"BXGREy0f9n/z/AzIrTaukB0aHklzSEy006rCXpUDMXA3":{"chainKey":{"counter":42,"key":"lO9uA5YdUpqWPRANgz2tQiCsAZytpv13g2l0pbRSXjY="},"chainType":1,"messageKeys":{}}},"pendingPreKey":{"signedKeyId":3788494,"baseKey":"Bcy+7T/8eSejtT8hy0XnbLTvCAPZuDIWL72kq80FqE1I","preKeyId":11130}}},"version":"v1"}