{"_sessions":{"BUf6cbAWQFn7DdJVLT2dwUVTPjl5s4vQA2CT3SDxJHJI":{"registrationId":1431403316,"currentRatchet":{"ephemeralKeyPair":{"pubKey":"BddiF0d85hCvx/BgE1gFAJ7/cziKqEMaqfsYtS6LgyYw","privKey":"+JniOt8QrQKLiY5xCbX/HVyeh5qp9Ocyek2kcApwlF8="},"lastRemoteEphemeralKey":"BcLHD2vmLEnnjjbjvmNBkDsZ2TJY9qQdf4jDzsPOqYQ9","previousCounter":0,"rootKey":"MZJe/d751AIdljd82JoZ1EKWhf4FUuJfhLI9M5F+LVE="},"indexInfo":{"baseKey":"BUf6cbAWQFn7DdJVLT2dwUVTPjl5s4vQA2CT3SDxJHJI","baseKeyType":1,"closed":1743329329678,"used":1743257675511,"created":1743257675511,"remoteIdentityKey":"BYPvLIgz5bzKjKc0AvPHxTi4gB4EEEkVZzCM5X8gOuNX"},"_chains":{"BddiF0d85hCvx/BgE1gFAJ7/cziKqEMaqfsYtS6LgyYw":{"chainKey":{"counter":68,"key":"VpM8EeULtFKcF/kyy++ThGgIjuPK0vuoOHdC3hhEJHM="},"chainType":1,"messageKeys":{}}},"pendingPreKey":{"signedKeyId":2068127,"baseKey":"BUf6cbAWQFn7DdJVLT2dwUVTPjl5s4vQA2CT3SDxJHJI","preKeyId":1783}},"BS/0JcJ/QYhKFRyedM4YbXCFf1JYSU25+jpC1W1Ek+wK":{"registrationId":1431403316,"currentRatchet":{"ephemeralKeyPair":{"pubKey":"BSvOR4aTWQNLHdkQbSkNkiMt0No8NtxkaApYhYa+dAwX","privKey":"8G+S9U8ZxPZStkGr8kgeXp5tuGeRKriUJMlsHEnTvE8="},"lastRemoteEphemeralKey":"BcLHD2vmLEnnjjbjvmNBkDsZ2TJY9qQdf4jDzsPOqYQ9","previousCounter":0,"rootKey":"nUIWurFGidmFzKxqd3ydRTE+/eO1HK747eCrxGFWzQc="},"indexInfo":{"baseKey":"BS/0JcJ/QYhKFRyedM4YbXCFf1JYSU25+jpC1W1Ek+wK","baseKeyType":1,"closed":-1,"used":1743329329677,"created":1743329329677,"remoteIdentityKey":"BYPvLIgz5bzKjKc0AvPHxTi4gB4EEEkVZzCM5X8gOuNX"},"_chains":{"BSvOR4aTWQNLHdkQbSkNkiMt0No8NtxkaApYhYa+dAwX":{"chainKey":{"counter":40,"key":"f8Aq+3Tx1HbnENKd0vEsP4b+eak6iilWG5cHvA8LYs4="},"chainType":1,"messageKeys":{}}},"pendingPreKey":{"signedKeyId":2068127,"baseKey":"BS/0JcJ/QYhKFRyedM4YbXCFf1JYSU25+jpC1W1Ek+wK","preKeyId":1751}}},"version":"v1"}