{"_sessions":{"Bas9TANgmFsWoWZE2GfuV0Dn6+ARS+iw21McVEQJoKcU":{"registrationId":1818682226,"currentRatchet":{"ephemeralKeyPair":{"pubKey":"BRICs4IAHSLh/J5QspQh07umGQUPan+bp47YJX7GB6Id","privKey":"gG62S3AYha6rbxVl7z3XtMSn3mQ5TXjdaaKqR9Yri3E="},"lastRemoteEphemeralKey":"Bcbrosz4N9NLDEd644fBB3ZaGMoXDChKla+iiLWlji4E","previousCounter":0,"rootKey":"MLpmnAq1sIlUPmPZdhPjd2t/i4wpDVz/aM6lWdUJCG4="},"indexInfo":{"baseKey":"Bas9TANgmFsWoWZE2GfuV0Dn6+ARS+iw21McVEQJoKcU","baseKeyType":1,"closed":1743329279347,"used":1743257675494,"created":1743257675494,"remoteIdentityKey":"BUUWX7sV9LBs04aCvYUFiVWLaLTTu9dJFdDA+YXfAo9R"},"_chains":{"BRICs4IAHSLh/J5QspQh07umGQUPan+bp47YJX7GB6Id":{"chainKey":{"counter":46,"key":"RLI9uvaTQoNhF0iOu+m3Zk7XtASTms4cp+FZoXNP4KI="},"chainType":1,"messageKeys":{}}},"pendingPreKey":{"signedKeyId":10524623,"baseKey":"Bas9TANgmFsWoWZE2GfuV0Dn6+ARS+iw21McVEQJoKcU","preKeyId":7103}},"BTvZLaAEoBKAKfZiARBuz71fNdNeecFOXib1ag4DP2sa":{"registrationId":1818682226,"currentRatchet":{"ephemeralKeyPair":{"pubKey":"BYyzGHCNZng011awgomgJ7obCD3uQFBinX0qZ8SUtF0d","privKey":"OA/V69EQyW0P6fLAvQc6rjiTLtQaXqxPoGWICQvcH3o="},"lastRemoteEphemeralKey":"Bcbrosz4N9NLDEd644fBB3ZaGMoXDChKla+iiLWlji4E","previousCounter":0,"rootKey":"3rBrWXscp/1yhmO7cP9Vkem7/Q0qyrSnB1zClZaTqqg="},"indexInfo":{"baseKey":"BTvZLaAEoBKAKfZiARBuz71fNdNeecFOXib1ag4DP2sa","baseKeyType":1,"closed":1743329447152,"used":1743329279335,"created":1743329279335,"remoteIdentityKey":"BUUWX7sV9LBs04aCvYUFiVWLaLTTu9dJFdDA+YXfAo9R"},"_chains":{"BYyzGHCNZng011awgomgJ7obCD3uQFBinX0qZ8SUtF0d":{"chainKey":{"counter":49,"key":"Y9f1cY26fGT779PwBMh6I+BhBzlF8d/JXT8Whx0O0mU="},"chainType":1,"messageKeys":{}}},"pendingPreKey":{"signedKeyId":10524623,"baseKey":"BTvZLaAEoBKAKfZiARBuz71fNdNeecFOXib1ag4DP2sa","preKeyId":6819}},"BUa77oEB+hBA+xbP3Po7t4cI6+TlDrIrIDrRu/lmm1ln":{"registrationId":1818682226,"currentRatchet":{"ephemeralKeyPair":{"pubKey":"BWbxvpIPsEc85p/Ht3Pv+Xag5FQ/a316dRjKr/gLs0gD","privKey":"+JEfVoJz6RSbDT6QHR8YW6KGokmpVqaEgYuhvRueqmA="},"lastRemoteEphemeralKey":"Bcbrosz4N9NLDEd644fBB3ZaGMoXDChKla+iiLWlji4E","previousCounter":0,"rootKey":"4qd9k5MVwIuX1V4IBdLus73BL6Hu7H7dsc6rkRzZRZI="},"indexInfo":{"baseKey":"BUa77oEB+hBA+xbP3Po7t4cI6+TlDrIrIDrRu/lmm1ln","baseKeyType":1,"closed":1743329447278,"used":1743329447152,"created":1743329447152,"remoteIdentityKey":"BUUWX7sV9LBs04aCvYUFiVWLaLTTu9dJFdDA+YXfAo9R"},"_chains":{"BWbxvpIPsEc85p/Ht3Pv+Xag5FQ/a316dRjKr/gLs0gD":{"chainKey":{"counter":-1,"key":"upuhEWBNFCDuLEA5GcmSxf/hLl4iH53vlcwP3amQubo="},"chainType":1,"messageKeys":{}}},"pendingPreKey":{"signedKeyId":10524623,"baseKey":"BUa77oEB+hBA+xbP3Po7t4cI6+TlDrIrIDrRu/lmm1ln","preKeyId":6873}},"BRryD65RZQgrFE7MtJSe00V3/Ga4KwXO3Aj727IMZGw9":{"registrationId":1818682226,"currentRatchet":{"ephemeralKeyPair":{"pubKey":"BXLZt9XpivO2PFE1uv3t49yOqRe+Y7fDYegO3Tn3JoUn","privKey":"iJfjJ2x9VV2tqNsXq91vDp/JGxw0Y+BUZJvGQHq6eks="},"lastRemoteEphemeralKey":"Bcbrosz4N9NLDEd644fBB3ZaGMoXDChKla+iiLWlji4E","previousCounter":0,"rootKey":"/kA5BsxZs0q5pycVao7aUYDp0ABC4ktT5edJgsUMP4g="},"indexInfo":{"baseKey":"BRryD65RZQgrFE7MtJSe00V3/Ga4KwXO3Aj727IMZGw9","baseKeyType":1,"closed":1743329447396,"used":1743329447277,"created":1743329447277,"remoteIdentityKey":"BUUWX7sV9LBs04aCvYUFiVWLaLTTu9dJFdDA+YXfAo9R"},"_chains":{"BXLZt9XpivO2PFE1uv3t49yOqRe+Y7fDYegO3Tn3JoUn":{"chainKey":{"counter":-1,"key":"TVoLsS7dMS3jvG93/uelOJ2OZRol4mfS3O6s6kbAVI4="},"chainType":1,"messageKeys":{}}},"pendingPreKey":{"signedKeyId":10524623,"baseKey":"BRryD65RZQgrFE7MtJSe00V3/Ga4KwXO3Aj727IMZGw9","preKeyId":6771}},"BTjK0weWalE2jbiDJ37yqBZqf0lNIAL6mDLNf3uUd4Ef":{"registrationId":1818682226,"currentRatchet":{"ephemeralKeyPair":{"pubKey":"BWJKX/uN9JODCtycQSIJbFoUgXn6JRrJH5w52Jlmua8T","privKey":"qIHtecEJ4JAGbMp569gWpjum/rt2+Y9mzjNr6Y+dilA="},"lastRemoteEphemeralKey":"BfpHAWv54nsbkaGP0j0NO1g1PGeYTanA6YcJ3jSYhnRN","previousCounter":4,"rootKey":"t2ryMVIav2kVFtx/HF00iK6wO7yleFeJqSTI9GKiSow="},"indexInfo":{"baseKey":"BTjK0weWalE2jbiDJ37yqBZqf0lNIAL6mDLNf3uUd4Ef","baseKeyType":1,"closed":-1,"used":1743333635900,"created":1743329447395,"remoteIdentityKey":"BUUWX7sV9LBs04aCvYUFiVWLaLTTu9dJFdDA+YXfAo9R"},"_chains":{"BfpHAWv54nsbkaGP0j0NO1g1PGeYTanA6YcJ3jSYhnRN":{"chainKey":{"counter":1,"key":"qHYwBHhuVeFzVirkgvYVWGYhg/R0OkZ7Lb3AnJX68Xo="},"chainType":2,"messageKeys":{}},"BWJKX/uN9JODCtycQSIJbFoUgXn6JRrJH5w52Jlmua8T":{"chainKey":{"counter":7,"key":"BALtZ6ogkMArHz8bDv6RLtHC4vNmPTZSPecEvhD1Sq8="},"chainType":1,"messageKeys":{}}}}},"version":"v1"}