{"_sessions":{"BYGEwdbk7CyB/pQgzTe4VzseTr9g34V6zbbPcMVIcetU":{"registrationId":1574252322,"currentRatchet":{"ephemeralKeyPair":{"pubKey":"BfhshkoWHu9Qkc/2qkjehEQPDl+7tW44FAsmPNDFwgYY","privKey":"QOJYnsCRm2k3P/AWM7nylKgEGpywfQ/7t6FdshfauHw="},"lastRemoteEphemeralKey":"BRIyQHsjOLKU//UKPr+46ffDOQJ4KzXXJNxUhvqtq8se","previousCounter":0,"rootKey":"D8YTDkUY2GmU+OmckGBqS5hfaQxp83O5viTzrhQ1tvU="},"indexInfo":{"baseKey":"BYGEwdbk7CyB/pQgzTe4VzseTr9g34V6zbbPcMVIcetU","baseKeyType":1,"closed":1743329323079,"used":1743321716312,"created":1743319956779,"remoteIdentityKey":"BduH9Lf2vk+yWgDh1T9d8djl/QFiAueHG2rPn/jIz1Zs"},"_chains":{"BTswi3YLFWGYVawIs+LyUHkYcfqbKsZUK8k/LiC33DpS":{"chainKey":{"counter":1},"chainType":2,"messageKeys":{}},"BRIyQHsjOLKU//UKPr+46ffDOQJ4KzXXJNxUhvqtq8se":{"chainKey":{"counter":26,"key":"Bjj3diSjiuU+YdGFm6rjDQGFLtMjTA4+Jfep5hcQhGs="},"chainType":2,"messageKeys":{"4":"4XPGX6VSKRt98qPHuBAZJYbWwlMCgBZqvoN8zzh7CbI=","5":"cFDjpt2RQhQwIeyZvIt1TTa44XqIPtfridihH974xAg=","6":"IDFUdVm0WXAtutXWbaXwgoSYeKScmeQgDDXs1B+34SQ=","7":"VdGrx57pQey5wKGbbPAhA/thm4F0YN+Rndabw/se8fg=","8":"UCO61gLGu5mhYHApeuC0ZiF+DENIaRa49HI4oNlbV3E=","9":"8C6/mfO2M1rT2fpOX54W8BP5KIqDkPv6OCYYORUSV7w=","15":"aqXCoSzrOH9eDJf1FJMwunZ0r6j+PMIVIpI3XLiT9gw="}},"BfhshkoWHu9Qkc/2qkjehEQPDl+7tW44FAsmPNDFwgYY":{"chainKey":{"counter":53,"key":"3FvUX2g0iYjS+wyTiOI+/4XBaXVu9srW0k81/YtE48I="},"chainType":1,"messageKeys":{}}}},"BdV6IXiCFjaqaiaSPiU+Ap+BO1D4KfsMeA1ZzZuHDpIK":{"registrationId":1574252322,"currentRatchet":{"ephemeralKeyPair":{"pubKey":"BaMqemF+0iWQDNa+VsLOrJyf6cBSb0/nDT8IQ0MpcLYJ","privKey":"2BEkKxyuv7biLVCcWbcXikfSDZ+0nZ4QhnTUE2OfUl8="},"lastRemoteEphemeralKey":"BUAojmx4c0FwRFEIsZ/F+qjzvptuDx243iMfkP2O92gC","previousCounter":35,"rootKey":"qSrJGL+2B8jjcCiyAcCU7CiTZ2jkeLZVuylO+W1vK04="},"indexInfo":{"baseKey":"BdV6IXiCFjaqaiaSPiU+Ap+BO1D4KfsMeA1ZzZuHDpIK","baseKeyType":1,"closed":-1,"used":1743338331057,"created":1743329323078,"remoteIdentityKey":"BduH9Lf2vk+yWgDh1T9d8djl/QFiAueHG2rPn/jIz1Zs"},"_chains":{"BUAojmx4c0FwRFEIsZ/F+qjzvptuDx243iMfkP2O92gC":{"chainKey":{"counter":1,"key":"HJWte0ilZKRF/+NOVOb1c1YiOaYVKYX0uwth2bePs58="},"chainType":2,"messageKeys":{}},"BaMqemF+0iWQDNa+VsLOrJyf6cBSb0/nDT8IQ0MpcLYJ":{"chainKey":{"counter":6,"key":"0kw7LEp2LCo/sUuQHRpSuzHhtj7TgcyDordsTiabgiM="},"chainType":1,"messageKeys":{}}}}},"version":"v1"}