{"_sessions":{"BSeDzkmSIJq1OhwGCNx2MP3A1MLT7QPqa5jyhEijhCUQ":{"registrationId":1737593059,"currentRatchet":{"ephemeralKeyPair":{"pubKey":"BeajB2JuRHz0zd4yDOkt2EJqR0RIUuU7dwXihbDcSB1g","privKey":"qEJTx8BV+VVLh5J35R5DqGVWZB95cNVWrQaOycZ3HkE="},"lastRemoteEphemeralKey":"BeX5o/XYxX4gIPa3xYI63vRYiVcXeNvSzBCbUaIN0opu","previousCounter":0,"rootKey":"MCVKBYIOKIkbCt0/z7DUwnPx/XeMrC7tY7nEKhvvtvg="},"indexInfo":{"baseKey":"BSeDzkmSIJq1OhwGCNx2MP3A1MLT7QPqa5jyhEijhCUQ","baseKeyType":1,"closed":-1,"used":1743257675956,"created":1743257675956,"remoteIdentityKey":"BSmynm1/+867H22iC8j0/THtOQ/TY8CFfBrE0Y1j6sUm"},"_chains":{"BeajB2JuRHz0zd4yDOkt2EJqR0RIUuU7dwXihbDcSB1g":{"chainKey":{"counter":109,"key":"Z759vD8QOge87u3LZrT0Ou9L0lNNvJc/nSNjYFYCbVw="},"chainType":1,"messageKeys":{}}},"pendingPreKey":{"signedKeyId":11,"baseKey":"BSeDzkmSIJq1OhwGCNx2MP3A1MLT7QPqa5jyhEijhCUQ","preKeyId":15226541}}},"version":"v1"}