{"_sessions":{"BYZh7aLIbzrQMUO1HCGhZ2bYU7flSuD6b8zmV3RhBqRT":{"registrationId":286845735,"currentRatchet":{"ephemeralKeyPair":{"pubKey":"BR5E6/2CvzsGrqatDzMf7K1nqsoq1WFlljA31PFcNy4m","privKey":"SBGYpsl5702eAJR1g+SJB70ed10Qe3oYppzfCS8m+FY="},"lastRemoteEphemeralKey":"BYHsgdviTg3PQmzv20VkOzMBEyQfwYIWwj671VtSveFP","previousCounter":2,"rootKey":"0rxY10tqbd1cp8w28h1hkI3+3HFWhwjUJZhcJs3yP/Q="},"indexInfo":{"baseKey":"BYZh7aLIbzrQMUO1HCGhZ2bYU7flSuD6b8zmV3RhBqRT","baseKeyType":1,"closed":-1,"used":1743326790482,"created":1743257675961,"remoteIdentityKey":"BQIPo0oVND8UkxLYttMug/yabYCAdiAMGYdZbPyH32Np"},"_chains":{"BeWCnR5dihRzuPYRqRxWABpg5gkMGkvs964oyrUFjP9L":{"chainKey":{"counter":0},"chainType":2,"messageKeys":{}},"BYHsgdviTg3PQmzv20VkOzMBEyQfwYIWwj671VtSveFP":{"chainKey":{"counter":1,"key":"vohQWHvET4qQT4Tgfotec84gTm7urR/GWCZBXnMaeKM="},"chainType":2,"messageKeys":{}},"BR5E6/2CvzsGrqatDzMf7K1nqsoq1WFlljA31PFcNy4m":{"chainKey":{"counter":95,"key":"B0pvatz9psOeBiiYRrLmd9j6iiCw/J7nFzlprKjONHg="},"chainType":1,"messageKeys":{}}}}},"version":"v1"}