{"_sessions":{"BfgUMP8RyezgCEQCuMYKE2gi7a9eFPKg+R9QhEAkigsb":{"registrationId":2040399875,"currentRatchet":{"ephemeralKeyPair":{"pubKey":"BesSL0XNr/Au4mK2KY5859Xh2Md9SAUtxarL/0G/QwUN","privKey":"0K7Q0muWzuQc330EIF3ZEvesBwxMVKIGj2DLQ8o4Dm4="},"lastRemoteEphemeralKey":"Bal271jZpwCYZfjOAMezbcaUZKTDEKT7aIjouHD4tS9r","previousCounter":0,"rootKey":"ME1Ck7ctN3lEjDf62Kow55YyNKoSz8vPCQsf/bALgvg="},"indexInfo":{"baseKey":"BfgUMP8RyezgCEQCuMYKE2gi7a9eFPKg+R9QhEAkigsb","baseKeyType":1,"closed":1743330900927,"used":1743319956757,"created":1743319956757,"remoteIdentityKey":"BVxbGy9nmAyZs+e8rYZNRjjbYqEmwqf9IKYOzPlrUhJE"},"_chains":{"BesSL0XNr/Au4mK2KY5859Xh2Md9SAUtxarL/0G/QwUN":{"chainKey":{"counter":2,"key":"Z2Mntj6oUU/qh0IKqdHn0o/8GQtslorOLv9KqMFIy5c="},"chainType":1,"messageKeys":{}}},"pendingPreKey":{"signedKeyId":418,"baseKey":"BfgUMP8RyezgCEQCuMYKE2gi7a9eFPKg+R9QhEAkigsb","preKeyId":8302013}},"Bem9LiUOJwzfnQUEGueDDszMzwvCiNSgFOcuobWw3eRO":{"registrationId":2040399875,"currentRatchet":{"ephemeralKeyPair":{"pubKey":"BRaouH7gHZwGJoKLm6K8lqkzSFGMv7BOSJIfIADq8Qg9","privKey":"IOeW70e3SmMBOrdRE1kW9YhI16nyAG7XOCHd/45qlVs="},"lastRemoteEphemeralKey":"BeVJxhXRMDgRqBcIXJhSkYmEPBlowxC+le2+CneoxYBD","previousCounter":0,"rootKey":"Pzpb5rGCbBP7mysJ5J4kVn8neYcKJx1DNtGNp8CmR68="},"indexInfo":{"baseKey":"Bem9LiUOJwzfnQUEGueDDszMzwvCiNSgFOcuobWw3eRO","baseKeyType":1,"closed":1743330901062,"used":1743330900926,"created":1743330900926,"remoteIdentityKey":"BVxbGy9nmAyZs+e8rYZNRjjbYqEmwqf9IKYOzPlrUhJE"},"_chains":{"BRaouH7gHZwGJoKLm6K8lqkzSFGMv7BOSJIfIADq8Qg9":{"chainKey":{"counter":-1,"key":"lF6hYvNx+/F8i9LxUUD95M9QLfaH2Jy3Jvol1K6MFog="},"chainType":1,"messageKeys":{}}},"pendingPreKey":{"signedKeyId":423,"baseKey":"Bem9LiUOJwzfnQUEGueDDszMzwvCiNSgFOcuobWw3eRO","preKeyId":8302006}},"BUdLOeInhJ7wbAN0VFELTtv2aZlEuAaBqsp/AMs2lswM":{"registrationId":2040399875,"currentRatchet":{"ephemeralKeyPair":{"pubKey":"BRXdyNfK4OiGZrnKs1N9hoW8ZkiLSJp8BQ2Wfivi1rQ8","privKey":"6DpqctihI3NwSg2XtdT/s7UF1rD8Lk+DgSXIQUuqIFo="},"lastRemoteEphemeralKey":"BeVJxhXRMDgRqBcIXJhSkYmEPBlowxC+le2+CneoxYBD","previousCounter":0,"rootKey":"83QUU56xP5AXe8SLmJZlEuZ2BbbH0CZ3SQ0OdofNfeE="},"indexInfo":{"baseKey":"BUdLOeInhJ7wbAN0VFELTtv2aZlEuAaBqsp/AMs2lswM","baseKeyType":1,"closed":1743330901728,"used":1743330901061,"created":1743330901061,"remoteIdentityKey":"BVxbGy9nmAyZs+e8rYZNRjjbYqEmwqf9IKYOzPlrUhJE"},"_chains":{"BRXdyNfK4OiGZrnKs1N9hoW8ZkiLSJp8BQ2Wfivi1rQ8":{"chainKey":{"counter":-1,"key":"UKnWuxlpUSA3QiS2arSPBZZS2iryw6cNxXd7ceBQPlg="},"chainType":1,"messageKeys":{}}},"pendingPreKey":{"signedKeyId":423,"baseKey":"BUdLOeInhJ7wbAN0VFELTtv2aZlEuAaBqsp/AMs2lswM","preKeyId":8302071}},"Bd45nsqTKsVIlr9r5GWvijNhQH6+/+Odlk47OM1H/ilJ":{"registrationId":2040399875,"currentRatchet":{"ephemeralKeyPair":{"pubKey":"BZo5IZoM9O6lg47vZMbuKdp2EZ88VHWcTPZ3JOAA9fVr","privKey":"kF4flKAeQIzTbr3IXRtb5Jel7/U2yEqGBc0r4Bjyrkw="},"lastRemoteEphemeralKey":"BeVJxhXRMDgRqBcIXJhSkYmEPBlowxC+le2+CneoxYBD","previousCounter":0,"rootKey":"QbTDztcZ8U4ReTvBCXr+j+XGVjxkK8tFO29tv8IbC/4="},"indexInfo":{"baseKey":"Bd45nsqTKsVIlr9r5GWvijNhQH6+/+Odlk47OM1H/ilJ","baseKeyType":1,"closed":1743330901849,"used":1743330901727,"created":1743330901727,"remoteIdentityKey":"BVxbGy9nmAyZs+e8rYZNRjjbYqEmwqf9IKYOzPlrUhJE"},"_chains":{"BZo5IZoM9O6lg47vZMbuKdp2EZ88VHWcTPZ3JOAA9fVr":{"chainKey":{"counter":-1,"key":"SnDx8ahuy2VED4SUkuA097axZShBEKb+wlswvbX3pwc="},"chainType":1,"messageKeys":{}}},"pendingPreKey":{"signedKeyId":423,"baseKey":"Bd45nsqTKsVIlr9r5GWvijNhQH6+/+Odlk47OM1H/ilJ","preKeyId":8302224}},"BXadgVw1o16WPUcAgt8a2SAtx1SZiDof63KSuG4Jbep2":{"registrationId":2040399875,"currentRatchet":{"ephemeralKeyPair":{"pubKey":"BedTNfH43GUVhJOY73HLqyCZjLXc/xmnBgbyr8jw3v5P","privKey":"oHEoey751PERQg58Wx4fUNc+vliWSheGoC9jTVn6kGM="},"lastRemoteEphemeralKey":"BeVJxhXRMDgRqBcIXJhSkYmEPBlowxC+le2+CneoxYBD","previousCounter":0,"rootKey":"LqBiOsrdvmINcbJIxnLBTFyVYJaRjxbCj3c0qKdOqB4="},"indexInfo":{"baseKey":"BXadgVw1o16WPUcAgt8a2SAtx1SZiDof63KSuG4Jbep2","baseKeyType":1,"closed":1743330901967,"used":1743330901849,"created":1743330901849,"remoteIdentityKey":"BVxbGy9nmAyZs+e8rYZNRjjbYqEmwqf9IKYOzPlrUhJE"},"_chains":{"BedTNfH43GUVhJOY73HLqyCZjLXc/xmnBgbyr8jw3v5P":{"chainKey":{"counter":-1,"key":"0O452d1Ejn8f/2LBToLnTzCMpYtBjkvG9Hykt1ebpQk="},"chainType":1,"messageKeys":{}}},"pendingPreKey":{"signedKeyId":423,"baseKey":"BXadgVw1o16WPUcAgt8a2SAtx1SZiDof63KSuG4Jbep2","preKeyId":8302215}},"BWN/Rf/P8/XRXFuimfXTi9vziWfYo3PHVPIbcF+ORQld":{"registrationId":2040399875,"currentRatchet":{"ephemeralKeyPair":{"pubKey":"BcY17aHfPemDubiO4cLRQKSchxzG3ANaSmy4Zbt6npcM","privKey":"+KuK85Z2h2G/wez5TXF+YfXIPqGLSOONdIDbvlEOvGk="},"lastRemoteEphemeralKey":"BeVJxhXRMDgRqBcIXJhSkYmEPBlowxC+le2+CneoxYBD","previousCounter":0,"rootKey":"glMKlocQ+QI7unCkJz9BnzqaQqTtE3HjWyuLbzpTnH0="},"indexInfo":{"baseKey":"BWN/Rf/P8/XRXFuimfXTi9vziWfYo3PHVPIbcF+ORQld","baseKeyType":1,"closed":1743330902104,"used":1743330901966,"created":1743330901966,"remoteIdentityKey":"BVxbGy9nmAyZs+e8rYZNRjjbYqEmwqf9IKYOzPlrUhJE"},"_chains":{"BcY17aHfPemDubiO4cLRQKSchxzG3ANaSmy4Zbt6npcM":{"chainKey":{"counter":-1,"key":"B0rjkI9sR6xpUK/aeVoPJ/3XanPv21E2K8lXEhSFkQM="},"chainType":1,"messageKeys":{}}},"pendingPreKey":{"signedKeyId":423,"baseKey":"BWN/Rf/P8/XRXFuimfXTi9vziWfYo3PHVPIbcF+ORQld","preKeyId":8302232}},"BUV9oAqEcx2KtrRjC1Fm8u8cayL65LcX6VVIvv/LiHA5":{"registrationId":2040399875,"currentRatchet":{"ephemeralKeyPair":{"pubKey":"Be4VXKFmB/dxg/vQ3jg/ND/cx2dR/peXu6Nn92ie4S17","privKey":"8GBU8NhauOvt2TVwv4TjVZVsKrw6fflYUZIJ7c9iA0Y="},"lastRemoteEphemeralKey":"BeVJxhXRMDgRqBcIXJhSkYmEPBlowxC+le2+CneoxYBD","previousCounter":0,"rootKey":"1BL5o6eAWbMVoU1acAubnEDDpGLMQqS04Mo3WEDJ/BI="},"indexInfo":{"baseKey":"BUV9oAqEcx2KtrRjC1Fm8u8cayL65LcX6VVIvv/LiHA5","baseKeyType":1,"closed":1743330902254,"used":1743330902101,"created":1743330902101,"remoteIdentityKey":"BVxbGy9nmAyZs+e8rYZNRjjbYqEmwqf9IKYOzPlrUhJE"},"_chains":{"Be4VXKFmB/dxg/vQ3jg/ND/cx2dR/peXu6Nn92ie4S17":{"chainKey":{"counter":-1,"key":"99yjKLra+jZ56SLHsXrgDK66CHfrRBHK4HsxPn6Y6lo="},"chainType":1,"messageKeys":{}}},"pendingPreKey":{"signedKeyId":423,"baseKey":"BUV9oAqEcx2KtrRjC1Fm8u8cayL65LcX6VVIvv/LiHA5","preKeyId":8302042}},"BdG14UCBe/bsi5RbV9aLFFl/ppmaNKbmMnvLyfwtVRtK":{"registrationId":2040399875,"currentRatchet":{"ephemeralKeyPair":{"pubKey":"BXW3Hc42gxKUSvK8K+XuFA3cPm3KNyibjKgjJ3WfUSob","privKey":"GBJfyqclkgKclGz8iUxjoTODfQCIjMterCVbgadhM2U="},"lastRemoteEphemeralKey":"BeVJxhXRMDgRqBcIXJhSkYmEPBlowxC+le2+CneoxYBD","previousCounter":0,"rootKey":"fsml5SX510Maz9f9212LNSYhTr9mm/dNqqRz9UsFMzo="},"indexInfo":{"baseKey":"BdG14UCBe/bsi5RbV9aLFFl/ppmaNKbmMnvLyfwtVRtK","baseKeyType":1,"closed":1743330902596,"used":1743330902247,"created":1743330902247,"remoteIdentityKey":"BVxbGy9nmAyZs+e8rYZNRjjbYqEmwqf9IKYOzPlrUhJE"},"_chains":{"BXW3Hc42gxKUSvK8K+XuFA3cPm3KNyibjKgjJ3WfUSob":{"chainKey":{"counter":-1,"key":"yyIm34E9KQTERVd/P8oRVnNYm0btybyW9L2Xfyxr6Es="},"chainType":1,"messageKeys":{}}},"pendingPreKey":{"signedKeyId":423,"baseKey":"BdG14UCBe/bsi5RbV9aLFFl/ppmaNKbmMnvLyfwtVRtK","preKeyId":8302213}},"Bbw7+aUD9ds45oHA+JD6ohCFonK4Qe/DcM6YB+hwc21c":{"registrationId":2040399875,"currentRatchet":{"ephemeralKeyPair":{"pubKey":"BWdHx0tqTQtAISss4SXc41wBnaQk0ep08ItIFiGMWxhX","privKey":"UF/viSCD8FimRdDbF5IaCrJ/1Ecf4wkrteh23cExwFU="},"lastRemoteEphemeralKey":"BeVJxhXRMDgRqBcIXJhSkYmEPBlowxC+le2+CneoxYBD","previousCounter":0,"rootKey":"gVdcV+eEO4vIqssL80YNWMIxkn2g1Xz7C9hVJg44pGs="},"indexInfo":{"baseKey":"Bbw7+aUD9ds45oHA+JD6ohCFonK4Qe/DcM6YB+hwc21c","baseKeyType":1,"closed":1743330903108,"used":1743330902596,"created":1743330902596,"remoteIdentityKey":"BVxbGy9nmAyZs+e8rYZNRjjbYqEmwqf9IKYOzPlrUhJE"},"_chains":{"BWdHx0tqTQtAISss4SXc41wBnaQk0ep08ItIFiGMWxhX":{"chainKey":{"counter":-1,"key":"WveXtlG4HGxslvrvra/Hc4r12OZ3AuIoPsR+VeaVzIc="},"chainType":1,"messageKeys":{}}},"pendingPreKey":{"signedKeyId":423,"baseKey":"Bbw7+aUD9ds45oHA+JD6ohCFonK4Qe/DcM6YB+hwc21c","preKeyId":8302023}},"BR6q0/ubIbAcHkSvzSyAg3o9dMKAvfps0M+MLEFziCRp":{"registrationId":2040399875,"currentRatchet":{"ephemeralKeyPair":{"pubKey":"BXTD8i6YQp48krHDPwZotNyMi18v3Mr0Q1R4I+IfXrUa","privKey":"kDyNCUdJKfoCzn3tQ5pxF+bygu3wn9bRt8g1h+cxoXM="},"lastRemoteEphemeralKey":"BeVJxhXRMDgRqBcIXJhSkYmEPBlowxC+le2+CneoxYBD","previousCounter":0,"rootKey":"mzE0KWuES55dEE7BYsftwH49zdTYrhUyomLw9dVJITQ="},"indexInfo":{"baseKey":"BR6q0/ubIbAcHkSvzSyAg3o9dMKAvfps0M+MLEFziCRp","baseKeyType":1,"closed":1743330903219,"used":1743330903107,"created":1743330903107,"remoteIdentityKey":"BVxbGy9nmAyZs+e8rYZNRjjbYqEmwqf9IKYOzPlrUhJE"},"_chains":{"BXTD8i6YQp48krHDPwZotNyMi18v3Mr0Q1R4I+IfXrUa":{"chainKey":{"counter":-1,"key":"/3EiDmXFr32IMrL/W9tB0ab7SZm8IcVftdJ3KdK5vtc="},"chainType":1,"messageKeys":{}}},"pendingPreKey":{"signedKeyId":423,"baseKey":"BR6q0/ubIbAcHkSvzSyAg3o9dMKAvfps0M+MLEFziCRp","preKeyId":8302250}},"BaBwySEFd573J+DbzMXafUjZOhY5wcfdOJZb//f9mnda":{"registrationId":2040399875,"currentRatchet":{"ephemeralKeyPair":{"pubKey":"BdnsFcF3qGqJO2bcw6aKEAkxhbNOyPxw5u5LBwHflZpr","privKey":"8NtGOc0hm0we/jVu7KJy1omu8VZznxlfe5YuGO37jEc="},"lastRemoteEphemeralKey":"BeVJxhXRMDgRqBcIXJhSkYmEPBlowxC+le2+CneoxYBD","previousCounter":0,"rootKey":"i/7u94IlawxpSWa/fmQ97NdbrEZPDJJNCD6Tyy7EWGU="},"indexInfo":{"baseKey":"BaBwySEFd573J+DbzMXafUjZOhY5wcfdOJZb//f9mnda","baseKeyType":1,"closed":1743330903335,"used":1743330903219,"created":1743330903219,"remoteIdentityKey":"BVxbGy9nmAyZs+e8rYZNRjjbYqEmwqf9IKYOzPlrUhJE"},"_chains":{"BdnsFcF3qGqJO2bcw6aKEAkxhbNOyPxw5u5LBwHflZpr":{"chainKey":{"counter":-1,"key":"PVuLR24vMQosrFrPsadkNwMI/XITb1av4B59LzefVWM="},"chainType":1,"messageKeys":{}}},"pendingPreKey":{"signedKeyId":423,"baseKey":"BaBwySEFd573J+DbzMXafUjZOhY5wcfdOJZb//f9mnda","preKeyId":8302038}},"Bc2XyJYw4M7Z2mxjYkbQQ0BCfJbGEBC0KYhj9k6PjFQy":{"registrationId":2040399875,"currentRatchet":{"ephemeralKeyPair":{"pubKey":"Bc9g7KywnVMOzepSniQLNwco8VAES2lrkDv9y5CPm90y","privKey":"EBHiCUeF/EyTvjdzbUmd3TWoc/F4MbP72DzPmZ8kXks="},"lastRemoteEphemeralKey":"BeVJxhXRMDgRqBcIXJhSkYmEPBlowxC+le2+CneoxYBD","previousCounter":0,"rootKey":"5fhQtxzlWUEbQ3Xy+tl2fdrpf0SD06dt7W8x/EX+7aE="},"indexInfo":{"baseKey":"Bc2XyJYw4M7Z2mxjYkbQQ0BCfJbGEBC0KYhj9k6PjFQy","baseKeyType":1,"closed":1743330909619,"used":1743330903334,"created":1743330903334,"remoteIdentityKey":"BVxbGy9nmAyZs+e8rYZNRjjbYqEmwqf9IKYOzPlrUhJE"},"_chains":{"Bc9g7KywnVMOzepSniQLNwco8VAES2lrkDv9y5CPm90y":{"chainKey":{"counter":-1,"key":"ypoeR7cWkOOxKOKIHt6OD3LGVcTNwJtlO9DPG4RhxOA="},"chainType":1,"messageKeys":{}}},"pendingPreKey":{"signedKeyId":423,"baseKey":"Bc2XyJYw4M7Z2mxjYkbQQ0BCfJbGEBC0KYhj9k6PjFQy","preKeyId":8302408}},"BWN/nxxht7Pm8EN8SVaQ0nXiGMoMhHO9NwC5E39RT6Ib":{"registrationId":2040399875,"currentRatchet":{"ephemeralKeyPair":{"pubKey":"Be8RbGsz1YRXG+WVMz0jWYn0f75nMolODwciktZ6YTES","privKey":"gP0ImST63VusFDZjViAtSFQDPiqmENdmswOlBUZ0JXk="},"lastRemoteEphemeralKey":"BeVJxhXRMDgRqBcIXJhSkYmEPBlowxC+le2+CneoxYBD","previousCounter":0,"rootKey":"9fsE+7agxWFXj0IQ3QZL3/aEKGd6wxjfYH/RjWuw5SA="},"indexInfo":{"baseKey":"BWN/nxxht7Pm8EN8SVaQ0nXiGMoMhHO9NwC5E39RT6Ib","baseKeyType":1,"closed":1743330909735,"used":1743330909618,"created":1743330909618,"remoteIdentityKey":"BVxbGy9nmAyZs+e8rYZNRjjbYqEmwqf9IKYOzPlrUhJE"},"_chains":{"Be8RbGsz1YRXG+WVMz0jWYn0f75nMolODwciktZ6YTES":{"chainKey":{"counter":-1,"key":"ESt3fg0/1Hnsi3wfGyb7ya+O0S7erQGLnpuzwMlQ6Bk="},"chainType":1,"messageKeys":{}}},"pendingPreKey":{"signedKeyId":423,"baseKey":"BWN/nxxht7Pm8EN8SVaQ0nXiGMoMhHO9NwC5E39RT6Ib","preKeyId":8302309}},"BQnCNU3JWhrbPg89fQuJw0pJD66JBQEhExQYvjMR22Z3":{"registrationId":2040399875,"currentRatchet":{"ephemeralKeyPair":{"pubKey":"BYgBVGIdbgpI6qGLweUD7wacZ/rVmH9Lw/hflnA5L3At","privKey":"2DvvATE4rHQhbtGGZs6cSznEMraAoH8zKhrIx4URr04="},"lastRemoteEphemeralKey":"BeVJxhXRMDgRqBcIXJhSkYmEPBlowxC+le2+CneoxYBD","previousCounter":0,"rootKey":"QLcCfPpKkv9vJf1VkYOdigeQBVahCaxyxjw6ns14B1E="},"indexInfo":{"baseKey":"BQnCNU3JWhrbPg89fQuJw0pJD66JBQEhExQYvjMR22Z3","baseKeyType":1,"closed":1743330909854,"used":1743330909734,"created":1743330909734,"remoteIdentityKey":"BVxbGy9nmAyZs+e8rYZNRjjbYqEmwqf9IKYOzPlrUhJE"},"_chains":{"BYgBVGIdbgpI6qGLweUD7wacZ/rVmH9Lw/hflnA5L3At":{"chainKey":{"counter":-1,"key":"OMhztYZyoBT+Q0BYK1xjWA0/SnD/4mKZzmV5ER680As="},"chainType":1,"messageKeys":{}}},"pendingPreKey":{"signedKeyId":423,"baseKey":"BQnCNU3JWhrbPg89fQuJw0pJD66JBQEhExQYvjMR22Z3","preKeyId":8302243}},"BbwUjc7D4niNSTuKAwvxl1S5iFd0dLGw1N9uz8nXTesi":{"registrationId":2040399875,"currentRatchet":{"ephemeralKeyPair":{"pubKey":"BTbwXzz4xNVBJt1oeWstI7WMbbJQZi3ht10NDhXmdjtS","privKey":"yKKafTYc9aVWin9otTNZImA4Gt2eAjAUqpWJ0sAaYls="},"lastRemoteEphemeralKey":"BeVJxhXRMDgRqBcIXJhSkYmEPBlowxC+le2+CneoxYBD","previousCounter":0,"rootKey":"bJkvHvBZBR406MttNs0UHcE2vAv2l0oiYHgTDKnvaJw="},"indexInfo":{"baseKey":"BbwUjc7D4niNSTuKAwvxl1S5iFd0dLGw1N9uz8nXTesi","baseKeyType":1,"closed":1743330910059,"used":1743330909853,"created":1743330909853,"remoteIdentityKey":"BVxbGy9nmAyZs+e8rYZNRjjbYqEmwqf9IKYOzPlrUhJE"},"_chains":{"BTbwXzz4xNVBJt1oeWstI7WMbbJQZi3ht10NDhXmdjtS":{"chainKey":{"counter":-1,"key":"vmKnMwzrZGEzn9rdBf/MdF53WMWlD8wlGfQl12PQiUI="},"chainType":1,"messageKeys":{}}},"pendingPreKey":{"signedKeyId":423,"baseKey":"BbwUjc7D4niNSTuKAwvxl1S5iFd0dLGw1N9uz8nXTesi","preKeyId":8301826}},"BVDrBdK1VReAw6nZc8BTTYM/zlc3uotLOT9rC0XvFmts":{"registrationId":2040399875,"currentRatchet":{"ephemeralKeyPair":{"pubKey":"Bcg0Z1Vm+Cix4hd2BmeWMxaebyxPr1VEURBRk/4wmKBf","privKey":"eKhto2jOG22g56vffncZKb/41q/RJrrMbPamY82TRF8="},"lastRemoteEphemeralKey":"BeVJxhXRMDgRqBcIXJhSkYmEPBlowxC+le2+CneoxYBD","previousCounter":0,"rootKey":"gOpzN+eE3ffFrZZMt2JU5RYO/Q9lmE04QHUoUPSkeKI="},"indexInfo":{"baseKey":"BVDrBdK1VReAw6nZc8BTTYM/zlc3uotLOT9rC0XvFmts","baseKeyType":1,"closed":1743330910173,"used":1743330910059,"created":1743330910059,"remoteIdentityKey":"BVxbGy9nmAyZs+e8rYZNRjjbYqEmwqf9IKYOzPlrUhJE"},"_chains":{"Bcg0Z1Vm+Cix4hd2BmeWMxaebyxPr1VEURBRk/4wmKBf":{"chainKey":{"counter":-1,"key":"VDxYHacaP4sxalc8/wQEGKeZoJApykhMD+XBXhRrRX0="},"chainType":1,"messageKeys":{}}},"pendingPreKey":{"signedKeyId":423,"baseKey":"BVDrBdK1VReAw6nZc8BTTYM/zlc3uotLOT9rC0XvFmts","preKeyId":8302247}},"BWZN8Zp3cTJS7sIJMzfQylFZELPQSBTaPNH75oQmBphN":{"registrationId":2040399875,"currentRatchet":{"ephemeralKeyPair":{"pubKey":"BbcC6ChpGE619nM1m4Zo4YhYC5g8T4Z109BTMWkC3gJ6","privKey":"eI3Oy743F30RN0yUbN9gGGczlOzo3EAOSd2x2avKZnc="},"lastRemoteEphemeralKey":"BeVJxhXRMDgRqBcIXJhSkYmEPBlowxC+le2+CneoxYBD","previousCounter":0,"rootKey":"iAiDa6QMlQb5CLsBeRNX5TxKyOsabVHUfH4cFxu6GEY="},"indexInfo":{"baseKey":"BWZN8Zp3cTJS7sIJMzfQylFZELPQSBTaPNH75oQmBphN","baseKeyType":1,"closed":1743330910693,"used":1743330910172,"created":1743330910172,"remoteIdentityKey":"BVxbGy9nmAyZs+e8rYZNRjjbYqEmwqf9IKYOzPlrUhJE"},"_chains":{"BbcC6ChpGE619nM1m4Zo4YhYC5g8T4Z109BTMWkC3gJ6":{"chainKey":{"counter":-1,"key":"NFVP44eN6vskpL6LlotoEJbfa1at2VBx3I6pvKy69lI="},"chainType":1,"messageKeys":{}}},"pendingPreKey":{"signedKeyId":423,"baseKey":"BWZN8Zp3cTJS7sIJMzfQylFZELPQSBTaPNH75oQmBphN","preKeyId":8302089}},"BaTtYLqJvjJt24y7Ey0uh1zuwwZ+4/AiDMUxcwr7PXVj":{"registrationId":2040399875,"currentRatchet":{"ephemeralKeyPair":{"pubKey":"BY8YjlI//U+c5edODUv9YY/2RRb88L1dpbel9cF7I2V1","privKey":"kM2u3fI5AKBLtbBX7C1DWBv70wn2S0cEVF92hp7ATE0="},"lastRemoteEphemeralKey":"BeVJxhXRMDgRqBcIXJhSkYmEPBlowxC+le2+CneoxYBD","previousCounter":0,"rootKey":"PGoxbpnM/pofH5/XtLIogC8hFcwC2BBmp4TiQ1ww/Zs="},"indexInfo":{"baseKey":"BaTtYLqJvjJt24y7Ey0uh1zuwwZ+4/AiDMUxcwr7PXVj","baseKeyType":1,"closed":1743330910808,"used":1743330910692,"created":1743330910692,"remoteIdentityKey":"BVxbGy9nmAyZs+e8rYZNRjjbYqEmwqf9IKYOzPlrUhJE"},"_chains":{"BY8YjlI//U+c5edODUv9YY/2RRb88L1dpbel9cF7I2V1":{"chainKey":{"counter":-1,"key":"PEg/JST7/Jme3IHSzHCxZGqZxn1fmWHUBFxOykugcVM="},"chainType":1,"messageKeys":{}}},"pendingPreKey":{"signedKeyId":423,"baseKey":"BaTtYLqJvjJt24y7Ey0uh1zuwwZ+4/AiDMUxcwr7PXVj","preKeyId":8302233}},"BQj2OZAsFYZ8ihz3jMGYYBAaWuSpSryTaQoY4MTMGuEn":{"registrationId":2040399875,"currentRatchet":{"ephemeralKeyPair":{"pubKey":"BcF1TPfbUzC1SyLxm6EvbRfDj95q0/h/sAKMf5JEyt0S","privKey":"QGnslgims6PwXS8GZWERkXmtC6jn62syj+/dlMDe82Q="},"lastRemoteEphemeralKey":"BeVJxhXRMDgRqBcIXJhSkYmEPBlowxC+le2+CneoxYBD","previousCounter":0,"rootKey":"sdfcABOcjiarePenRnaFE1WFcRuGzmzugaLpScO3oQs="},"indexInfo":{"baseKey":"BQj2OZAsFYZ8ihz3jMGYYBAaWuSpSryTaQoY4MTMGuEn","baseKeyType":1,"closed":1743330910924,"used":1743330910808,"created":1743330910808,"remoteIdentityKey":"BVxbGy9nmAyZs+e8rYZNRjjbYqEmwqf9IKYOzPlrUhJE"},"_chains":{"BcF1TPfbUzC1SyLxm6EvbRfDj95q0/h/sAKMf5JEyt0S":{"chainKey":{"counter":-1,"key":"v1Xl1Tz1cLaSoaw2tB+x0DhDupw7lX+kWd0b3ptVzeQ="},"chainType":1,"messageKeys":{}}},"pendingPreKey":{"signedKeyId":423,"baseKey":"BQj2OZAsFYZ8ihz3jMGYYBAaWuSpSryTaQoY4MTMGuEn","preKeyId":8302289}},"Bd9Iz8Mq+Wh9i4FFe5xutgXChJRus9Iv2/gI1zOq6cJf":{"registrationId":2040399875,"currentRatchet":{"ephemeralKeyPair":{"pubKey":"Bay0ErGs00owAbddwAA89rcqFzl51jJnQAmm/NlyaY1B","privKey":"6DMC+c5RUnGxJ0BcFbBRwKXw5yEWpyAv4RyoEB9TAnY="},"lastRemoteEphemeralKey":"BeVJxhXRMDgRqBcIXJhSkYmEPBlowxC+le2+CneoxYBD","previousCounter":0,"rootKey":"ZrJ+Htyb2KdCfGLR7fuCmEiCfVk5SR44lPaL155KXlI="},"indexInfo":{"baseKey":"Bd9Iz8Mq+Wh9i4FFe5xutgXChJRus9Iv2/gI1zOq6cJf","baseKeyType":1,"closed":1743330911138,"used":1743330910923,"created":1743330910923,"remoteIdentityKey":"BVxbGy9nmAyZs+e8rYZNRjjbYqEmwqf9IKYOzPlrUhJE"},"_chains":{"Bay0ErGs00owAbddwAA89rcqFzl51jJnQAmm/NlyaY1B":{"chainKey":{"counter":-1,"key":"Yaoy556Tf/str67BcMtDmXa1mjT1CLWO8xmJrW8ORbg="},"chainType":1,"messageKeys":{}}},"pendingPreKey":{"signedKeyId":423,"baseKey":"Bd9Iz8Mq+Wh9i4FFe5xutgXChJRus9Iv2/gI1zOq6cJf","preKeyId":8302366}},"BRLR1grfmnXO3PM38VPgf1BnjoaibE7HAvJHTyLxb/8R":{"registrationId":2040399875,"currentRatchet":{"ephemeralKeyPair":{"pubKey":"BQ9+k88OpWcg8D+9dsNM8gCntHmB3kKnT1Ep9mLLPZMv","privKey":"KMgqeHUNQsvOissK20lYBWgryxS/KwXaaoM1XUbptkw="},"lastRemoteEphemeralKey":"BeVJxhXRMDgRqBcIXJhSkYmEPBlowxC+le2+CneoxYBD","previousCounter":0,"rootKey":"rycVW0BYcN8gQkKiwi/qHkWpkbBlFrXFajiO5IgNx58="},"indexInfo":{"baseKey":"BRLR1grfmnXO3PM38VPgf1BnjoaibE7HAvJHTyLxb/8R","baseKeyType":1,"closed":1743330911251,"used":1743330911137,"created":1743330911137,"remoteIdentityKey":"BVxbGy9nmAyZs+e8rYZNRjjbYqEmwqf9IKYOzPlrUhJE"},"_chains":{"BQ9+k88OpWcg8D+9dsNM8gCntHmB3kKnT1Ep9mLLPZMv":{"chainKey":{"counter":-1,"key":"9gG5gdoXsmROhXfbwn4OU1Xn4HuesEX0+z6q4NYUNhM="},"chainType":1,"messageKeys":{}}},"pendingPreKey":{"signedKeyId":423,"baseKey":"BRLR1grfmnXO3PM38VPgf1BnjoaibE7HAvJHTyLxb/8R","preKeyId":8302360}},"BTFzc2AlMfBsMGR5FSl/eHOOsZ9PV1ryHirsS2tkcoZF":{"registrationId":2040399875,"currentRatchet":{"ephemeralKeyPair":{"pubKey":"BWHQnP7XCFN0ML63Ddwlz5JTb5rE/Qp9U3HX3XiswUgA","privKey":"CLIYLryhAbXoV116h89vz7RHlBlt1JqVOQnenVienkQ="},"lastRemoteEphemeralKey":"BeVJxhXRMDgRqBcIXJhSkYmEPBlowxC+le2+CneoxYBD","previousCounter":0,"rootKey":"wHYk0f4yM7su7T/acOUVxJpx7FcI/a9odAqLL/yqWuc="},"indexInfo":{"baseKey":"BTFzc2AlMfBsMGR5FSl/eHOOsZ9PV1ryHirsS2tkcoZF","baseKeyType":1,"closed":1743330911482,"used":1743330911250,"created":1743330911250,"remoteIdentityKey":"BVxbGy9nmAyZs+e8rYZNRjjbYqEmwqf9IKYOzPlrUhJE"},"_chains":{"BWHQnP7XCFN0ML63Ddwlz5JTb5rE/Qp9U3HX3XiswUgA":{"chainKey":{"counter":-1,"key":"pj2iYKso+uaG6hnQhzKeHVhqAdLC66/X18XLE6Ss1Hk="},"chainType":1,"messageKeys":{}}},"pendingPreKey":{"signedKeyId":423,"baseKey":"BTFzc2AlMfBsMGR5FSl/eHOOsZ9PV1ryHirsS2tkcoZF","preKeyId":8302047}},"BeRNZvFvXEcorKIGIpoNajTc3D4jWAIgp9DSOZSFI40p":{"registrationId":2040399875,"currentRatchet":{"ephemeralKeyPair":{"pubKey":"BbV+xhouaKZ6h0N1MvJ4kaDrEOA6ciGTw3YmtP9uJsUi","privKey":"sEc8a8+6jdRmyRrNoDzngZCprJsfOMqpnOcfwrabEWQ="},"lastRemoteEphemeralKey":"BeVJxhXRMDgRqBcIXJhSkYmEPBlowxC+le2+CneoxYBD","previousCounter":0,"rootKey":"vKgKMAbn6/UntUy7Ifbh2sfoVHsKAEdLHT8wv1vNDnY="},"indexInfo":{"baseKey":"BeRNZvFvXEcorKIGIpoNajTc3D4jWAIgp9DSOZSFI40p","baseKeyType":1,"closed":1743330911611,"used":1743330911481,"created":1743330911481,"remoteIdentityKey":"BVxbGy9nmAyZs+e8rYZNRjjbYqEmwqf9IKYOzPlrUhJE"},"_chains":{"BbV+xhouaKZ6h0N1MvJ4kaDrEOA6ciGTw3YmtP9uJsUi":{"chainKey":{"counter":-1,"key":"Z34ANadgVxYT6a2y0J04dtNjaGfqbduJirYWFogRDk4="},"chainType":1,"messageKeys":{}}},"pendingPreKey":{"signedKeyId":423,"baseKey":"BeRNZvFvXEcorKIGIpoNajTc3D4jWAIgp9DSOZSFI40p","preKeyId":8302219}},"BTobyJAlw7S8bCt9KD3fezfK0nDYlpr7JxkkUqI6d6hJ":{"registrationId":2040399875,"currentRatchet":{"ephemeralKeyPair":{"pubKey":"BebsQfFOQXV4i31/VERzCIrJILJVrcECM+Ajw4MbvBB7","privKey":"2OfcW22dJacE6hjMajE1oGQHSynRYBL7HNJVXH87QHg="},"lastRemoteEphemeralKey":"BeVJxhXRMDgRqBcIXJhSkYmEPBlowxC+le2+CneoxYBD","previousCounter":0,"rootKey":"l/V2LJpiRQxjUGtfHGKbHZsyZttsYUohtJtslT+YYz8="},"indexInfo":{"baseKey":"BTobyJAlw7S8bCt9KD3fezfK0nDYlpr7JxkkUqI6d6hJ","baseKeyType":1,"closed":1743330911728,"used":1743330911611,"created":1743330911611,"remoteIdentityKey":"BVxbGy9nmAyZs+e8rYZNRjjbYqEmwqf9IKYOzPlrUhJE"},"_chains":{"BebsQfFOQXV4i31/VERzCIrJILJVrcECM+Ajw4MbvBB7":{"chainKey":{"counter":-1,"key":"rQsHEJUQ4zD751rCNHgfuut+EOBL0vQgsJ31QjXCKFQ="},"chainType":1,"messageKeys":{}}},"pendingPreKey":{"signedKeyId":423,"baseKey":"BTobyJAlw7S8bCt9KD3fezfK0nDYlpr7JxkkUqI6d6hJ","preKeyId":8302204}},"BRYRp6+/kxvxrOGpj9mQt/ErGDWVDMmxAZWDyz9SXWpa":{"registrationId":2040399875,"currentRatchet":{"ephemeralKeyPair":{"pubKey":"BeYxkaVoFb+mJuXearmk6q3zzAdCDyKmgL3cPLi7VYM2","privKey":"AEvwhoRozGq9wgpqI+XOuEo2ADj+iwoteIEzHh6sv3U="},"lastRemoteEphemeralKey":"BeVJxhXRMDgRqBcIXJhSkYmEPBlowxC+le2+CneoxYBD","previousCounter":0,"rootKey":"05ZEQXoCm/plzT/74GL1wAc/43ZYtEu1RDKP3AKSQ10="},"indexInfo":{"baseKey":"BRYRp6+/kxvxrOGpj9mQt/ErGDWVDMmxAZWDyz9SXWpa","baseKeyType":1,"closed":1743330911843,"used":1743330911727,"created":1743330911727,"remoteIdentityKey":"BVxbGy9nmAyZs+e8rYZNRjjbYqEmwqf9IKYOzPlrUhJE"},"_chains":{"BeYxkaVoFb+mJuXearmk6q3zzAdCDyKmgL3cPLi7VYM2":{"chainKey":{"counter":-1,"key":"QX0Jeyb9wSfPSVLXY8jpHtU54UpDhhPz1TL33dUHVSE="},"chainType":1,"messageKeys":{}}},"pendingPreKey":{"signedKeyId":423,"baseKey":"BRYRp6+/kxvxrOGpj9mQt/ErGDWVDMmxAZWDyz9SXWpa","preKeyId":8302194}},"BZaq/pU3j1wRAWVvGcqc/VJKjKA9jFtD4Fhjez27beRQ":{"registrationId":2040399875,"currentRatchet":{"ephemeralKeyPair":{"pubKey":"BQmUugARf270kRlgYZZ3zVWHWGDfauA6ehek0TuryGcN","privKey":"kGmbjHm/b9jpKt1GM/dZ4SHOE/zNey9gilKgOJDqrlc="},"lastRemoteEphemeralKey":"BeVJxhXRMDgRqBcIXJhSkYmEPBlowxC+le2+CneoxYBD","previousCounter":0,"rootKey":"Qjfs+UQxND0WsRHkGxUXsT+k54y4Co8tS9SYthfHmoI="},"indexInfo":{"baseKey":"BZaq/pU3j1wRAWVvGcqc/VJKjKA9jFtD4Fhjez27beRQ","baseKeyType":1,"closed":1743330911957,"used":1743330911842,"created":1743330911842,"remoteIdentityKey":"BVxbGy9nmAyZs+e8rYZNRjjbYqEmwqf9IKYOzPlrUhJE"},"_chains":{"BQmUugARf270kRlgYZZ3zVWHWGDfauA6ehek0TuryGcN":{"chainKey":{"counter":-1,"key":"jmbAURZX2sUyVUKnVMstXD3gBHvGjHZl1l9kFg7c4OU="},"chainType":1,"messageKeys":{}}},"pendingPreKey":{"signedKeyId":423,"baseKey":"BZaq/pU3j1wRAWVvGcqc/VJKjKA9jFtD4Fhjez27beRQ","preKeyId":8301875}},"BcKLt2ysGbmP2VpdZ9QLJnJCboH0EeBOn9KK/5d9dD11":{"registrationId":2040399875,"currentRatchet":{"ephemeralKeyPair":{"pubKey":"BTVJpo0NPaXP5Whrq3OFBEfcbF9DdGmd2TFPAyz1pphG","privKey":"KAaHyjEYbXbsSrvJHL+ewaJfW/HF4k/VKn7WNShpBEk="},"lastRemoteEphemeralKey":"BeVJxhXRMDgRqBcIXJhSkYmEPBlowxC+le2+CneoxYBD","previousCounter":0,"rootKey":"YIgHekAyJSB9fFAZcbipfJMps1iCW4jTaw/ORLie9qE="},"indexInfo":{"baseKey":"BcKLt2ysGbmP2VpdZ9QLJnJCboH0EeBOn9KK/5d9dD11","baseKeyType":1,"closed":1743330912074,"used":1743330911957,"created":1743330911957,"remoteIdentityKey":"BVxbGy9nmAyZs+e8rYZNRjjbYqEmwqf9IKYOzPlrUhJE"},"_chains":{"BTVJpo0NPaXP5Whrq3OFBEfcbF9DdGmd2TFPAyz1pphG":{"chainKey":{"counter":-1,"key":"Hdx+m5vIp/HwOFAHbJ3Gv4DmhmCvuwKHD0wC6oSUyTE="},"chainType":1,"messageKeys":{}}},"pendingPreKey":{"signedKeyId":423,"baseKey":"BcKLt2ysGbmP2VpdZ9QLJnJCboH0EeBOn9KK/5d9dD11","preKeyId":8302050}},"BSTstW/+wdnPbemy+iOUmtSp5cNht3mLhaUUgtff8hBC":{"registrationId":2040399875,"currentRatchet":{"ephemeralKeyPair":{"pubKey":"Bdy1jSsa1U2iFmug1kT1N9Pj42HF/d3tIpJptCAYL3lt","privKey":"GGKL3NAxZ5lmTD+yhtDxHFmbq+8+a+82hoNajXt1klM="},"lastRemoteEphemeralKey":"BeVJxhXRMDgRqBcIXJhSkYmEPBlowxC+le2+CneoxYBD","previousCounter":0,"rootKey":"u+0AyerHpq7jR1mvz6/qke5X6BtYLfouc91SxWapzUY="},"indexInfo":{"baseKey":"BSTstW/+wdnPbemy+iOUmtSp5cNht3mLhaUUgtff8hBC","baseKeyType":1,"closed":1743330912190,"used":1743330912074,"created":1743330912074,"remoteIdentityKey":"BVxbGy9nmAyZs+e8rYZNRjjbYqEmwqf9IKYOzPlrUhJE"},"_chains":{"Bdy1jSsa1U2iFmug1kT1N9Pj42HF/d3tIpJptCAYL3lt":{"chainKey":{"counter":-1,"key":"Fb0X+Pi0WoQXFr8yHyuB5bvg30ZBRMZNi0v6yj9sGeI="},"chainType":1,"messageKeys":{}}},"pendingPreKey":{"signedKeyId":423,"baseKey":"BSTstW/+wdnPbemy+iOUmtSp5cNht3mLhaUUgtff8hBC","preKeyId":8301927}},"BRUjozYvIiVXNynSbXEd3NPkTW3AjqX77oqcRndOI2YS":{"registrationId":2040399875,"currentRatchet":{"ephemeralKeyPair":{"pubKey":"BTG+ElkJwxLJvS9Dx09fqL3pLL0Lg8q+9lvXot2S+7Y/","privKey":"YMFCer1bUAyXMqKWQTZNSCoIgsmLAwk+KkbTBO5mgmA="},"lastRemoteEphemeralKey":"BeVJxhXRMDgRqBcIXJhSkYmEPBlowxC+le2+CneoxYBD","previousCounter":0,"rootKey":"glSj85w1UiakLImNRfsK31qmlvRnu5gxqnHmCDHpgSc="},"indexInfo":{"baseKey":"BRUjozYvIiVXNynSbXEd3NPkTW3AjqX77oqcRndOI2YS","baseKeyType":1,"closed":1743330912307,"used":1743330912190,"created":1743330912190,"remoteIdentityKey":"BVxbGy9nmAyZs+e8rYZNRjjbYqEmwqf9IKYOzPlrUhJE"},"_chains":{"BTG+ElkJwxLJvS9Dx09fqL3pLL0Lg8q+9lvXot2S+7Y/":{"chainKey":{"counter":-1,"key":"7DMA5bPqJo8bcbzHRzA9BLXHho2lJdDQ2F3z8vziR48="},"chainType":1,"messageKeys":{}}},"pendingPreKey":{"signedKeyId":423,"baseKey":"BRUjozYvIiVXNynSbXEd3NPkTW3AjqX77oqcRndOI2YS","preKeyId":8302238}},"BdrKwlLUhJkDgFg8MCp82CZg6cU7QIBeH1LIwBdDLe8v":{"registrationId":2040399875,"currentRatchet":{"ephemeralKeyPair":{"pubKey":"BWhQ/d2KtnVdxDnDyCc4++Njlgch2J4YVzJMcSmDQoE0","privKey":"MKLlXKtBo/YBl8C4VANUGmQPFGhAGyTUBjO96vKVjmk="},"lastRemoteEphemeralKey":"BeVJxhXRMDgRqBcIXJhSkYmEPBlowxC+le2+CneoxYBD","previousCounter":0,"rootKey":"XYpzKfH/cshHGNn4lDPmGEwmv58I/25D9MNIkvpgHmw="},"indexInfo":{"baseKey":"BdrKwlLUhJkDgFg8MCp82CZg6cU7QIBeH1LIwBdDLe8v","baseKeyType":1,"closed":1743330914593,"used":1743330912306,"created":1743330912306,"remoteIdentityKey":"BVxbGy9nmAyZs+e8rYZNRjjbYqEmwqf9IKYOzPlrUhJE"},"_chains":{"BWhQ/d2KtnVdxDnDyCc4++Njlgch2J4YVzJMcSmDQoE0":{"chainKey":{"counter":-1,"key":"vkWoRB2Rjkc1o3VoxFwq+NEHyz5rn3AuzyDLYGv9Ym4="},"chainType":1,"messageKeys":{}}},"pendingPreKey":{"signedKeyId":423,"baseKey":"BdrKwlLUhJkDgFg8MCp82CZg6cU7QIBeH1LIwBdDLe8v","preKeyId":8302374}},"Bb+ZFiGspDbiF0daOcFzL/8eLOd/tzHr8IIzEClgWxVM":{"registrationId":2040399875,"currentRatchet":{"ephemeralKeyPair":{"pubKey":"BfqaWjB+SCh2syDV6Knawt5Em7aZXf7ZvP2ABrgzYu92","privKey":"QCerDizM6YdOXyWeQ7+ODYLPk88SNcEXel62i5w1Wkw="},"lastRemoteEphemeralKey":"BeVJxhXRMDgRqBcIXJhSkYmEPBlowxC+le2+CneoxYBD","previousCounter":0,"rootKey":"dWCRjPhX9Ck5eltRDHn5NotU9C7JqDj16rWvtGf4YNY="},"indexInfo":{"baseKey":"Bb+ZFiGspDbiF0daOcFzL/8eLOd/tzHr8IIzEClgWxVM","baseKeyType":1,"closed":1743330916503,"used":1743330914592,"created":1743330914592,"remoteIdentityKey":"BVxbGy9nmAyZs+e8rYZNRjjbYqEmwqf9IKYOzPlrUhJE"},"_chains":{"BfqaWjB+SCh2syDV6Knawt5Em7aZXf7ZvP2ABrgzYu92":{"chainKey":{"counter":-1,"key":"ZFeLHgIhEFpfHA3cAC57w13FKLhGjXBzJwJJOZk0c0E="},"chainType":1,"messageKeys":{}}},"pendingPreKey":{"signedKeyId":423,"baseKey":"Bb+ZFiGspDbiF0daOcFzL/8eLOd/tzHr8IIzEClgWxVM","preKeyId":8302197}},"Bcra6vxj71gPf6ngfg0mlH4smhU9J++EJhMmYLgqGmIj":{"registrationId":2040399875,"currentRatchet":{"ephemeralKeyPair":{"pubKey":"BVwZOkHgxUeYi30mkccH20DeHQ94yWOHElS61HkYQC8J","privKey":"ENFRF5RT0+h5pito0VlVE6Mfw0kHBO4Wsdoce0hqiHc="},"lastRemoteEphemeralKey":"BeVJxhXRMDgRqBcIXJhSkYmEPBlowxC+le2+CneoxYBD","previousCounter":0,"rootKey":"CzgguL/hcnozLapwi3OeWe8rUx+r+sNH7Fwroh8yUJo="},"indexInfo":{"baseKey":"Bcra6vxj71gPf6ngfg0mlH4smhU9J++EJhMmYLgqGmIj","baseKeyType":1,"closed":1743330916821,"used":1743330916502,"created":1743330916502,"remoteIdentityKey":"BVxbGy9nmAyZs+e8rYZNRjjbYqEmwqf9IKYOzPlrUhJE"},"_chains":{"BVwZOkHgxUeYi30mkccH20DeHQ94yWOHElS61HkYQC8J":{"chainKey":{"counter":-1,"key":"T0OEnRw1GrcFwtLW+JoOOuro9++QzgboIh6JX8C2Mac="},"chainType":1,"messageKeys":{}}},"pendingPreKey":{"signedKeyId":423,"baseKey":"Bcra6vxj71gPf6ngfg0mlH4smhU9J++EJhMmYLgqGmIj","preKeyId":8302248}},"BR6MFjMD7IHYdndNX5HeLirvi994Ee/srTq2UEInztoC":{"registrationId":2040399875,"currentRatchet":{"ephemeralKeyPair":{"pubKey":"BZyLd5YkgnvA/+Df53GSnPO3dRWwNJmhsAEcQsawiQ0t","privKey":"EOx8kRjB2WpPjV0UOoGd5hVte/Gf604PT+Hz/6TNRUg="},"lastRemoteEphemeralKey":"BeVJxhXRMDgRqBcIXJhSkYmEPBlowxC+le2+CneoxYBD","previousCounter":0,"rootKey":"YsZvwJCxUTVoSYzX7uaNQIPOPl8A+E05cHBvHtyiUZw="},"indexInfo":{"baseKey":"BR6MFjMD7IHYdndNX5HeLirvi994Ee/srTq2UEInztoC","baseKeyType":1,"closed":1743330917109,"used":1743330916821,"created":1743330916821,"remoteIdentityKey":"BVxbGy9nmAyZs+e8rYZNRjjbYqEmwqf9IKYOzPlrUhJE"},"_chains":{"BZyLd5YkgnvA/+Df53GSnPO3dRWwNJmhsAEcQsawiQ0t":{"chainKey":{"counter":-1,"key":"Lo7bwcQKh/qjUijQ5WS7ls45+0lJ8KbkdzwLSDT1iOA="},"chainType":1,"messageKeys":{}}},"pendingPreKey":{"signedKeyId":423,"baseKey":"BR6MFjMD7IHYdndNX5HeLirvi994Ee/srTq2UEInztoC","preKeyId":8302254}},"BX1ESTao2JS7kk9DmLqp/bv3jBd/j+QRJzVSNHMaZ5Vn":{"registrationId":2040399875,"currentRatchet":{"ephemeralKeyPair":{"pubKey":"BUmKnl7w9OIQSq8HP/fDtfpD4AKobHu0MTfBxYXFR3JX","privKey":"sMaaX727dJ1yJOXPTH1iOC1MHTwfT3SFBi7qoA26rmc="},"lastRemoteEphemeralKey":"BeVJxhXRMDgRqBcIXJhSkYmEPBlowxC+le2+CneoxYBD","previousCounter":0,"rootKey":"/4rPWfzPkwv3SGKQ5JH8aX6wK5yifHZv8tjdxq/rczE="},"indexInfo":{"baseKey":"BX1ESTao2JS7kk9DmLqp/bv3jBd/j+QRJzVSNHMaZ5Vn","baseKeyType":1,"closed":1743330917225,"used":1743330917108,"created":1743330917108,"remoteIdentityKey":"BVxbGy9nmAyZs+e8rYZNRjjbYqEmwqf9IKYOzPlrUhJE"},"_chains":{"BUmKnl7w9OIQSq8HP/fDtfpD4AKobHu0MTfBxYXFR3JX":{"chainKey":{"counter":-1,"key":"APB5pSQnpv5prFIlZMUQWlUjRpgGAKTau7lxfAFTNcc="},"chainType":1,"messageKeys":{}}},"pendingPreKey":{"signedKeyId":423,"baseKey":"BX1ESTao2JS7kk9DmLqp/bv3jBd/j+QRJzVSNHMaZ5Vn","preKeyId":8301950}},"BZ4FI12fzUSz143V8sPRfylXef4D6xYF9Qi0N9x08ZUq":{"registrationId":2040399875,"currentRatchet":{"ephemeralKeyPair":{"pubKey":"BZCdiPnw94tCSipjEN8y840LEYud3TO3u4y1chQszX0o","privKey":"eFp+BkGbD/eNZnjQ8Rga9hLI0mHAJx1sXdOVNcGq+Fo="},"lastRemoteEphemeralKey":"BeVJxhXRMDgRqBcIXJhSkYmEPBlowxC+le2+CneoxYBD","previousCounter":0,"rootKey":"5gczbuLOY0yCrMd9rV2G7EX4+9jMs7VP8Z0FUr4k22k="},"indexInfo":{"baseKey":"BZ4FI12fzUSz143V8sPRfylXef4D6xYF9Qi0N9x08ZUq","baseKeyType":1,"closed":1743330917567,"used":1743330917223,"created":1743330917223,"remoteIdentityKey":"BVxbGy9nmAyZs+e8rYZNRjjbYqEmwqf9IKYOzPlrUhJE"},"_chains":{"BZCdiPnw94tCSipjEN8y840LEYud3TO3u4y1chQszX0o":{"chainKey":{"counter":-1,"key":"RsmddwIv3+LMP0giYiJMcOQg88oWdQTL9CsB6FNqNG0="},"chainType":1,"messageKeys":{}}},"pendingPreKey":{"signedKeyId":423,"baseKey":"BZ4FI12fzUSz143V8sPRfylXef4D6xYF9Qi0N9x08ZUq","preKeyId":8302208}},"BaMlF4P1hkNfkaIwELdK8692fpI0+484tNz8r3UWWGxn":{"registrationId":2040399875,"currentRatchet":{"ephemeralKeyPair":{"pubKey":"BQcibOYtI3IPhaozwVtTZhQ2s/S+un7an7bQbOT8gdd0","privKey":"2M3djhViyrq3HiX110i4zyPnIRPAqjz2onVfaQ+PAn4="},"lastRemoteEphemeralKey":"BeVJxhXRMDgRqBcIXJhSkYmEPBlowxC+le2+CneoxYBD","previousCounter":0,"rootKey":"vvq83EUARwsUnJ2ulOWlt+mO7XdE/UwdZhFybt+xaFY="},"indexInfo":{"baseKey":"BaMlF4P1hkNfkaIwELdK8692fpI0+484tNz8r3UWWGxn","baseKeyType":1,"closed":1743330917682,"used":1743330917567,"created":1743330917567,"remoteIdentityKey":"BVxbGy9nmAyZs+e8rYZNRjjbYqEmwqf9IKYOzPlrUhJE"},"_chains":{"BQcibOYtI3IPhaozwVtTZhQ2s/S+un7an7bQbOT8gdd0":{"chainKey":{"counter":-1,"key":"QkvFAedy2UmLQTD7wNetBdKxvYSCSFNcC1C13zEw4Jw="},"chainType":1,"messageKeys":{}}},"pendingPreKey":{"signedKeyId":423,"baseKey":"BaMlF4P1hkNfkaIwELdK8692fpI0+484tNz8r3UWWGxn","preKeyId":8302061}},"Ba4c8AKFZ0sOa056D7Sw1Fdkir7qYhOIIq/dfrgyimwZ":{"registrationId":2040399875,"currentRatchet":{"ephemeralKeyPair":{"pubKey":"BZTTZf5nQzVmidurGrEwKqRXrOczQ/OngfyUle0HAjpD","privKey":"+GJvf/VrtUITF+WvsidnNJiNmL2erC7gjQyOufDWGXc="},"lastRemoteEphemeralKey":"BeVJxhXRMDgRqBcIXJhSkYmEPBlowxC+le2+CneoxYBD","previousCounter":0,"rootKey":"dWs46oUFbrgGT5AihE8qjXmMwwOkeKkLZ4BelgFV8JM="},"indexInfo":{"baseKey":"Ba4c8AKFZ0sOa056D7Sw1Fdkir7qYhOIIq/dfrgyimwZ","baseKeyType":1,"closed":1743330917973,"used":1743330917681,"created":1743330917681,"remoteIdentityKey":"BVxbGy9nmAyZs+e8rYZNRjjbYqEmwqf9IKYOzPlrUhJE"},"_chains":{"BZTTZf5nQzVmidurGrEwKqRXrOczQ/OngfyUle0HAjpD":{"chainKey":{"counter":-1,"key":"TjS9fauHlfOIhfBTNiLYgbJ6YoASbZKz7njzpt/S64o="},"chainType":1,"messageKeys":{}}},"pendingPreKey":{"signedKeyId":423,"baseKey":"Ba4c8AKFZ0sOa056D7Sw1Fdkir7qYhOIIq/dfrgyimwZ","preKeyId":8302193}},"BVpJaoTO1zY34IvC/Xp9cm78yS2dVW2vvZqEDWmMinVD":{"registrationId":2040399875,"currentRatchet":{"ephemeralKeyPair":{"pubKey":"BZedSXjYZ8ydNT8ysmvKFFWVFTjWDJyNsu0+X5ma/m5l","privKey":"2C5Myjh4nJ4pmVcQ4iOyQN5CXcF9FFAj8oDkmNbfF00="},"lastRemoteEphemeralKey":"BeVJxhXRMDgRqBcIXJhSkYmEPBlowxC+le2+CneoxYBD","previousCounter":0,"rootKey":"oWIELF4UX9hrtfBboLCG86+5QC4OExCXS//p7AuZrFQ="},"indexInfo":{"baseKey":"BVpJaoTO1zY34IvC/Xp9cm78yS2dVW2vvZqEDWmMinVD","baseKeyType":1,"closed":1743330918088,"used":1743330917972,"created":1743330917972,"remoteIdentityKey":"BVxbGy9nmAyZs+e8rYZNRjjbYqEmwqf9IKYOzPlrUhJE"},"_chains":{"BZedSXjYZ8ydNT8ysmvKFFWVFTjWDJyNsu0+X5ma/m5l":{"chainKey":{"counter":-1,"key":"Q/01Jf9hOaIX1PL0w/tkzyDMmUFSTVHCqMRXU+RPxNQ="},"chainType":1,"messageKeys":{}}},"pendingPreKey":{"signedKeyId":423,"baseKey":"BVpJaoTO1zY34IvC/Xp9cm78yS2dVW2vvZqEDWmMinVD","preKeyId":8302220}},"BQOwH5YCdf99f84Ckc1pPb5kT9+3I/lxk4XY2q61i4J+":{"registrationId":2040399875,"currentRatchet":{"ephemeralKeyPair":{"pubKey":"BWlKiCjjA4xcpLkGhxooM5NTBLdyg4xW+88G6zs4fOJq","privKey":"GM+iA0qJeUkOO/DkjDB1hu6/TdJLPlBrKBIv+xoF5nI="},"lastRemoteEphemeralKey":"BeVJxhXRMDgRqBcIXJhSkYmEPBlowxC+le2+CneoxYBD","previousCounter":0,"rootKey":"cEgdVLFBWkT7Th1Xdg79yC/2S/Gv0vAVUotfJ7Nh/Eg="},"indexInfo":{"baseKey":"BQOwH5YCdf99f84Ckc1pPb5kT9+3I/lxk4XY2q61i4J+","baseKeyType":1,"closed":1743330918677,"used":1743330918087,"created":1743330918087,"remoteIdentityKey":"BVxbGy9nmAyZs+e8rYZNRjjbYqEmwqf9IKYOzPlrUhJE"},"_chains":{"BWlKiCjjA4xcpLkGhxooM5NTBLdyg4xW+88G6zs4fOJq":{"chainKey":{"counter":-1,"key":"sG+w0BjOLnV49pxUDHLi33JU4lHU2Y+8FY9lw75Sfvk="},"chainType":1,"messageKeys":{}}},"pendingPreKey":{"signedKeyId":423,"baseKey":"BQOwH5YCdf99f84Ckc1pPb5kT9+3I/lxk4XY2q61i4J+","preKeyId":8302191}},"BRIONsAQxIRCUxhNs51Xh8XCFJD8ZQwVPLo37TSjSTFF":{"registrationId":2040399875,"currentRatchet":{"ephemeralKeyPair":{"pubKey":"BbW/DSUwni+fqLdyEgl4HQeU/KAzOZp0QKuNgCNpwcZp","privKey":"yBFgKPMGDRKQMf6W5TIOh84a6aB1d5ceAwXNCNMopnA="},"lastRemoteEphemeralKey":"BeVJxhXRMDgRqBcIXJhSkYmEPBlowxC+le2+CneoxYBD","previousCounter":0,"rootKey":"FBrQqkwb3nwCMd9cKxoNhja0lPrzmaOKwOoSUcC1wLk="},"indexInfo":{"baseKey":"BRIONsAQxIRCUxhNs51Xh8XCFJD8ZQwVPLo37TSjSTFF","baseKeyType":1,"closed":1743330918881,"used":1743330918676,"created":1743330918676,"remoteIdentityKey":"BVxbGy9nmAyZs+e8rYZNRjjbYqEmwqf9IKYOzPlrUhJE"},"_chains":{"BbW/DSUwni+fqLdyEgl4HQeU/KAzOZp0QKuNgCNpwcZp":{"chainKey":{"counter":-1,"key":"7A61hotrs1MWS91Oft46H9hUna4eQW4p8O3xZUQHwGI="},"chainType":1,"messageKeys":{}}},"pendingPreKey":{"signedKeyId":423,"baseKey":"BRIONsAQxIRCUxhNs51Xh8XCFJD8ZQwVPLo37TSjSTFF","preKeyId":8302209}},"BW+udHpUhp8wBlmql7tQxXhqhasNpHIqcWTF53eARuM4":{"registrationId":2040399875,"currentRatchet":{"ephemeralKeyPair":{"pubKey":"BWP7MCkNR4tLYXsDSfe/5tzQa/GFDyPXAiksJvpzXBkJ","privKey":"+LbuICPk3xQEq2U2KJMApPtZpagsCJup1WO3Q0Ht82E="},"lastRemoteEphemeralKey":"BeVJxhXRMDgRqBcIXJhSkYmEPBlowxC+le2+CneoxYBD","previousCounter":0,"rootKey":"CQGzFD/DFGt5Yki32hwSpqAo2YcVERMdNJoYtXHPKGo="},"indexInfo":{"baseKey":"BW+udHpUhp8wBlmql7tQxXhqhasNpHIqcWTF53eARuM4","baseKeyType":1,"closed":1743330919002,"used":1743330918880,"created":1743330918880,"remoteIdentityKey":"BVxbGy9nmAyZs+e8rYZNRjjbYqEmwqf9IKYOzPlrUhJE"},"_chains":{"BWP7MCkNR4tLYXsDSfe/5tzQa/GFDyPXAiksJvpzXBkJ":{"chainKey":{"counter":-1,"key":"4nmbJLYX+P1byH9nV7g5JNZQWVzsE+FwmShWGPkZTyE="},"chainType":1,"messageKeys":{}}},"pendingPreKey":{"signedKeyId":423,"baseKey":"BW+udHpUhp8wBlmql7tQxXhqhasNpHIqcWTF53eARuM4","preKeyId":8302264}},"BRYHs/W96fFiaIzpHxQQ2dcPQCT4NTIjA5olta4V6AV+":{"registrationId":2040399875,"currentRatchet":{"ephemeralKeyPair":{"pubKey":"BY7DP2skiEn6UuIwxTS0oGvUFtg88XXMwVo1P2txduNa","privKey":"cNb++jVTOMz6rHea1zNWvSP+VUC9OgJLUbaEASbn02k="},"lastRemoteEphemeralKey":"BeVJxhXRMDgRqBcIXJhSkYmEPBlowxC+le2+CneoxYBD","previousCounter":0,"rootKey":"nfccAQBfuhwiKCrknCDSRF5JhGp4xw+SZF2p1IcGA/g="},"indexInfo":{"baseKey":"BRYHs/W96fFiaIzpHxQQ2dcPQCT4NTIjA5olta4V6AV+","baseKeyType":1,"closed":1743330919121,"used":1743330919001,"created":1743330919001,"remoteIdentityKey":"BVxbGy9nmAyZs+e8rYZNRjjbYqEmwqf9IKYOzPlrUhJE"},"_chains":{"BY7DP2skiEn6UuIwxTS0oGvUFtg88XXMwVo1P2txduNa":{"chainKey":{"counter":-1,"key":"NNNJfToI+mwMkYyApjtHvEFqULNULg/CaKVFx/hRJy8="},"chainType":1,"messageKeys":{}}},"pendingPreKey":{"signedKeyId":423,"baseKey":"BRYHs/W96fFiaIzpHxQQ2dcPQCT4NTIjA5olta4V6AV+","preKeyId":8302079}},"BeniXQcWwrmGlJhE05SyNMcksRRsrd41ETR2TOmhI5JS":{"registrationId":2040399875,"currentRatchet":{"ephemeralKeyPair":{"pubKey":"BYFrXsOMCz5/OXp4iQpQRi2cBbHMT8LwuR9PPwHNViUK","privKey":"EAotzSiWZBS60umqd2z/c0cKqZxncUJ94qBSxk2cuGA="},"lastRemoteEphemeralKey":"BeVJxhXRMDgRqBcIXJhSkYmEPBlowxC+le2+CneoxYBD","previousCounter":0,"rootKey":"W0b8NBLR/ckvH6D8I99BM0B55LP6wygoGApxaoRiswQ="},"indexInfo":{"baseKey":"BeniXQcWwrmGlJhE05SyNMcksRRsrd41ETR2TOmhI5JS","baseKeyType":1,"closed":1743330919298,"used":1743330919119,"created":1743330919119,"remoteIdentityKey":"BVxbGy9nmAyZs+e8rYZNRjjbYqEmwqf9IKYOzPlrUhJE"},"_chains":{"BYFrXsOMCz5/OXp4iQpQRi2cBbHMT8LwuR9PPwHNViUK":{"chainKey":{"counter":-1,"key":"GqyW6K3mtHyI4yn1dvGqomuOqjtyn8amt8tDavrvrA4="},"chainType":1,"messageKeys":{}}},"pendingPreKey":{"signedKeyId":423,"baseKey":"BeniXQcWwrmGlJhE05SyNMcksRRsrd41ETR2TOmhI5JS","preKeyId":8302234}},"BZMw44SVIJ2EAdbTKWj3ZaZR5zd1vVzLD1axeOOUsPca":{"registrationId":2040399875,"currentRatchet":{"ephemeralKeyPair":{"pubKey":"BUcGco0Q1i1MXs0XvQ1moUhkCLR90sqVwtLishkzZ3Fg","privKey":"CMGi67VFQxC7cOPPX5eFWyDjsOkJV1bW7Y9PVmxiFXE="},"lastRemoteEphemeralKey":"BeVJxhXRMDgRqBcIXJhSkYmEPBlowxC+le2+CneoxYBD","previousCounter":0,"rootKey":"uyhf2ZX0FGrqbfbpJeQ7rZabDIpMlrYaB4cZ48Tn4RM="},"indexInfo":{"baseKey":"BZMw44SVIJ2EAdbTKWj3ZaZR5zd1vVzLD1axeOOUsPca","baseKeyType":1,"closed":1743330919522,"used":1743330919296,"created":1743330919296,"remoteIdentityKey":"BVxbGy9nmAyZs+e8rYZNRjjbYqEmwqf9IKYOzPlrUhJE"},"_chains":{"BUcGco0Q1i1MXs0XvQ1moUhkCLR90sqVwtLishkzZ3Fg":{"chainKey":{"counter":-1,"key":"gXA9jn2N/C883Y3cWk9U4Eh88SjpK8lr7PasspKQrkc="},"chainType":1,"messageKeys":{}}},"pendingPreKey":{"signedKeyId":423,"baseKey":"BZMw44SVIJ2EAdbTKWj3ZaZR5zd1vVzLD1axeOOUsPca","preKeyId":8302029}},"BWLBhRLrMGpajKPPJpKV6GkGXA3eB/n/nhKREUzkF+pk":{"registrationId":2040399875,"currentRatchet":{"ephemeralKeyPair":{"pubKey":"BQaL/fW02B6qWdqPxDPJlVo7BCxvocW7ppCGMV+pFOxn","privKey":"YFfBfZxlE1hRKvlDsB00EqnbjTHWie95bKvzRNi3K2Y="},"lastRemoteEphemeralKey":"BeVJxhXRMDgRqBcIXJhSkYmEPBlowxC+le2+CneoxYBD","previousCounter":0,"rootKey":"Myz6m1D4dpclu7qqvn4Z52g1tH9crI1icqMZhAK3uJI="},"indexInfo":{"baseKey":"BWLBhRLrMGpajKPPJpKV6GkGXA3eB/n/nhKREUzkF+pk","baseKeyType":1,"closed":1743330919640,"used":1743330919520,"created":1743330919520,"remoteIdentityKey":"BVxbGy9nmAyZs+e8rYZNRjjbYqEmwqf9IKYOzPlrUhJE"},"_chains":{"BQaL/fW02B6qWdqPxDPJlVo7BCxvocW7ppCGMV+pFOxn":{"chainKey":{"counter":-1,"key":"31EGUYop2JXRb+HpHN/N0w0EyTu3jTRJUX59T5Fvi8U="},"chainType":1,"messageKeys":{}}},"pendingPreKey":{"signedKeyId":423,"baseKey":"BWLBhRLrMGpajKPPJpKV6GkGXA3eB/n/nhKREUzkF+pk","preKeyId":8302076}},"BXXzaMqAiVSESZfnUPAGkJN9r50QPnnBP2gQHXdziDFY":{"registrationId":2040399875,"currentRatchet":{"ephemeralKeyPair":{"pubKey":"BdMkYCJqYRZK1TxY390UL0L5aV1aD52V+7qZ/ceDqrck","privKey":"4E8Q4kolKHgYBd4kK6qjNiYMKs+Y/7ATENY6zJqpv38="},"lastRemoteEphemeralKey":"BeVJxhXRMDgRqBcIXJhSkYmEPBlowxC+le2+CneoxYBD","previousCounter":0,"rootKey":"vOF0oae6sBr7X/1L1YKvmpf8+Fq4NqXoYXE56Kz82E8="},"indexInfo":{"baseKey":"BXXzaMqAiVSESZfnUPAGkJN9r50QPnnBP2gQHXdziDFY","baseKeyType":1,"closed":1743330919753,"used":1743330919639,"created":1743330919639,"remoteIdentityKey":"BVxbGy9nmAyZs+e8rYZNRjjbYqEmwqf9IKYOzPlrUhJE"},"_chains":{"BdMkYCJqYRZK1TxY390UL0L5aV1aD52V+7qZ/ceDqrck":{"chainKey":{"counter":-1,"key":"KzEf62VGjoCSJtBgbO5r7EF3yq00UTFjjYgxDqq6Nrc="},"chainType":1,"messageKeys":{}}},"pendingPreKey":{"signedKeyId":423,"baseKey":"BXXzaMqAiVSESZfnUPAGkJN9r50QPnnBP2gQHXdziDFY","preKeyId":8302441}},"BTBFkDa+RivDnKlYsnhYAj8GYMKfZ3Pn0y5ncXv++alH":{"registrationId":2040399875,"currentRatchet":{"ephemeralKeyPair":{"pubKey":"BSIQE2LemL9jxM6ePZsj4Z7xnerHoQx7TnQKENAKzt4c","privKey":"+EkyNwErc4aWhR+/PchszMDMeP3A3ZbPwsQ6tclJr1U="},"lastRemoteEphemeralKey":"BeVJxhXRMDgRqBcIXJhSkYmEPBlowxC+le2+CneoxYBD","previousCounter":0,"rootKey":"w8z0/1yArAQArB0VbiddUWC28KKaEFw5yR1wVH56aqE="},"indexInfo":{"baseKey":"BTBFkDa+RivDnKlYsnhYAj8GYMKfZ3Pn0y5ncXv++alH","baseKeyType":1,"closed":1743330919944,"used":1743330919752,"created":1743330919752,"remoteIdentityKey":"BVxbGy9nmAyZs+e8rYZNRjjbYqEmwqf9IKYOzPlrUhJE"},"_chains":{"BSIQE2LemL9jxM6ePZsj4Z7xnerHoQx7TnQKENAKzt4c":{"chainKey":{"counter":-1,"key":"zaAJYGFocS4RORukBJiWEIX6NR3uZYtcupFvHu6ypS4="},"chainType":1,"messageKeys":{}}},"pendingPreKey":{"signedKeyId":423,"baseKey":"BTBFkDa+RivDnKlYsnhYAj8GYMKfZ3Pn0y5ncXv++alH","preKeyId":8302283}},"BfT7kLe2Ui4o4SXAmT6aWfyDdSpwYBjD6JPgMmcFgVFw":{"registrationId":2040399875,"currentRatchet":{"ephemeralKeyPair":{"pubKey":"Bft2750dGENDld6qRUfAmGZ2GrHLtThhyrRhkwIGtdY3","privKey":"mBgM6O6sIuy9N9py9Lo2ssPLGvcKt7ySrkDZrXWm8Hw="},"lastRemoteEphemeralKey":"BeVJxhXRMDgRqBcIXJhSkYmEPBlowxC+le2+CneoxYBD","previousCounter":0,"rootKey":"wzEFapAHmdHNkwwGmU5996az4T1nOonVBKNbqak+eXQ="},"indexInfo":{"baseKey":"BfT7kLe2Ui4o4SXAmT6aWfyDdSpwYBjD6JPgMmcFgVFw","baseKeyType":1,"closed":1743330920657,"used":1743330919943,"created":1743330919943,"remoteIdentityKey":"BVxbGy9nmAyZs+e8rYZNRjjbYqEmwqf9IKYOzPlrUhJE"},"_chains":{"Bft2750dGENDld6qRUfAmGZ2GrHLtThhyrRhkwIGtdY3":{"chainKey":{"counter":-1,"key":"GkfaBy+2tZIrDk7hty6lyrzYFAyGsR6c3fNzLwRtoAg="},"chainType":1,"messageKeys":{}}},"pendingPreKey":{"signedKeyId":423,"baseKey":"BfT7kLe2Ui4o4SXAmT6aWfyDdSpwYBjD6JPgMmcFgVFw","preKeyId":8302083}},"BUuKEhebU+irl021zY+OjmpYrUgIKn6DS1nf0BeifLUR":{"registrationId":2040399875,"currentRatchet":{"ephemeralKeyPair":{"pubKey":"BWYdTKxaVZZsqP7mao82kBzeoZwlMHiZWDVRWYd4SXIl","privKey":"gKEEnIk+05ZXc47uXtUdKWZh+kV63k57UL4uz7JXx0E="},"lastRemoteEphemeralKey":"BeVJxhXRMDgRqBcIXJhSkYmEPBlowxC+le2+CneoxYBD","previousCounter":0,"rootKey":"/mP9UHuBJoQZxHbHrdFFnZZnFLgXBsQe6HVryg2moGo="},"indexInfo":{"baseKey":"BUuKEhebU+irl021zY+OjmpYrUgIKn6DS1nf0BeifLUR","baseKeyType":1,"closed":1743330921354,"used":1743330920656,"created":1743330920656,"remoteIdentityKey":"BVxbGy9nmAyZs+e8rYZNRjjbYqEmwqf9IKYOzPlrUhJE"},"_chains":{"BWYdTKxaVZZsqP7mao82kBzeoZwlMHiZWDVRWYd4SXIl":{"chainKey":{"counter":-1,"key":"fbZaQrB5hA1+PhoB0FzS16oG0W5mrnv+v8wFqpk+64k="},"chainType":1,"messageKeys":{}}},"pendingPreKey":{"signedKeyId":423,"baseKey":"BUuKEhebU+irl021zY+OjmpYrUgIKn6DS1nf0BeifLUR","preKeyId":8302068}},"BZW9jHuaBwW5sZG3reR15xCOxAuDxt7+QpdfVgmkGbww":{"registrationId":2040399875,"currentRatchet":{"ephemeralKeyPair":{"pubKey":"BaRYPsTUnIMnkY7ptAo7+RGXhXPs012NrbzuWG7wfNM8","privKey":"OOI3XrdPEHq7RhwyJdTlc6i0X8R1zL6Ngby6Fm+U108="},"lastRemoteEphemeralKey":"BeVJxhXRMDgRqBcIXJhSkYmEPBlowxC+le2+CneoxYBD","previousCounter":0,"rootKey":"srP/KBtYJFMxpEYn4i2nvxNyTASdrqIDHZEiGzthVlw="},"indexInfo":{"baseKey":"BZW9jHuaBwW5sZG3reR15xCOxAuDxt7+QpdfVgmkGbww","baseKeyType":1,"closed":1743330921471,"used":1743330921353,"created":1743330921353,"remoteIdentityKey":"BVxbGy9nmAyZs+e8rYZNRjjbYqEmwqf9IKYOzPlrUhJE"},"_chains":{"BaRYPsTUnIMnkY7ptAo7+RGXhXPs012NrbzuWG7wfNM8":{"chainKey":{"counter":-1,"key":"o9kveEVsypN67TlWUceo0j+pnMQM8YrjgSxJuE3yuIg="},"chainType":1,"messageKeys":{}}},"pendingPreKey":{"signedKeyId":423,"baseKey":"BZW9jHuaBwW5sZG3reR15xCOxAuDxt7+QpdfVgmkGbww","preKeyId":8301985}},"BfvZfcO2PKTSbbIX/uYlxhrO5qv/lI4k2VCOO88toTUW":{"registrationId":2040399875,"currentRatchet":{"ephemeralKeyPair":{"pubKey":"Bbtd4DSX3ShIeSbp5a/6mEi426ry3P57gK0Yyglx+CED","privKey":"eDzD+l3IC1TBrr6g5IDogw0XpVSDE7qzI0pOV94qgEM="},"lastRemoteEphemeralKey":"BeVJxhXRMDgRqBcIXJhSkYmEPBlowxC+le2+CneoxYBD","previousCounter":0,"rootKey":"TeUHo4Z54qahQP5/PF/AqtKG5SatAedyZR1b/6/CvuE="},"indexInfo":{"baseKey":"BfvZfcO2PKTSbbIX/uYlxhrO5qv/lI4k2VCOO88toTUW","baseKeyType":1,"closed":1743330921675,"used":1743330921471,"created":1743330921471,"remoteIdentityKey":"BVxbGy9nmAyZs+e8rYZNRjjbYqEmwqf9IKYOzPlrUhJE"},"_chains":{"Bbtd4DSX3ShIeSbp5a/6mEi426ry3P57gK0Yyglx+CED":{"chainKey":{"counter":-1,"key":"+0pmQ0ppd21xl4TT+7ntdC3GgYpW6dCck/jqtlDGyCc="},"chainType":1,"messageKeys":{}}},"pendingPreKey":{"signedKeyId":423,"baseKey":"BfvZfcO2PKTSbbIX/uYlxhrO5qv/lI4k2VCOO88toTUW","preKeyId":8302005}},"BXOZ4ZFn+3raLaPt0WjKuZg5BbYYBhWe60DxN2DOYDV/":{"registrationId":2040399875,"currentRatchet":{"ephemeralKeyPair":{"pubKey":"BcvqAld2FdbJ0KFYP0giy0s5tGf9JtBaj3UNXF4Ulz96","privKey":"4KT33lJ59014+0eUBlb7FtY9fuTSk9Y1GDIMQQIOl30="},"lastRemoteEphemeralKey":"BeVJxhXRMDgRqBcIXJhSkYmEPBlowxC+le2+CneoxYBD","previousCounter":0,"rootKey":"NkdS8vkAYHhLN9dlPz6CGHpBhzN8nK/CiYsnlg4syyY="},"indexInfo":{"baseKey":"BXOZ4ZFn+3raLaPt0WjKuZg5BbYYBhWe60DxN2DOYDV/","baseKeyType":1,"closed":1743330922322,"used":1743330921675,"created":1743330921675,"remoteIdentityKey":"BVxbGy9nmAyZs+e8rYZNRjjbYqEmwqf9IKYOzPlrUhJE"},"_chains":{"BcvqAld2FdbJ0KFYP0giy0s5tGf9JtBaj3UNXF4Ulz96":{"chainKey":{"counter":-1,"key":"uaLMY/MtxvuBpxbI7aM3241lqIE5QVe1PQV59OlIbCU="},"chainType":1,"messageKeys":{}}},"pendingPreKey":{"signedKeyId":423,"baseKey":"BXOZ4ZFn+3raLaPt0WjKuZg5BbYYBhWe60DxN2DOYDV/","preKeyId":8302198}},"BUSZA+tIvIS2xANeKTB4DUMmNvq1DlWPTkBCrkBVb6NK":{"registrationId":2040399875,"currentRatchet":{"ephemeralKeyPair":{"pubKey":"BUGoEO77rQwz60F8PuFh8DN/lweL1zGLOAHkL6fAG0h3","privKey":"OHF0TL2LdYRLi15cSkLzUa+loQPfSjxTV0xO7XgseF8="},"lastRemoteEphemeralKey":"BeVJxhXRMDgRqBcIXJhSkYmEPBlowxC+le2+CneoxYBD","previousCounter":0,"rootKey":"oiUnu7cmtupekiMsmRzjjQKgLNh7gqwru1LbpLSkA/M="},"indexInfo":{"baseKey":"BUSZA+tIvIS2xANeKTB4DUMmNvq1DlWPTkBCrkBVb6NK","baseKeyType":1,"closed":1743330922438,"used":1743330922321,"created":1743330922321,"remoteIdentityKey":"BVxbGy9nmAyZs+e8rYZNRjjbYqEmwqf9IKYOzPlrUhJE"},"_chains":{"BUGoEO77rQwz60F8PuFh8DN/lweL1zGLOAHkL6fAG0h3":{"chainKey":{"counter":-1,"key":"wumgxg7Nkb2RrJnZsstepZccyHDq8nYoz2iF68ror9Y="},"chainType":1,"messageKeys":{}}},"pendingPreKey":{"signedKeyId":423,"baseKey":"BUSZA+tIvIS2xANeKTB4DUMmNvq1DlWPTkBCrkBVb6NK","preKeyId":8302216}},"BRv7sh8y3gtKtmb84kxsCrCUahFdfZu/kQoj7jKyNIs8":{"registrationId":2040399875,"currentRatchet":{"ephemeralKeyPair":{"pubKey":"BYnWIDKaqrZ7kT97iKtI6c/iCii/5AoDmYxv0lb8yN1X","privKey":"YIqhMK+avkO8TGPzLo413l4rrI4EVmYjVAPmDMRdylU="},"lastRemoteEphemeralKey":"BeVJxhXRMDgRqBcIXJhSkYmEPBlowxC+le2+CneoxYBD","previousCounter":0,"rootKey":"rXOmOETCeYt+C2/9K6GoosXSDJvDI3Ir9oJheiMj9jM="},"indexInfo":{"baseKey":"BRv7sh8y3gtKtmb84kxsCrCUahFdfZu/kQoj7jKyNIs8","baseKeyType":1,"closed":-1,"used":1743330922437,"created":1743330922437,"remoteIdentityKey":"BVxbGy9nmAyZs+e8rYZNRjjbYqEmwqf9IKYOzPlrUhJE"},"_chains":{"BYnWIDKaqrZ7kT97iKtI6c/iCii/5AoDmYxv0lb8yN1X":{"chainKey":{"counter":-1,"key":"CGykWBLjDOXBC/A6uzyk3/W6cAQ5b0ZXe5rh/8ZgDfY="},"chainType":1,"messageKeys":{}}},"pendingPreKey":{"signedKeyId":423,"baseKey":"BRv7sh8y3gtKtmb84kxsCrCUahFdfZu/kQoj7jKyNIs8","preKeyId":8302101}}},"version":"v1"}