{"_sessions":{"BcngBtDpMu3ouNzqOS7j2mAuc8wOmPj87bBke6PpZadz":{"registrationId":10533,"currentRatchet":{"ephemeralKeyPair":{"pubKey":"BWvDpTJUMR5PmR+zhB76ZHoOsEBj/TY6aza9H3XH2Wcb","privKey":"6ONe8agr8f809a/FVE1QwxeGy2POCEj1rL+3Oxgwk2c="},"lastRemoteEphemeralKey":"BZncavjdFUrixgSPbo/4flYimAQ/RzfkPM5UmUhEBkEB","previousCounter":0,"rootKey":"XawpXpphxi6sxlpQtciFXukFZT4Z7T0jGPT7pUl4jD0="},"indexInfo":{"baseKey":"BcngBtDpMu3ouNzqOS7j2mAuc8wOmPj87bBke6PpZadz","baseKeyType":1,"closed":-1,"used":1743257536736,"created":1743257536736,"remoteIdentityKey":"BWaqvyx7q9rO2A5B9oB00FDcJq2pu7vgiFR2H5+eZCtu"},"_chains":{"BWvDpTJUMR5PmR+zhB76ZHoOsEBj/TY6aza9H3XH2Wcb":{"chainKey":{"counter":105,"key":"jdc7EaGqjCxzDlPjyxLpa2+alRvJF/b4UPVFbYWeEJY="},"chainType":1,"messageKeys":{}}},"pendingPreKey":{"signedKeyId":1,"baseKey":"BcngBtDpMu3ouNzqOS7j2mAuc8wOmPj87bBke6PpZadz","preKeyId":57}}},"version":"v1"}