{"_sessions":{"BUrHmp4UMB/llucSDpuTOWzqIZL3KhM4HBvQ6AjTMmMk":{"registrationId":492496178,"currentRatchet":{"ephemeralKeyPair":{"pubKey":"BXge0E/XNxrwYTaYBlPoZgD8KnM0K0tBN6ndCHYKbqlR","privKey":"IKQWVUeA4xc/X8AXw0OJTQrz7zVXmJ2uSsLCM8k4q3s="},"lastRemoteEphemeralKey":"BVscrz3HOKr/A2EUI1sbEMEZsNcVd+ttXK58glmk4pVi","previousCounter":10,"rootKey":"D7XUzCREyH/HGv90vVpdEkZcye39EHnB3CDhSZHsWCw="},"indexInfo":{"baseKey":"BUrHmp4UMB/llucSDpuTOWzqIZL3KhM4HBvQ6AjTMmMk","baseKeyType":1,"closed":1743329405033,"used":1743319953408,"created":1743257675953,"remoteIdentityKey":"Bfi3mhxHdEKoWg1XocA22uZAgz4x8z311pMGfRTprNYl"},"_chains":{"BVscrz3HOKr/A2EUI1sbEMEZsNcVd+ttXK58glmk4pVi":{"chainKey":{"counter":3,"key":"TrQNLj4J2h/gKEm8qcRV9bN0REU8IxtMh417TabTKBY="},"chainType":2,"messageKeys":{}},"BXge0E/XNxrwYTaYBlPoZgD8KnM0K0tBN6ndCHYKbqlR":{"chainKey":{"counter":84,"key":"wlaFdvUOKVYx+hcBjjvF09lomODh9/VaENp1KsM3qYs="},"chainType":1,"messageKeys":{}}}},"BZyOu9JZ+58XaHp1sB8RHNQZiQpOMW3KN47SxL/D0t8F":{"registrationId":492496178,"currentRatchet":{"ephemeralKeyPair":{"pubKey":"BULO6BClPS+o7zYV5rPwml/HhtiwKvSz03B6XxaKoVp8","privKey":"8ACwCzxzMhY5Gw0ol5eqnQL8gvbZ+g2MvgPja7ptA1A="},"lastRemoteEphemeralKey":"BcLLVh5860+zRWPLJ8V6cXOGafWDsUewwCU/v4K2qfUN","previousCounter":0,"rootKey":"Oao3qdRusyX00LXzFS3Q/5y6QucsRTJ46USguYsTqGU="},"indexInfo":{"baseKey":"BZyOu9JZ+58XaHp1sB8RHNQZiQpOMW3KN47SxL/D0t8F","baseKeyType":1,"closed":-1,"used":1743329405030,"created":1743329405030,"remoteIdentityKey":"Bfi3mhxHdEKoWg1XocA22uZAgz4x8z311pMGfRTprNYl"},"_chains":{"BULO6BClPS+o7zYV5rPwml/HhtiwKvSz03B6XxaKoVp8":{"chainKey":{"counter":13,"key":"hnCSostanp5nO96hCd3838KOndLHWqfXhQKvY67E9xg="},"chainType":1,"messageKeys":{}}},"pendingPreKey":{"signedKeyId":15262733,"baseKey":"BZyOu9JZ+58XaHp1sB8RHNQZiQpOMW3KN47SxL/D0t8F","preKeyId":34590}}},"version":"v1"}