{"_sessions":{"BV7oiUBQJSnb9gsBszaC0IQKX7o0c5Vvngacfe1QOQFp":{"registrationId":593140061,"currentRatchet":{"ephemeralKeyPair":{"pubKey":"BZ/HNRM/TL+gvjzf6WGCBJiYUBz1vXMHwLVmd1/Pfz9O","privKey":"UC70Ya3NFcM0HVDBpwjCaOuzW9fqcN/ID0NuXwiPkn0="},"lastRemoteEphemeralKey":"BUeMFcPDPX230IyMYEScEZVSWSDTpi9Y+go/Vip0P19t","previousCounter":13,"rootKey":"ljZuldQomlwxXFzmud/a59rerIFPlT32bkkURCc/qjE="},"indexInfo":{"baseKey":"BV7oiUBQJSnb9gsBszaC0IQKX7o0c5Vvngacfe1QOQFp","baseKeyType":1,"closed":1743329293226,"used":1743320810530,"created":1743257675504,"remoteIdentityKey":"Bcj31RjZFDJ8crtRUbHp5mRLdwyd1ByYsQqRvVmeP5p4"},"_chains":{"BUeMFcPDPX230IyMYEScEZVSWSDTpi9Y+go/Vip0P19t":{"chainKey":{"counter":0,"key":"1SYTl2+IrsNvzSI+KrnE/F1iWjig0pyGtDHd+MI9DS8="},"chainType":2,"messageKeys":{}},"BZ/HNRM/TL+gvjzf6WGCBJiYUBz1vXMHwLVmd1/Pfz9O":{"chainKey":{"counter":40,"key":"WFBYHdUh7BfzROnCyE/oJZEf8kEQ4Mh65NdYj/yOYoI="},"chainType":1,"messageKeys":{}}}},"BZaiR1ihiSMUTeSMC5cfFXcEWmKyFuPo5LbCZMsCnD5M":{"registrationId":593140061,"currentRatchet":{"ephemeralKeyPair":{"pubKey":"BYgmCHbTpT6uM+NJGVSDMS0+Q1cgTBJVH71pXz6TmTY8","privKey":"aB1SlBCwm9K2eSjmeXk1izuZDXIwvEShzxMMXQD0HXM="},"lastRemoteEphemeralKey":"BfBB84yD0s1H2t81z64OMk3bcix6z+7c4KGqLwec+dY3","previousCounter":0,"rootKey":"mH0xYMgylMVxHrUE1M7OEUa8aOx2C2hF83UHpBgnIEI="},"indexInfo":{"baseKey":"BZaiR1ihiSMUTeSMC5cfFXcEWmKyFuPo5LbCZMsCnD5M","baseKeyType":1,"closed":1743329349816,"used":1743329293226,"created":1743329293226,"remoteIdentityKey":"Bcj31RjZFDJ8crtRUbHp5mRLdwyd1ByYsQqRvVmeP5p4"},"_chains":{"BYgmCHbTpT6uM+NJGVSDMS0+Q1cgTBJVH71pXz6TmTY8":{"chainKey":{"counter":23,"key":"NHrdM7n/2hv5Hu560Nc2xROvgzYUiQtVe+nRGxBY8fM="},"chainType":1,"messageKeys":{}}},"pendingPreKey":{"signedKeyId":5085853,"baseKey":"BZaiR1ihiSMUTeSMC5cfFXcEWmKyFuPo5LbCZMsCnD5M","preKeyId":3231}},"BZKstAfoQW8jvo6gl8LQ3uj0rYmko6Sy1XW/EWZVY40V":{"registrationId":593140061,"currentRatchet":{"ephemeralKeyPair":{"pubKey":"BQJVPA6gHZMCjluvLVxRG/6boSRHb6ZsmtMGs4CKMgRT","privKey":"WNExN6tAmE6lcIl+49LTtGtPqrayGBpmrCDZLupAP24="},"lastRemoteEphemeralKey":"BfBB84yD0s1H2t81z64OMk3bcix6z+7c4KGqLwec+dY3","previousCounter":0,"rootKey":"yZfCyJwcmaTy4Cmit271FI56mW2pZ2Fc0AUPyzu31+A="},"indexInfo":{"baseKey":"BZKstAfoQW8jvo6gl8LQ3uj0rYmko6Sy1XW/EWZVY40V","baseKeyType":1,"closed":-1,"used":1743329349815,"created":1743329349815,"remoteIdentityKey":"Bcj31RjZFDJ8crtRUbHp5mRLdwyd1ByYsQqRvVmeP5p4"},"_chains":{"BQJVPA6gHZMCjluvLVxRG/6boSRHb6ZsmtMGs4CKMgRT":{"chainKey":{"counter":21,"key":"AclkIq5uUkUd1Wf/gqcIduC+SLdI4xuk85cwSkMlgjA="},"chainType":1,"messageKeys":{}}},"pendingPreKey":{"signedKeyId":5085853,"baseKey":"BZKstAfoQW8jvo6gl8LQ3uj0rYmko6Sy1XW/EWZVY40V","preKeyId":2575}}},"version":"v1"}