{"_sessions":{"BXWu+WBu5/8W//kTzPJikrzPSwm+xcvmSeaJIHqJSdpM":{"registrationId":1372990691,"currentRatchet":{"ephemeralKeyPair":{"pubKey":"BbcIe1bHJAuUuh/FCkhvSUPzYfDKZPg6RwmXjSWDd2tD","privKey":"MHg0Y/sMUfsotcsEHlVbaTNa8+lS7cpPVzOOh4xtYUc="},"lastRemoteEphemeralKey":"BXoMKV4o2s0MY6zmX/2qPuZp+EFYd4gpdu3MKVpHHKlo","previousCounter":0,"rootKey":"8RgHxfG4U9yJoRazgnLkbAX5U82wkZgRcpzUpHz79SI="},"indexInfo":{"baseKey":"BXWu+WBu5/8W//kTzPJikrzPSwm+xcvmSeaJIHqJSdpM","baseKeyType":1,"closed":1743329326956,"used":1743319956781,"created":1743319956781,"remoteIdentityKey":"BQ9/2aeGxgsPduPf4HUlWxcTnOCerk3gAiKKZOHcTc9R"},"_chains":{"BbcIe1bHJAuUuh/FCkhvSUPzYfDKZPg6RwmXjSWDd2tD":{"chainKey":{"counter":56,"key":"yKpML/Km/iCTjjv3aBuw9cMqlbyXOcP1BPxgdVi+cLU="},"chainType":1,"messageKeys":{}}},"pendingPreKey":{"signedKeyId":4806958,"baseKey":"BXWu+WBu5/8W//kTzPJikrzPSwm+xcvmSeaJIHqJSdpM","preKeyId":28}},"Bcs1XB2gyMbKN1RNJfC1t4HGPh1wYwW27Az0HVVN1k4z":{"registrationId":1372990691,"currentRatchet":{"ephemeralKeyPair":{"pubKey":"BfUc5KBCYRfviwGRrBlxthAQMkV9sNN4aksqU+OUICRs","privKey":"4Fu3WHeZovqTnuzpsX6TYux+qEn8BbIhDWNQxYhXO3Y="},"lastRemoteEphemeralKey":"BXoMKV4o2s0MY6zmX/2qPuZp+EFYd4gpdu3MKVpHHKlo","previousCounter":0,"rootKey":"pwkPgBWFJnEUGdtTMewL6MkI9zCNDI1uRP07PAnojMc="},"indexInfo":{"baseKey":"Bcs1XB2gyMbKN1RNJfC1t4HGPh1wYwW27Az0HVVN1k4z","baseKeyType":1,"closed":-1,"used":1743329326955,"created":1743329326955,"remoteIdentityKey":"BQ9/2aeGxgsPduPf4HUlWxcTnOCerk3gAiKKZOHcTc9R"},"_chains":{"BfUc5KBCYRfviwGRrBlxthAQMkV9sNN4aksqU+OUICRs":{"chainKey":{"counter":41,"key":"c+pS+byrEO+Drp1/SjWfvlb456XXUVkkwOCG8FzsegA="},"chainType":1,"messageKeys":{}}},"pendingPreKey":{"signedKeyId":4806958,"baseKey":"Bcs1XB2gyMbKN1RNJfC1t4HGPh1wYwW27Az0HVVN1k4z","preKeyId":778}}},"version":"v1"}