{"_sessions":{"BQOmZ9cwDANrme+ySkTJpAefvuiquyB/fpYUrZvfBOBv":{"registrationId":1536999025,"currentRatchet":{"ephemeralKeyPair":{"pubKey":"BYOVRKFe34BonTP98t/IdYAjpgAhXubCFgdl0z7P2K4J","privKey":"wIwP4hPtfswjtp4o9A8Ln8aKPvbuJFl1VR9SoIGVcFY="},"lastRemoteEphemeralKey":"BUzYJ1jpVQrw/zOYweaY8fVdi9dehsINEintX69ESUZ6","previousCounter":0,"rootKey":"1xAEXJ60qgqu2kQvfGdcMOAtJ9OtJRH376Zrp87NYBQ="},"indexInfo":{"baseKey":"BQOmZ9cwDANrme+ySkTJpAefvuiquyB/fpYUrZvfBOBv","baseKeyType":1,"closed":-1,"used":1743257675966,"created":1743257675966,"remoteIdentityKey":"BYZ3qKE/O9Q4ojkhaoOsD0PhPzNpU2EcPPhVMAYMcXsq"},"_chains":{"BYOVRKFe34BonTP98t/IdYAjpgAhXubCFgdl0z7P2K4J":{"chainKey":{"counter":109,"key":"rPZepPxImLzmY5AKvuVTzyaovltp+obxSGWozUNFius="},"chainType":1,"messageKeys":{}}},"pendingPreKey":{"signedKeyId":2869897,"baseKey":"BQOmZ9cwDANrme+ySkTJpAefvuiquyB/fpYUrZvfBOBv","preKeyId":3592}}},"version":"v1"}