{"_sessions":{"BbWt322956dcP2ojMt8AccwWGKMSpuqWqL2SUD48HGs1":{"registrationId":13826021,"currentRatchet":{"ephemeralKeyPair":{"pubKey":"BeMjAs46BQ5+y2w12hxXLP2i9UmlI/RXjLvIBCw9PCQ4","privKey":"mIshTvsFeUtHasd4jgA5fpAceXY+VkLbp7UIAvU2U20="},"lastRemoteEphemeralKey":"BeKmy36fKMeTLkCOBlFPc7FHhQbp911Nng4lcHtdUAFS","previousCounter":0,"rootKey":"0FjfQM/1nSmuRdtKBhXuOZz1zRm4hjnzk2wS6EojBcI="},"indexInfo":{"baseKey":"BbWt322956dcP2ojMt8AccwWGKMSpuqWqL2SUD48HGs1","baseKeyType":1,"closed":1743329355650,"used":1743257675488,"created":1743257675488,"remoteIdentityKey":"Bbcn7O5j9aj1Yq5Lqx69i09W4f1Wvuo5+yQVdg9EHsQy"},"_chains":{"BeMjAs46BQ5+y2w12hxXLP2i9UmlI/RXjLvIBCw9PCQ4":{"chainKey":{"counter":80,"key":"tdRoudtKOrFrbDw6uGmVSrvc/ffUxvm4jdbnqUYynzE="},"chainType":1,"messageKeys":{}}},"pendingPreKey":{"signedKeyId":13475396,"baseKey":"BbWt322956dcP2ojMt8AccwWGKMSpuqWqL2SUD48HGs1","preKeyId":1066}},"Bfxrzn9BBXfYPBA6DgbdaUz9KqM0Um9nV9fN8HHrOqQ5":{"registrationId":13826021,"currentRatchet":{"ephemeralKeyPair":{"pubKey":"BQhx2NvG04elJwO0QLKs+1TxZMY+CnkIZ0ntING/kOh5","privKey":"4IjQAg5rLVxdmEmvivc/pfrBzGgjXmigb+JmgBBo/UU="},"lastRemoteEphemeralKey":"BeKmy36fKMeTLkCOBlFPc7FHhQbp911Nng4lcHtdUAFS","previousCounter":0,"rootKey":"f4DASV3KeMDDa0KiolLdLQMDx980rsi1yyUr0ui2oCI="},"indexInfo":{"baseKey":"Bfxrzn9BBXfYPBA6DgbdaUz9KqM0Um9nV9fN8HHrOqQ5","baseKeyType":1,"closed":-1,"used":1743329355649,"created":1743329355649,"remoteIdentityKey":"Bbcn7O5j9aj1Yq5Lqx69i09W4f1Wvuo5+yQVdg9EHsQy"},"_chains":{"BQhx2NvG04elJwO0QLKs+1TxZMY+CnkIZ0ntING/kOh5":{"chainKey":{"counter":28,"key":"UAHJSlF5WbORudGVhhcAZvM+6OwiP/DyR8S6c7IDRtc="},"chainType":1,"messageKeys":{}}},"pendingPreKey":{"signedKeyId":13475396,"baseKey":"Bfxrzn9BBXfYPBA6DgbdaUz9KqM0Um9nV9fN8HHrOqQ5","preKeyId":1198}}},"version":"v1"}