{"_sessions":{"BWn67VWzXlkUprxQ+zCWh6GfyNurHsUU4xzBxBRY+GMX":{"registrationId":1864395864,"currentRatchet":{"ephemeralKeyPair":{"pubKey":"BQejmdd43ncqsiVg+3p6eH/6kAIogwVzN+oRIiIYwRJ4","privKey":"ALJ5ardCkltorprI9d6iqBn9bE55RYAPc7d0kAdvuEk="},"lastRemoteEphemeralKey":"BYO+veCTntLswlh2R/GdRAEy7H/Cd57v+xPLU3aVasF/","previousCounter":0,"rootKey":"xVqS4m0KW8cC5xhUYvaPCV/9N0RUykgGBYkVgBTt3uo="},"indexInfo":{"baseKey":"BWn67VWzXlkUprxQ+zCWh6GfyNurHsUU4xzBxBRY+GMX","baseKeyType":1,"closed":1743329365649,"used":1743257675918,"created":1743257675918,"remoteIdentityKey":"BdpFkaUKl6kY4zYWxBeEOgWBn8voNXu3eqekWB1M4AN0"},"_chains":{"BQejmdd43ncqsiVg+3p6eH/6kAIogwVzN+oRIiIYwRJ4":{"chainKey":{"counter":85,"key":"B4m347cVRwnn1PBZykqWTujLrmGCBUQ8noNy0uH8GFo="},"chainType":1,"messageKeys":{}}},"pendingPreKey":{"signedKeyId":10708039,"baseKey":"BWn67VWzXlkUprxQ+zCWh6GfyNurHsUU4xzBxBRY+GMX","preKeyId":8509}},"BTt2ZzCYjW4WNyz9oB7Ug3bAMh8M4QQdZfTDWKXXrj0x":{"registrationId":1864395864,"currentRatchet":{"ephemeralKeyPair":{"pubKey":"BU1UayRriDHeHlcDE/aCIN4L2jyADCWYaFv8VgXBr+UX","privKey":"KHwkTSrC2kDu9DdQ62NmpvAhZT5+O+TANB8mH0fw5WY="},"lastRemoteEphemeralKey":"BYO+veCTntLswlh2R/GdRAEy7H/Cd57v+xPLU3aVasF/","previousCounter":0,"rootKey":"Duw30gJTrFrnVAAJAdYAzyDM9CpqOpJLvbn6FldMfVk="},"indexInfo":{"baseKey":"BTt2ZzCYjW4WNyz9oB7Ug3bAMh8M4QQdZfTDWKXXrj0x","baseKeyType":1,"closed":-1,"used":1743329365613,"created":1743329365613,"remoteIdentityKey":"BdpFkaUKl6kY4zYWxBeEOgWBn8voNXu3eqekWB1M4AN0"},"_chains":{"BU1UayRriDHeHlcDE/aCIN4L2jyADCWYaFv8VgXBr+UX":{"chainKey":{"counter":23,"key":"jBRBgFc0vUVdNq7sPe0frHQl4zo32KlZuEBn8J4qw/s="},"chainType":1,"messageKeys":{}}},"pendingPreKey":{"signedKeyId":10708039,"baseKey":"BTt2ZzCYjW4WNyz9oB7Ug3bAMh8M4QQdZfTDWKXXrj0x","preKeyId":9270}}},"version":"v1"}