{"_sessions":{"BSC4sh48KOYtpeT4wMk/wzZEnIodTIiXaHaVuDeIyPsP":{"registrationId":663033460,"currentRatchet":{"ephemeralKeyPair":{"pubKey":"BTPAkD5y+1/YD2ynU7admdgX/fLm8glKDz/pqacQwJpX","privKey":"kEfmrMwzPPE1yylRM6MPJBgPtMlWCI3nycY0QtT+0G0="},"lastRemoteEphemeralKey":"BUppfWUavVH4vPtV2aDY1AGTcYt2WF9482mC/UWmB2sH","previousCounter":0,"rootKey":"yUaMDkGa5k/5zXQQTdBQgyt8Ku7UIL9xsbxUSrHA/RQ="},"indexInfo":{"baseKey":"BSC4sh48KOYtpeT4wMk/wzZEnIodTIiXaHaVuDeIyPsP","baseKeyType":1,"closed":-1,"used":1743257675472,"created":1743257675472,"remoteIdentityKey":"BYwv4ZE59dKvuMUgvIh4l4t6Qdk7doZjkbN5WlsgYmIq"},"_chains":{"BTPAkD5y+1/YD2ynU7admdgX/fLm8glKDz/pqacQwJpX":{"chainKey":{"counter":109,"key":"+o+aNNX2BMAhJbNXcOX6HkFQDCzo00pRW+eOZg4gK7Q="},"chainType":1,"messageKeys":{}}},"pendingPreKey":{"signedKeyId":5,"baseKey":"BSC4sh48KOYtpeT4wMk/wzZEnIodTIiXaHaVuDeIyPsP"}}},"version":"v1"}