{"_sessions":{"BaVh6qq9YzeFXntlCGcCIvyulKZAFnBUm94Lqs8yiFpV":{"registrationId":339838821,"currentRatchet":{"ephemeralKeyPair":{"pubKey":"BQcZsCerGVuOLWAhK6x80nFNaqrTaZyp9XxFOgsUcXBH","privKey":"oJfzzkg9A/wPxR3KBicfFzXMCOH9VGEtPwSMAyKo3WU="},"lastRemoteEphemeralKey":"BXSdR4/nQcFDoVKUCfw8saElEDtJsPTD+zHZRO5KRjJl","previousCounter":0,"rootKey":"HqBPPfvuZ5BTCn+PtuuT6EMmXiVooDmcK+u2wbgf/kY="},"indexInfo":{"baseKey":"BaVh6qq9YzeFXntlCGcCIvyulKZAFnBUm94Lqs8yiFpV","baseKeyType":2,"closed":-1,"used":1743320632437,"created":1743320632437,"remoteIdentityKey":"BQG13Udg1eRdiJrHyKWiRYVpp92xHjjcyYHX/uDnymUY"},"_chains":{"BXSdR4/nQcFDoVKUCfw8saElEDtJsPTD+zHZRO5KRjJl":{"chainKey":{"counter":4,"key":"mTCJ4P8Cy7WPtKgV2kL1sKSr42RD6rXBwNJoqbyvs3c="},"chainType":2,"messageKeys":{}},"BQcZsCerGVuOLWAhK6x80nFNaqrTaZyp9XxFOgsUcXBH":{"chainKey":{"counter":-1,"key":"ZfFMMf8FMgaE+0VieGv1Ghs0QgUcFVxW9BKZIywLiN0="},"chainType":1,"messageKeys":{}}}}},"version":"v1"}