{"_sessions":{"BS+jMozBkNwqvSO1iqfDeTGRnu2rAHQiwvZOMooPzRs3":{"registrationId":67037510,"currentRatchet":{"ephemeralKeyPair":{"pubKey":"BeuVQMi1IoKYvrEin4CiCCr2TmDaQ2UJ9FWdhDwKwU4c","privKey":"eKhbI+64LHDeRyQjteuH12ugfM3rp9Q9/WcRpM9IuW4="},"lastRemoteEphemeralKey":"BfSDwzfDQUKjKcIbAwhvq9IqrXBWSLtY9DIopJEZVLNR","previousCounter":0,"rootKey":"QA0fmrHQS2LtvDzkYd2Y7OPtHI3uQbke75HSeNI2G9c="},"indexInfo":{"baseKey":"BS+jMozBkNwqvSO1iqfDeTGRnu2rAHQiwvZOMooPzRs3","baseKeyType":1,"closed":-1,"used":1743257675923,"created":1743257675923,"remoteIdentityKey":"BUnVamsdex4S7cUnnM6gk4mwxe8d3zs8IEgTMIab5A5a"},"_chains":{"BeuVQMi1IoKYvrEin4CiCCr2TmDaQ2UJ9FWdhDwKwU4c":{"chainKey":{"counter":109,"key":"q25qlc5Hv6jYQInaRfaUM4P98JtKGM4Pqxhu3MXSW6c="},"chainType":1,"messageKeys":{}}},"pendingPreKey":{"signedKeyId":2,"baseKey":"BS+jMozBkNwqvSO1iqfDeTGRnu2rAHQiwvZOMooPzRs3","preKeyId":5249635}}},"version":"v1"}