{"_sessions":{"BfF68YJHYfedKH2X3bCHaJ8kRQBIm0iUq5ERv4hAxqEO":{"registrationId":1682377772,"currentRatchet":{"ephemeralKeyPair":{"pubKey":"BYuRNFh+tZBWcBSo1J9aIflXbJyzj98dn1E8ql7FqkQV","privKey":"2PNahT4eXW7OAoulKcp1Pb0GqA5jcAJNWUkmXo8UOFg="},"lastRemoteEphemeralKey":"BQvOvUVeCVziNMp0uHjh3r9DWDNxw3Uny5XBPE1fgv5e","previousCounter":0,"rootKey":"zKeL9RLaIhF/8DQ6PTQGit8hzsERoAjfnN+eRsAU6o4="},"indexInfo":{"baseKey":"BfF68YJHYfedKH2X3bCHaJ8kRQBIm0iUq5ERv4hAxqEO","baseKeyType":1,"closed":-1,"used":1743257675420,"created":1743257675420,"remoteIdentityKey":"BcBPC3SROGES8vH3DgSOK1v4+gRzesN5PbmRYxro73Qk"},"_chains":{"BYuRNFh+tZBWcBSo1J9aIflXbJyzj98dn1E8ql7FqkQV":{"chainKey":{"counter":109,"key":"1qnNT4mD+pkiDVQHebfuV7F09oSPLtpi1Pt2d49bBbs="},"chainType":1,"messageKeys":{}}},"pendingPreKey":{"signedKeyId":17,"baseKey":"BfF68YJHYfedKH2X3bCHaJ8kRQBIm0iUq5ERv4hAxqEO","preKeyId":1026}}},"version":"v1"}