{"_sessions":{"BSxAwCLbH5rZa5t/th/eG6eJwcAOMMJFXil5oIS8OIRl":{"registrationId":1231274830,"currentRatchet":{"ephemeralKeyPair":{"pubKey":"BXqQks870zAkLvk9PFalXB2TI5MzTQDEYy06+onBZ8Mo","privKey":"qA39hRxyA2zLgqIAJY28T4TPypxthTUbip+FwnbkS1E="},"lastRemoteEphemeralKey":"Bc7+BRDc7AC+9PzWbo2PPiSlHJOPrKra3LQQ14GPG5hY","previousCounter":0,"rootKey":"En6zKrsVkNEmUnyPI/wlWaom64SvOKzgsdOdEha5bN4="},"indexInfo":{"baseKey":"BSxAwCLbH5rZa5t/th/eG6eJwcAOMMJFXil5oIS8OIRl","baseKeyType":1,"closed":-1,"used":1743257675964,"created":1743257675964,"remoteIdentityKey":"BdvKfDDUbbisslK0o5vtPX/uaCJJUWbREX8+ZNdhUHJC"},"_chains":{"BXqQks870zAkLvk9PFalXB2TI5MzTQDEYy06+onBZ8Mo":{"chainKey":{"counter":109,"key":"Jv6hZU6ujfuAS7QZcY8VFWePKexubzs96YP2lLx1EE0="},"chainType":1,"messageKeys":{}}},"pendingPreKey":{"signedKeyId":1,"baseKey":"BSxAwCLbH5rZa5t/th/eG6eJwcAOMMJFXil5oIS8OIRl"}}},"version":"v1"}