{"_sessions":{"BbD/46Ifsbxq6ratclnEFrMTtxDN51ijqbelNG7hRgI1":{"registrationId":1585196753,"currentRatchet":{"ephemeralKeyPair":{"pubKey":"BazIf3sUB53HYgVEo5/JVDB6CDCWj3ac4MEj8hp5LbhD","privKey":"WNC9CbSu8ewlG2dImMvJ7ntzLViiUr4QTq9VvMTiZGA="},"lastRemoteEphemeralKey":"BXoR4avcMCCoDWmjIS7wL5EiZDfKh/aiJFBXbZ1VGt8C","previousCounter":2,"rootKey":"OBUKlcUSO1SoXXEndwsW3wXNyZDEJDMBIK/4EBCbiEA="},"indexInfo":{"baseKey":"BbD/46Ifsbxq6ratclnEFrMTtxDN51ijqbelNG7hRgI1","baseKeyType":1,"closed":-1,"used":1743343378141,"created":1743257675496,"remoteIdentityKey":"BdzowWpcZjWPO/d7GxmrEimm7g7iDDeKLmO6QjfdTI9g"},"_chains":{"BVEbRyLnROWMSJNZOs8CAtNXg80+oCTITT9J4UuhSfp2":{"chainKey":{"counter":2},"chainType":2,"messageKeys":{}},"BXptMEJUrS2O3CgM8TZlvCaXUtMpGk4NtXhmkGWnGUU7":{"chainKey":{"counter":0},"chainType":2,"messageKeys":{}},"BUL8rrs8JWnqtA1kXYoh/PQlWftX3EosJiRTUYxEj1IM":{"chainKey":{"counter":3},"chainType":2,"messageKeys":{}},"BQiNkfqLZFsloXnSETsHWl8w3r9Lbegpl/di8kuINPhi":{"chainKey":{"counter":0},"chainType":2,"messageKeys":{}},"BWaTrTtxXBjMt4vTBECYaKjB2NmCpI/Qf1JQsibC3/R2":{"chainKey":{"counter":1},"chainType":2,"messageKeys":{}},"BQXHKncJINog69J/wIsWgQ2XmyMogiPhJvL0CEPrckoQ":{"chainKey":{"counter":1},"chainType":2,"messageKeys":{}},"BXoR4avcMCCoDWmjIS7wL5EiZDfKh/aiJFBXbZ1VGt8C":{"chainKey":{"counter":1,"key":"Y+azEeFqoUIu1S9OG+HaVbgGUOD5SLeKjuIWJ/0EqPs="},"chainType":2,"messageKeys":{}},"BazIf3sUB53HYgVEo5/JVDB6CDCWj3ac4MEj8hp5LbhD":{"chainKey":{"counter":4,"key":"Zowk3AADliUvi3LXuFqrLx+kTev9aipZtUveu/aqkLo="},"chainType":1,"messageKeys":{}}}}},"version":"v1"}