{"_sessions":{"BXKQY9ecFCK+6SCJge4C2SzHW84FI6uYSIWis2k4vh8w":{"registrationId":2036836833,"currentRatchet":{"ephemeralKeyPair":{"pubKey":"BbJVsYioBcibkQXAeu5nEAwL3bEeY3SP73B+wC7W4iBg","privKey":"ANZ3CVmPuMexZ2pQZg4Hby73ZqW0AyW64VUiNUSP7lk="},"lastRemoteEphemeralKey":"BY95QBjVEcN9SL96Bw8fpKRD/33OirRz10VpnhkPF8NV","previousCounter":0,"rootKey":"xTaQ5rDjVyWzMMGopCkge3FMrC3imbga9aIPFfop1U4="},"indexInfo":{"baseKey":"BXKQY9ecFCK+6SCJge4C2SzHW84FI6uYSIWis2k4vh8w","baseKeyType":1,"closed":1743329340091,"used":1743257675504,"created":1743257675504,"remoteIdentityKey":"BbAXPLe92SsCLz/TMXOVrsdSxQ0SyvjUgySf2Td95HdS"},"_chains":{"BbJVsYioBcibkQXAeu5nEAwL3bEeY3SP73B+wC7W4iBg":{"chainKey":{"counter":73,"key":"QFbQK75uBHX4AJzVIOacf8v1tePHcVJ7nZx0vJ6AdBg="},"chainType":1,"messageKeys":{}}},"pendingPreKey":{"signedKeyId":63355,"baseKey":"BXKQY9ecFCK+6SCJge4C2SzHW84FI6uYSIWis2k4vh8w","preKeyId":843}},"BQFjfuIHa83NGAC1T4ptOH4q/dD3eRSoTDn0jOHE0JtP":{"registrationId":2036836833,"currentRatchet":{"ephemeralKeyPair":{"pubKey":"BYKCHLTWilIiEvSnQxRcEeyt2Gm79Oe/0Iag1ov+msp2","privKey":"gHeUIOD0tw9xm/ArimGny1NSvvPbbRGBwoieEU2IJ10="},"lastRemoteEphemeralKey":"BY95QBjVEcN9SL96Bw8fpKRD/33OirRz10VpnhkPF8NV","previousCounter":0,"rootKey":"yZUCRn0vP3u4lcEO4ZtehKXoKjcmTrJ3w++aPG6ItI8="},"indexInfo":{"baseKey":"BQFjfuIHa83NGAC1T4ptOH4q/dD3eRSoTDn0jOHE0JtP","baseKeyType":1,"closed":-1,"used":1743329340090,"created":1743329340090,"remoteIdentityKey":"BbAXPLe92SsCLz/TMXOVrsdSxQ0SyvjUgySf2Td95HdS"},"_chains":{"BYKCHLTWilIiEvSnQxRcEeyt2Gm79Oe/0Iag1ov+msp2":{"chainKey":{"counter":35,"key":"GvW16W59+9TaoMAKyRIl60xGMmJ5DL/lVwe4FBTMTl4="},"chainType":1,"messageKeys":{}}},"pendingPreKey":{"signedKeyId":63355,"baseKey":"BQFjfuIHa83NGAC1T4ptOH4q/dD3eRSoTDn0jOHE0JtP","preKeyId":853}}},"version":"v1"}