{"_sessions":{"BRoqONfndoTlo9zFKFQ6HVJtIzMLOSDhG8NiyiCrXaJg":{"registrationId":72,"currentRatchet":{"ephemeralKeyPair":{"pubKey":"BeJ0WGB19s4pqzDkOjwTH1ZUhCBUGLxynCujfL6ZZrUf","privKey":"+GvZVrFPwOEr7Qjr5iEXraIV5HqzY8Q2pvB90gxTVE0="},"lastRemoteEphemeralKey":"BQGNIhTpfHWHRdeZg0Gbu9nSL/X5F0qjf+KBO7WTWsYw","previousCounter":0,"rootKey":"d0SuCuUCEWS9bp1qvHLwDevsNhVVcdbb+703xBO8hCM="},"indexInfo":{"baseKey":"BRoqONfndoTlo9zFKFQ6HVJtIzMLOSDhG8NiyiCrXaJg","baseKeyType":1,"closed":-1,"used":1743257675457,"created":1743257675457,"remoteIdentityKey":"BU3krJ9mi8hNmmoNUk4WEpOMIBYAAor5CdqAkZhZScZ6"},"_chains":{"BeJ0WGB19s4pqzDkOjwTH1ZUhCBUGLxynCujfL6ZZrUf":{"chainKey":{"counter":109,"key":"i9zv6q0JoqQkbIXaor6/xU7pqQpfCLouLB6vaqwAeF0="},"chainType":1,"messageKeys":{}}},"pendingPreKey":{"signedKeyId":1,"baseKey":"BRoqONfndoTlo9zFKFQ6HVJtIzMLOSDhG8NiyiCrXaJg"}}},"version":"v1"}