{"_sessions":{"BZc0Sl0lZgcgemq/dcMyuQSKuj0Nxlik0cuPtOpGjF1Z":{"registrationId":1624601765,"currentRatchet":{"ephemeralKeyPair":{"pubKey":"BXrfM6ByN4L+HrXmxbzFxE/KjOYzgZWPioU7NGrzE8Jz","privKey":"YO6OgJWeSWTjLhb7qNNhNb8GXEfGbUI5eELkN3ragnQ="},"lastRemoteEphemeralKey":"BR7LRNawpDGAbNGpnFQ1Sp27lU1B7Jj5/HvNZ1UzLXgQ","previousCounter":2,"rootKey":"J0GxrO1yjZ1/JkoZzVhVFJy4b3XNbQLstTbdAkS/oJM="},"indexInfo":{"baseKey":"BZc0Sl0lZgcgemq/dcMyuQSKuj0Nxlik0cuPtOpGjF1Z","baseKeyType":1,"closed":-1,"used":1743320322736,"created":1743319956786,"remoteIdentityKey":"BcPFNIIy7O7bKoP+OhlDNRo5jzF7bA2c1F7hKE2T6Co5"},"_chains":{"BR7LRNawpDGAbNGpnFQ1Sp27lU1B7Jj5/HvNZ1UzLXgQ":{"chainKey":{"counter":5,"key":"XWp8jDPsPf53tSDextcoBui32CUzAz/d/R9CEgcKpMM="},"chainType":2,"messageKeys":{}},"BXrfM6ByN4L+HrXmxbzFxE/KjOYzgZWPioU7NGrzE8Jz":{"chainKey":{"counter":-1,"key":"VzcNqInRkV992ArK+8Y9JVrV31PyylgNQg5IpweajLQ="},"chainType":1,"messageKeys":{}}}}},"version":"v1"}