{"_sessions":{"BfkrhGe8SyK7EFKBzLCxyEli1bF8PnOmTQlBxGElJkQ+":{"registrationId":1686881547,"currentRatchet":{"ephemeralKeyPair":{"pubKey":"BUDjB42huKozqnUJDtLfXvh5p4gqJ+NmgXH7gkj//eo2","privKey":"yLaUxOLy0QXG6CsajevURN5ZrnqP+Yd87CXkpICfmF0="},"lastRemoteEphemeralKey":"BbNBuvVzcQuBhQHm3dqcybc8gRKY0BwznkyRBfP2qTlq","previousCounter":0,"rootKey":"JVEGKsZy7XNE16t1fYaogHpxkrYBpIUL3oPXwL9tePE="},"indexInfo":{"baseKey":"BfkrhGe8SyK7EFKBzLCxyEli1bF8PnOmTQlBxGElJkQ+","baseKeyType":1,"closed":1743329313093,"used":1743257675509,"created":1743257675509,"remoteIdentityKey":"BUdhkDrZbCjpaSzePL+QNPmfiDlhpddS/DASNmkQRmhZ"},"_chains":{"BUDjB42huKozqnUJDtLfXvh5p4gqJ+NmgXH7gkj//eo2":{"chainKey":{"counter":60,"key":"kUJACJ/alICuDDqnjai/c4p/UYpHwd7CPpvgxMDm84I="},"chainType":1,"messageKeys":{}}},"pendingPreKey":{"signedKeyId":14301635,"baseKey":"BfkrhGe8SyK7EFKBzLCxyEli1bF8PnOmTQlBxGElJkQ+","preKeyId":2685}},"Be9a06JeZjQykmP12RrwlwdnaoleGSWtj4VzBOiaxbcD":{"registrationId":1686881547,"currentRatchet":{"ephemeralKeyPair":{"pubKey":"BWbkOvF0JJ4szQDUb9Qlj+4ie61zQFMAll6F/73qgF0Y","privKey":"wIaXL4iHOtd/1ehBNQ40oEGmzis1mE3gY8RUKO5IvHg="},"lastRemoteEphemeralKey":"BbNBuvVzcQuBhQHm3dqcybc8gRKY0BwznkyRBfP2qTlq","previousCounter":0,"rootKey":"Tl1sRUTLiCMVp24jgM/mATeEmy7j/DVD7HA3EcIUabk="},"indexInfo":{"baseKey":"Be9a06JeZjQykmP12RrwlwdnaoleGSWtj4VzBOiaxbcD","baseKeyType":1,"closed":1743329379005,"used":1743329313093,"created":1743329313093,"remoteIdentityKey":"BUdhkDrZbCjpaSzePL+QNPmfiDlhpddS/DASNmkQRmhZ"},"_chains":{"BWbkOvF0JJ4szQDUb9Qlj+4ie61zQFMAll6F/73qgF0Y":{"chainKey":{"counter":31,"key":"kv0Et+59ii9CvX8D4JqsA7lBKE5gIBpNyd+Eol/gaAQ="},"chainType":1,"messageKeys":{}}},"pendingPreKey":{"signedKeyId":14301635,"baseKey":"Be9a06JeZjQykmP12RrwlwdnaoleGSWtj4VzBOiaxbcD","preKeyId":2695}},"BVpXieWuAqLI7UEabimypCps0hdWjGa59ZGbhsgkmbhW":{"registrationId":1686881547,"currentRatchet":{"ephemeralKeyPair":{"pubKey":"BRf4DOn/gl5y7ytcKnHq02Rd7MeXGZQakejMe0fQK9Bs","privKey":"qFs5jLZQw/BclNOzcDQpkWXW66lBHkX1M5X43jZlnXk="},"lastRemoteEphemeralKey":"BbNBuvVzcQuBhQHm3dqcybc8gRKY0BwznkyRBfP2qTlq","previousCounter":0,"rootKey":"vd52hv5rtpXCYs+u6DJd7KWR4wD1XkLrk0INnhUhB+Y="},"indexInfo":{"baseKey":"BVpXieWuAqLI7UEabimypCps0hdWjGa59ZGbhsgkmbhW","baseKeyType":1,"closed":-1,"used":1743329379001,"created":1743329379001,"remoteIdentityKey":"BUdhkDrZbCjpaSzePL+QNPmfiDlhpddS/DASNmkQRmhZ"},"_chains":{"BRf4DOn/gl5y7ytcKnHq02Rd7MeXGZQakejMe0fQK9Bs":{"chainKey":{"counter":16,"key":"d/Ge4z9kjK5IojondvOqsiA/KPNyf/KMDDBn5z2yPOc="},"chainType":1,"messageKeys":{}}},"pendingPreKey":{"signedKeyId":14301635,"baseKey":"BVpXieWuAqLI7UEabimypCps0hdWjGa59ZGbhsgkmbhW","preKeyId":2635}}},"version":"v1"}