{"_sessions":{"BX9z6LVyZSp0CGhpH5xBxwnZmgfhQbFJRmpxusq9Rpdk":{"registrationId":1105215972,"currentRatchet":{"ephemeralKeyPair":{"pubKey":"BUqhND+ftfMDdKRe/XT1D2mTcKMGMEgXLJ3CoN6KHyYV","privKey":"+G1wK4MyqTJvuBGwy4KaII30SdTlnXWmw+ZcaYPNync="},"lastRemoteEphemeralKey":"BbwEe1cYSvcPvNcIeVcg3ZH+seZ/4CinjJ8UHjBcPzIB","previousCounter":0,"rootKey":"hYWLqg8sPJwnlEchFkeVuVUX3HLrHS6zDGhBghqHFm4="},"indexInfo":{"baseKey":"BX9z6LVyZSp0CGhpH5xBxwnZmgfhQbFJRmpxusq9Rpdk","baseKeyType":1,"closed":1743329319198,"used":1743257675528,"created":1743257675528,"remoteIdentityKey":"BZVmtYbgvfcr+qsI/XWvMaR+HUyRFyfvZluKUgmUxNQf"},"_chains":{"BUqhND+ftfMDdKRe/XT1D2mTcKMGMEgXLJ3CoN6KHyYV":{"chainKey":{"counter":63,"key":"OW1EyA+vyaLkwAom/PyyYv4J38y1bVCQ/V3OR8Kynio="},"chainType":1,"messageKeys":{}}},"pendingPreKey":{"signedKeyId":3213736,"baseKey":"BX9z6LVyZSp0CGhpH5xBxwnZmgfhQbFJRmpxusq9Rpdk","preKeyId":3469}},"BY1XVZeQ1G31H0AwUWouighvTNi+mpbsUvtAEy4NoPsz":{"registrationId":1105215972,"currentRatchet":{"ephemeralKeyPair":{"pubKey":"BXFQUALYQzyTX4SyyHEcohxN3bxpN7GSnuo9WDjcOx4z","privKey":"UEB1/mQgCbfSUUVZ42N49WtLVQk3m/YCQAgf88oSQVk="},"lastRemoteEphemeralKey":"BbwEe1cYSvcPvNcIeVcg3ZH+seZ/4CinjJ8UHjBcPzIB","previousCounter":0,"rootKey":"HR6dzaytRKetBzCDKkMMLgO/2BjD0ghKQBF3qxSnDcE="},"indexInfo":{"baseKey":"BY1XVZeQ1G31H0AwUWouighvTNi+mpbsUvtAEy4NoPsz","baseKeyType":1,"closed":1743329381331,"used":1743329319197,"created":1743329319197,"remoteIdentityKey":"BZVmtYbgvfcr+qsI/XWvMaR+HUyRFyfvZluKUgmUxNQf"},"_chains":{"BXFQUALYQzyTX4SyyHEcohxN3bxpN7GSnuo9WDjcOx4z":{"chainKey":{"counter":29,"key":"tJMMVZRNZPg41bglojaFjpdNS0ufHqzNeXZz3/eGTLk="},"chainType":1,"messageKeys":{}}},"pendingPreKey":{"signedKeyId":3213736,"baseKey":"BY1XVZeQ1G31H0AwUWouighvTNi+mpbsUvtAEy4NoPsz","preKeyId":3782}},"BUk6UBGHllcXsdSgD4ju+W4LkjR+wrY93txgVlYLJdlb":{"registrationId":1105215972,"currentRatchet":{"ephemeralKeyPair":{"pubKey":"BSsi/yeFkEkEfTvEnXyT9ifWnWKhLmBvRhodA/LX9IZP","privKey":"WI36XakBSuF0HCUeP3TmZuTwI2hwgy1aE2D8jSMfk2E="},"lastRemoteEphemeralKey":"BbwEe1cYSvcPvNcIeVcg3ZH+seZ/4CinjJ8UHjBcPzIB","previousCounter":0,"rootKey":"kIFh2q8FylT+Uvy/3YkWO97v3u9JHQHASZorFVu9zRc="},"indexInfo":{"baseKey":"BUk6UBGHllcXsdSgD4ju+W4LkjR+wrY93txgVlYLJdlb","baseKeyType":1,"closed":-1,"used":1743329381330,"created":1743329381330,"remoteIdentityKey":"BZVmtYbgvfcr+qsI/XWvMaR+HUyRFyfvZluKUgmUxNQf"},"_chains":{"BSsi/yeFkEkEfTvEnXyT9ifWnWKhLmBvRhodA/LX9IZP":{"chainKey":{"counter":15,"key":"XVOc6ZazzXzTwzNyFD0NSKUntpT1n4iajHO6nWlleRo="},"chainType":1,"messageKeys":{}}},"pendingPreKey":{"signedKeyId":3213736,"baseKey":"BUk6UBGHllcXsdSgD4ju+W4LkjR+wrY93txgVlYLJdlb","preKeyId":3808}}},"version":"v1"}