{"_sessions":{"BfB5MLqpJMF+A/iMeeoxGmlTHm3th/0IBfo7RkpQRzk6":{"registrationId":166173431,"currentRatchet":{"ephemeralKeyPair":{"pubKey":"BSwYppYxABhOz17VSC2/whSHW/qpjsI24BGcf2ErqnQZ","privKey":"4DP00Ia4XcK1zk46f3J60PLQ8d+sb36LReD5jL8XGnA="},"lastRemoteEphemeralKey":"BQzsHcfe3ugDwJ3m2xjO6+GuWwinXPiy8roTxW97L1dl","previousCounter":10,"rootKey":"xn2gNu+Ms7ADBvEmQ+AOQTw5z2zQpplN8BSdeUZDuSw="},"indexInfo":{"baseKey":"BfB5MLqpJMF+A/iMeeoxGmlTHm3th/0IBfo7RkpQRzk6","baseKeyType":1,"closed":-1,"used":1743319953187,"created":1743257675958,"remoteIdentityKey":"BaD0ZuxQydJpoJGrcDbZ05HSQzPIloQSzkdv0lRp0O0n"},"_chains":{"BQzsHcfe3ugDwJ3m2xjO6+GuWwinXPiy8roTxW97L1dl":{"chainKey":{"counter":0,"key":"bnGWJ0OVDOiQcUh08XIbiHerJ+YnrMnZXRupFpqzSBw="},"chainType":2,"messageKeys":{}},"BSwYppYxABhOz17VSC2/whSHW/qpjsI24BGcf2ErqnQZ":{"chainKey":{"counter":98,"key":"j2zrXgX4iMVVyGK9IwY7cGCqPccooyo5ou+07KKQGFg="},"chainType":1,"messageKeys":{}}}}},"version":"v1"}