{"_sessions":{"BV+UOL99/763oV4d5WF9MrCtQQ8V4z63oKOmywJ/3LNW":{"registrationId":357448938,"currentRatchet":{"ephemeralKeyPair":{"pubKey":"BVhc3IS6/JqKpFTZGZXEzelmqWF+f+P+U19EgoIX7U59","privKey":"qJyB5nTlQ6ZP7rU1ahbwES1IaeVUi9RgZ/bQ0lpmQWo="},"lastRemoteEphemeralKey":"BchzQbHzM2B1wlMX5SjLCtEhd5Gfoce+U3T9NuRk8N4r","previousCounter":0,"rootKey":"RsgoUuyH+VfPf9KMyVef06d0wxcV8/MPEm8TAnFgbCA="},"indexInfo":{"baseKey":"BV+UOL99/763oV4d5WF9MrCtQQ8V4z63oKOmywJ/3LNW","baseKeyType":1,"closed":-1,"used":1743257675497,"created":1743257675497,"remoteIdentityKey":"BRHeSwxEV6H2VHH3mxvDqULetf1LvANM6dWl42KJRJxR"},"_chains":{"BVhc3IS6/JqKpFTZGZXEzelmqWF+f+P+U19EgoIX7U59":{"chainKey":{"counter":13,"key":"xQR3yUzxz0eYlonkRa6joi5A7iWanJ/lxgANZv+QMvY="},"chainType":1,"messageKeys":{}}},"pendingPreKey":{"signedKeyId":9210970,"baseKey":"BV+UOL99/763oV4d5WF9MrCtQQ8V4z63oKOmywJ/3LNW","preKeyId":959}}},"version":"v1"}