{"_sessions":{"BX/deTXpWN3BDv7Ac5gBZOIHgsg/zJoO30zY8hwmv39u":{"registrationId":2090032156,"currentRatchet":{"ephemeralKeyPair":{"pubKey":"BXGXRBewkR4MrGYlyiFToAfwIChT2eZ7R3nlFOP5avkc","privKey":"gLeBXk+Ydq3GRAhJRucAL5w75gPLhyDP7f/djPeiRE4="},"lastRemoteEphemeralKey":"BeWhulV7UbIbZ8TUc/+PFYzWm91GRkc0//AVlACp1pgd","previousCounter":0,"rootKey":"FGQMcAvfMzBNpuYHCBXQTAUDb1DZhmMlQVTjVxaRy34="},"indexInfo":{"baseKey":"BX/deTXpWN3BDv7Ac5gBZOIHgsg/zJoO30zY8hwmv39u","baseKeyType":1,"closed":1743329338714,"used":1743257675510,"created":1743257675510,"remoteIdentityKey":"BQv5p9QD9DlFEpvfRYFRBJpDjKSPcuWQ8Zj9uZxsVaJ8"},"_chains":{"BXGXRBewkR4MrGYlyiFToAfwIChT2eZ7R3nlFOP5avkc":{"chainKey":{"counter":73,"key":"OvWy897BGFG5PTzEAseIQtppYn16DM/J1ERyVfj4AZo="},"chainType":1,"messageKeys":{}}},"pendingPreKey":{"signedKeyId":3577229,"baseKey":"BX/deTXpWN3BDv7Ac5gBZOIHgsg/zJoO30zY8hwmv39u","preKeyId":22506}},"Bf6q7aZBdYbVtt4syfFh1qFvz/L3smSs+PwRH77m7DtK":{"registrationId":2090032156,"currentRatchet":{"ephemeralKeyPair":{"pubKey":"BahwfhF3FS1wYGt1ZFAzuvzdt4RkRy2GuCzzHOfEqZka","privKey":"8LnjOufFSGL1/Aka81hbxlVJ2OWo5fS2kiSsk0MrJXs="},"lastRemoteEphemeralKey":"BeWhulV7UbIbZ8TUc/+PFYzWm91GRkc0//AVlACp1pgd","previousCounter":0,"rootKey":"AsLNyXg/MAEbIZwp3uA4Lt4g7dGz4W6UCOml/2SPlkE="},"indexInfo":{"baseKey":"Bf6q7aZBdYbVtt4syfFh1qFvz/L3smSs+PwRH77m7DtK","baseKeyType":1,"closed":-1,"used":1743329338713,"created":1743329338713,"remoteIdentityKey":"BQv5p9QD9DlFEpvfRYFRBJpDjKSPcuWQ8Zj9uZxsVaJ8"},"_chains":{"BahwfhF3FS1wYGt1ZFAzuvzdt4RkRy2GuCzzHOfEqZka":{"chainKey":{"counter":35,"key":"bPZcFqBLCPiajsxm1Dd5bV48kQ72MfFozj9PM6emHa8="},"chainType":1,"messageKeys":{}}},"pendingPreKey":{"signedKeyId":3577229,"baseKey":"Bf6q7aZBdYbVtt4syfFh1qFvz/L3smSs+PwRH77m7DtK","preKeyId":22562}}},"version":"v1"}