{"_sessions":{"BdTDxguZALcqO40bJC6ebttZmY7sV7snQ2lBrM1V7nlH":{"registrationId":592614527,"currentRatchet":{"ephemeralKeyPair":{"pubKey":"BSzThxCS0x0LvrEM09H+u0jqbz9plCNKIMCHP0ImcaoS","privKey":"IOeHwesW7pUYLEhe8+Ht1SLtzJpEFcd1OoubrqbKSFs="},"lastRemoteEphemeralKey":"BSO5uBHHjeGNds/fe/P4/pcUB/lSp49mYhH7Mbg1o8cG","previousCounter":0,"rootKey":"We1Gkv8mA/uSMBzesW161VjTBzHxiIrEVl16v+YWMqc="},"indexInfo":{"baseKey":"BdTDxguZALcqO40bJC6ebttZmY7sV7snQ2lBrM1V7nlH","baseKeyType":1,"closed":1743269491974,"used":1743257675453,"created":1743257675453,"remoteIdentityKey":"BWn1696z2V+72XXVwmzo3NcYtM69mRDRh9jUxx1e2twf"},"_chains":{"BSzThxCS0x0LvrEM09H+u0jqbz9plCNKIMCHP0ImcaoS":{"chainKey":{"counter":7,"key":"Yl5woIr4PZvLT6V7Kd2rfLxX2TBlRuf7IxrsYaqL63U="},"chainType":1,"messageKeys":{}}},"pendingPreKey":{"signedKeyId":1,"baseKey":"BdTDxguZALcqO40bJC6ebttZmY7sV7snQ2lBrM1V7nlH"}},"Bexn0BqFL8/o5HvTd+nzGCZ86efequKfZs/vA4QWd3xJ":{"registrationId":592614527,"currentRatchet":{"ephemeralKeyPair":{"pubKey":"BQYh6OYbSNpu8KzAoR5M89puKpkJTQmHSjikP7iqlI0W","privKey":"UGwhpKe+cMojNjvZGeZkeGz+/yhhB2ZGrkspSWD/pFY="},"lastRemoteEphemeralKey":"BSO5uBHHjeGNds/fe/P4/pcUB/lSp49mYhH7Mbg1o8cG","previousCounter":0,"rootKey":"97ilOIb+qLUX1DJ08dsUdRY44mDHYS2ifLvg7n7oY6E="},"indexInfo":{"baseKey":"Bexn0BqFL8/o5HvTd+nzGCZ86efequKfZs/vA4QWd3xJ","baseKeyType":1,"closed":-1,"used":1743269491973,"created":1743269491973,"remoteIdentityKey":"BWn1696z2V+72XXVwmzo3NcYtM69mRDRh9jUxx1e2twf"},"_chains":{"BQYh6OYbSNpu8KzAoR5M89puKpkJTQmHSjikP7iqlI0W":{"chainKey":{"counter":2,"key":"8qbUPVRmjzrmMi0frqF5p7xZj7sm2ACWp89RV8q6J9g="},"chainType":1,"messageKeys":{}}},"pendingPreKey":{"signedKeyId":1,"baseKey":"Bexn0BqFL8/o5HvTd+nzGCZ86efequKfZs/vA4QWd3xJ","preKeyId":804}}},"version":"v1"}