{"_sessions":{"BbmD+HfsEgAAgwP/7s4BY6e6m3CdUQFakHt6IeDO+2Jf":{"registrationId":946124937,"currentRatchet":{"ephemeralKeyPair":{"pubKey":"BUVHIUawYzamLfN68nI8kcCD1GSzgUAUwyigVMZ5jW9n","privKey":"0MGrJAu1iFbQ4qQmOU7SDs8VVfgYDFFQEEuBUJFHKkU="},"lastRemoteEphemeralKey":"Bbqr8nyJAIXxjot4D8pBJerpL5aSrmRplOP6BNPZEVRj","previousCounter":0,"rootKey":"vpAhUh92rF3yHnwtRlYxmocw8ylohJ2YFRM/cHrzcwo="},"indexInfo":{"baseKey":"BbmD+HfsEgAAgwP/7s4BY6e6m3CdUQFakHt6IeDO+2Jf","baseKeyType":1,"closed":-1,"used":1743340444288,"created":1743340444288,"remoteIdentityKey":"BTNr4IbMKsa6QXTM+eP/umpk9gLQnqI0iGDsejw0cY1z"},"_chains":{"BUVHIUawYzamLfN68nI8kcCD1GSzgUAUwyigVMZ5jW9n":{"chainKey":{"counter":7,"key":"3PwXl9IfZSgt02YNC+50hipaH7UyNNGASql9KUNw5qg="},"chainType":1,"messageKeys":{}}},"pendingPreKey":{"signedKeyId":1,"baseKey":"BbmD+HfsEgAAgwP/7s4BY6e6m3CdUQFakHt6IeDO+2Jf","preKeyId":747}}},"version":"v1"}