{"_sessions":{"BQMFoz5/xwDkQxoCBTZRiaAIYVt8UmUSHB3/ZBUYwQx9":{"registrationId":632412787,"currentRatchet":{"ephemeralKeyPair":{"pubKey":"BYv/0Mm7wsOv9pD8OMxoFotZpbDtMBFYk+ODMKGOBEtG","privKey":"sPK0BmdjM7M4duCX8Vjb1tjvZ1gbtJrk+cznMf1eIEU="},"lastRemoteEphemeralKey":"BWVy1QMiScsRWHCVR2/jFLbx4X2YhmdSyzSekkJArhAR","previousCounter":0,"rootKey":"0+ubNHPCh+0TvlV5D2v5OabOqxOYF5/EOkMoKYKasmI="},"indexInfo":{"baseKey":"BQMFoz5/xwDkQxoCBTZRiaAIYVt8UmUSHB3/ZBUYwQx9","baseKeyType":1,"closed":-1,"used":1743257675475,"created":1743257675475,"remoteIdentityKey":"Be3vOoQrsykdeiaQ9tbPrkONW0T+54QCUP+POui++HtC"},"_chains":{"BYv/0Mm7wsOv9pD8OMxoFotZpbDtMBFYk+ODMKGOBEtG":{"chainKey":{"counter":109,"key":"no4uz8ZO7f/Md7eg/NnAYmJ4jgDzmS1Nov0oYkW6JX8="},"chainType":1,"messageKeys":{}}},"pendingPreKey":{"signedKeyId":3681825,"baseKey":"BQMFoz5/xwDkQxoCBTZRiaAIYVt8UmUSHB3/ZBUYwQx9","preKeyId":1445}}},"version":"v1"}