{"_sessions":{"Bfh3WceWLbJd1UssurP9+kNcldtug11PVvxhgYEUqR5D":{"registrationId":1165232109,"currentRatchet":{"ephemeralKeyPair":{"pubKey":"BToYDAWPzGdEiTbRBkPtcwuwnr9g+exrN7bk98L574d6","privKey":"wDqF4LH4gScvP+wCY3Qo4xgGfykeX2BInVZPkPyi7EI="},"lastRemoteEphemeralKey":"Bb1OxK3MN483cCQSUqq+8V4lPDEYWDjjGskTMN9zqLZM","previousCounter":0,"rootKey":"I7s4yk3YvagqPHy9k0HbQnZY7mphBMl4ru7MMMVPPzE="},"indexInfo":{"baseKey":"Bfh3WceWLbJd1UssurP9+kNcldtug11PVvxhgYEUqR5D","baseKeyType":2,"closed":-1,"used":1743319971062,"created":1743319971062,"remoteIdentityKey":"BfdOZklp6qVZOyNanXXJ9FrHBz2SAU8LG+dyyxAD3Fl/"},"_chains":{"Bb1OxK3MN483cCQSUqq+8V4lPDEYWDjjGskTMN9zqLZM":{"chainKey":{"counter":4,"key":"4jYRDmpojTCj5NKU6KyKkQ/p6WrXR7iOCBUiQJeO/TQ="},"chainType":2,"messageKeys":{}},"BToYDAWPzGdEiTbRBkPtcwuwnr9g+exrN7bk98L574d6":{"chainKey":{"counter":-1,"key":"rC/VcKkm8GVcsMiyi7ZXcOqkpEkrrzdTdsP7Avg9izg="},"chainType":1,"messageKeys":{}}}}},"version":"v1"}