{"_sessions":{"BQ/+tFbuOWxIkJYMcnXTbZCaMc1bV+mPS3/x5g5+479D":{"registrationId":891320448,"currentRatchet":{"ephemeralKeyPair":{"pubKey":"BUBolDHyG+4dTqccpzSyAd1MLBTHEXFfTYHV+Fv84GIO","privKey":"0BMFkGEV40uroRz9j5QMW60/KjZ9qvBU/YlnZWBO41I="},"lastRemoteEphemeralKey":"BS4Wswe2giGJTPf+Y/pE4MJ3CORjJ/ORDknOhUSNTlZ7","previousCounter":0,"rootKey":"BMKH0RVry6xuZYSJgYDvmtju7P2yDd+DoJ1XGaMVVPQ="},"indexInfo":{"baseKey":"BQ/+tFbuOWxIkJYMcnXTbZCaMc1bV+mPS3/x5g5+479D","baseKeyType":1,"closed":1743329327540,"used":1743257675520,"created":1743257675520,"remoteIdentityKey":"BQpLNiRORBGlwMbZKt+5JAgPaYD/UhS0sXUDPNBdJEUr"},"_chains":{"BUBolDHyG+4dTqccpzSyAd1MLBTHEXFfTYHV+Fv84GIO":{"chainKey":{"counter":67,"key":"r8r96Hc6kl9YjhM9UWG1huAh+VvYtwjVd28PUk84qyA="},"chainType":1,"messageKeys":{}}},"pendingPreKey":{"signedKeyId":9495976,"baseKey":"BQ/+tFbuOWxIkJYMcnXTbZCaMc1bV+mPS3/x5g5+479D","preKeyId":2315}},"BTA3k+BPWG5/MZ+aUEcsMQel8ZD7+/KBZmMttvAUUC9N":{"registrationId":891320448,"currentRatchet":{"ephemeralKeyPair":{"pubKey":"BbO3xE/YGGBYBlNXNNb8uxcL0n0jboHzifxNZn3FePIZ","privKey":"GCUwN1GAwcaLPozv+0rZR8TKlMREzihnQRedBoTovU0="},"lastRemoteEphemeralKey":"BS4Wswe2giGJTPf+Y/pE4MJ3CORjJ/ORDknOhUSNTlZ7","previousCounter":0,"rootKey":"Ihf3cmpKmU2NqqKehHc9fLefir8z2htvNLWaHdl2nVQ="},"indexInfo":{"baseKey":"BTA3k+BPWG5/MZ+aUEcsMQel8ZD7+/KBZmMttvAUUC9N","baseKeyType":1,"closed":-1,"used":1743329327540,"created":1743329327540,"remoteIdentityKey":"BQpLNiRORBGlwMbZKt+5JAgPaYD/UhS0sXUDPNBdJEUr"},"_chains":{"BbO3xE/YGGBYBlNXNNb8uxcL0n0jboHzifxNZn3FePIZ":{"chainKey":{"counter":41,"key":"APWtSa+2D3+vVfEHAp23AdJr5M11bvGYTt/c+Yjk9Yc="},"chainType":1,"messageKeys":{}}},"pendingPreKey":{"signedKeyId":9495976,"baseKey":"BTA3k+BPWG5/MZ+aUEcsMQel8ZD7+/KBZmMttvAUUC9N","preKeyId":2432}}},"version":"v1"}