{"_sessions":{"BQPCWCy5STkXNYF8BGk2e9WjEhC+dh8wYBddvN8jZpVm":{"registrationId":456601661,"currentRatchet":{"ephemeralKeyPair":{"pubKey":"BSYH+a1Uvs+NMV367PFEXpU+qy8R6OQ9aldCsk3VLPhA","privKey":"YG5DmiHPwk8OKLV82bfsd7P3nkFR/h2rAKHmFahBRkQ="},"lastRemoteEphemeralKey":"BQmskf5PiGofszXgUmp0YKp3Ht5o8BNShbrY2pmh4Ls2","previousCounter":0,"rootKey":"xy3kyPjXNFXbHCRGGpI/WXFdUYmx9v+SeXgvw9nq/ec="},"indexInfo":{"baseKey":"BQPCWCy5STkXNYF8BGk2e9WjEhC+dh8wYBddvN8jZpVm","baseKeyType":1,"closed":1743329293745,"used":1743257675484,"created":1743257675484,"remoteIdentityKey":"BdjQshSxCNQhhxdyOzt71YyBEssh3IBBcQYBF5mBVPVX"},"_chains":{"BSYH+a1Uvs+NMV367PFEXpU+qy8R6OQ9aldCsk3VLPhA":{"chainKey":{"counter":54,"key":"HV6gXc/sZmR1x5FZqNoX7Jzb6axomWNrVYL4VlVh0x4="},"chainType":1,"messageKeys":{}}},"pendingPreKey":{"signedKeyId":3946912,"baseKey":"BQPCWCy5STkXNYF8BGk2e9WjEhC+dh8wYBddvN8jZpVm","preKeyId":1433}},"BW+dl8xA4Uo4jFtr6EKbJcRrGg//LaZoKyByzc10VJ0o":{"registrationId":456601661,"currentRatchet":{"ephemeralKeyPair":{"pubKey":"Bef7MvaTplvZRwzWX+EEz8r2mC6lbb/KyUFL1OZr15hi","privKey":"MKyXIg2jWfk9WncMPT0OOvkiCGTQCxoHIEZuoO8G5m8="},"lastRemoteEphemeralKey":"BQmskf5PiGofszXgUmp0YKp3Ht5o8BNShbrY2pmh4Ls2","previousCounter":0,"rootKey":"ZAhhjUciejhS11Z3FrUowAAb9ngG+4DZRCcKCSdJYzA="},"indexInfo":{"baseKey":"BW+dl8xA4Uo4jFtr6EKbJcRrGg//LaZoKyByzc10VJ0o","baseKeyType":1,"closed":1743329353493,"used":1743329293744,"created":1743329293744,"remoteIdentityKey":"BdjQshSxCNQhhxdyOzt71YyBEssh3IBBcQYBF5mBVPVX"},"_chains":{"Bef7MvaTplvZRwzWX+EEz8r2mC6lbb/KyUFL1OZr15hi":{"chainKey":{"counter":24,"key":"DdFLCrPYQhj2Q6z3KAya5i4c8bozpCQXQpRWgrZjG2k="},"chainType":1,"messageKeys":{}}},"pendingPreKey":{"signedKeyId":3946912,"baseKey":"BW+dl8xA4Uo4jFtr6EKbJcRrGg//LaZoKyByzc10VJ0o","preKeyId":1417}},"BXz5qVC9dXsGvZ/HvJ6VNgvUYDuc971XmldOOXsUac16":{"registrationId":456601661,"currentRatchet":{"ephemeralKeyPair":{"pubKey":"BfNWNi8mE4div4kxjKb5uU9q6LByGWG6kqOWbSqFm3N+","privKey":"6E0y005FhGS1RkDYx4ukirfYUBd3wCw4fZHMLxE/23I="},"lastRemoteEphemeralKey":"BQmskf5PiGofszXgUmp0YKp3Ht5o8BNShbrY2pmh4Ls2","previousCounter":0,"rootKey":"hDhh0RQWnmo/S8odl6MZkStGIgyVknl1lz68iClf7ok="},"indexInfo":{"baseKey":"BXz5qVC9dXsGvZ/HvJ6VNgvUYDuc971XmldOOXsUac16","baseKeyType":1,"closed":-1,"used":1743329353493,"created":1743329353493,"remoteIdentityKey":"BdjQshSxCNQhhxdyOzt71YyBEssh3IBBcQYBF5mBVPVX"},"_chains":{"BfNWNi8mE4div4kxjKb5uU9q6LByGWG6kqOWbSqFm3N+":{"chainKey":{"counter":29,"key":"vubsxHgDJ+N8Aw1LrPyjwSSzRnaUPrUiicjkKf7+4Ek="},"chainType":1,"messageKeys":{}}},"pendingPreKey":{"signedKeyId":3946912,"baseKey":"BXz5qVC9dXsGvZ/HvJ6VNgvUYDuc971XmldOOXsUac16","preKeyId":1467}}},"version":"v1"}