{"_sessions":{"BXOY7mdIS7+4OohFjqTG9NAMzUoh6Kc5wMq983048gon":{"registrationId":1216262926,"currentRatchet":{"ephemeralKeyPair":{"pubKey":"BQ27cjhueTxogVtaGBoMBZhf3AxaV0rl3CcZ9i4hNREe","privKey":"QEGqegOWXw7LGdEDF2gRgoy/jYlmYapaE4GcvBmri3U="},"lastRemoteEphemeralKey":"BXig4QvCPk6ueaNIEjhLOBy19UOEE8zaFR6MLnvSMkRn","previousCounter":0,"rootKey":"0WZXKMUeK8Gly4s4sNiNWlksOsD1PbB/UCEwREfmgIM="},"indexInfo":{"baseKey":"BXOY7mdIS7+4OohFjqTG9NAMzUoh6Kc5wMq983048gon","baseKeyType":1,"closed":-1,"used":1743257675429,"created":1743257675429,"remoteIdentityKey":"BUD6DTz+hYToDAUY0gPt7+Nc9piH+S1zzD3DrbfWJl5z"},"_chains":{"BQ27cjhueTxogVtaGBoMBZhf3AxaV0rl3CcZ9i4hNREe":{"chainKey":{"counter":109,"key":"izVG05SA6QP2C5Tn/1dvqv4MGFhewR6AmCUoWCdACQg="},"chainType":1,"messageKeys":{}}},"pendingPreKey":{"signedKeyId":101,"baseKey":"BXOY7mdIS7+4OohFjqTG9NAMzUoh6Kc5wMq983048gon","preKeyId":1561}}},"version":"v1"}