{"_sessions":{"BT5SU+1juVRTwa89OUGu3iIGMrSxsRPXBi0ABXekmR9e":{"registrationId":1423166097,"currentRatchet":{"ephemeralKeyPair":{"pubKey":"BVsQCuZh30ZPyHRxaoAEWnRols4ZEWhPo66J5yagC98v","privKey":"uJKjqDrq+dBc9fA94Cx0S+RN+X0FAqxqkCLwO3zqK0o="},"lastRemoteEphemeralKey":"BbMHLKXCSGCgjuztqcxuiCeexlhiojiSlP49W9dqsaYv","previousCounter":0,"rootKey":"df+ASRb0pAZWatZde3oxXPjmI4SI/ShxTteDJXZfjac="},"indexInfo":{"baseKey":"BT5SU+1juVRTwa89OUGu3iIGMrSxsRPXBi0ABXekmR9e","baseKeyType":1,"closed":-1,"used":1743257675967,"created":1743257675967,"remoteIdentityKey":"BTiAJVQvmKMHB/VhfujeXJP7kZsPzlSbeRIUHBk8t19B"},"_chains":{"BVsQCuZh30ZPyHRxaoAEWnRols4ZEWhPo66J5yagC98v":{"chainKey":{"counter":109,"key":"a4Zg3WY8yeo3UsmlwFiLE7gtEz8FYwGS+r4W5/vMlsg="},"chainType":1,"messageKeys":{}}},"pendingPreKey":{"signedKeyId":1122171,"baseKey":"BT5SU+1juVRTwa89OUGu3iIGMrSxsRPXBi0ABXekmR9e","preKeyId":96}}},"version":"v1"}