{"_sessions":{"BenQHed4kMbBq3X828AEAdnBTqrZxaUe2rLxJnJqwmpO":{"registrationId":2109580332,"currentRatchet":{"ephemeralKeyPair":{"pubKey":"BdNaylInJSpXXLQYiB4iBpvuE8VzDmMN8GuVB7dSCFc8","privKey":"ALDyE635UxnTz9pzNo8YZdp/amz+U/XhsMmKYk6j13g="},"lastRemoteEphemeralKey":"BZLXmoAWfU/1evTs3strGtOqcdHn8OFgh0b2v0TGHTNs","previousCounter":2,"rootKey":"sw8hrloDQbmLIqHSwdTnHIxnHA9Zbl5dEZNAC4YBrvE="},"indexInfo":{"baseKey":"BenQHed4kMbBq3X828AEAdnBTqrZxaUe2rLxJnJqwmpO","baseKeyType":1,"closed":-1,"used":1743328582506,"created":1743257675517,"remoteIdentityKey":"BS/wKgpp3PYgW/mUwjtYzNviazJUx0NAPGq8Q+Ur63MV"},"_chains":{"BXrBAhX+K9V6f6Yzxuw2JBoAr0QS5d/PbV1alztbQDs1":{"chainKey":{"counter":0},"chainType":2,"messageKeys":{}},"Bda5H94bR/IBnIUaghiWx7b4LyUk2N7coXt/e5YwYStr":{"chainKey":{"counter":2},"chainType":2,"messageKeys":{}},"BZLXmoAWfU/1evTs3strGtOqcdHn8OFgh0b2v0TGHTNs":{"chainKey":{"counter":2,"key":"dJrB95Gz6zhvEb84tdoS8J3TWvzzG5AzFUeI2mtOpKo="},"chainType":2,"messageKeys":{}},"BdNaylInJSpXXLQYiB4iBpvuE8VzDmMN8GuVB7dSCFc8":{"chainKey":{"counter":95,"key":"yZYdQf+XkLEwbovEOcMH77quKn77u+9OdwvTFJU7dkk="},"chainType":1,"messageKeys":{}}}}},"version":"v1"}