{"_sessions":{"BW2QMxHzYFyiToQYMhGvCIg5eyZDGLQZfKo7nyT1TONp":{"registrationId":1248310592,"currentRatchet":{"ephemeralKeyPair":{"pubKey":"BUdjl6Rb9+NSa1WyrMdiFSEcByYY4jjashmNzVs82mNG","privKey":"cNdops4GV0MUg/QQ+A7cqNJTgfi5uq0TiliOlvKsGWM="},"lastRemoteEphemeralKey":"BXhnwgCYneDaapsw9F+ifzwSQyuvGNm5w1fQUiZgvYhF","previousCounter":0,"rootKey":"+m+aTgFdR+4rPCglPDT6pbvVd0qwsA/ADz7DMIlIf44="},"indexInfo":{"baseKey":"BW2QMxHzYFyiToQYMhGvCIg5eyZDGLQZfKo7nyT1TONp","baseKeyType":1,"closed":1743329295500,"used":1743257675474,"created":1743257675474,"remoteIdentityKey":"BVGkSmpyJozpMXmCj0oO2WhYTuJY95OxZI+2NfH080xH"},"_chains":{"BUdjl6Rb9+NSa1WyrMdiFSEcByYY4jjashmNzVs82mNG":{"chainKey":{"counter":55,"key":"NkGFV1R6gw3rzQhJKlo5b6qXF9ZZUZfQ8sUmDBY2zDA="},"chainType":1,"messageKeys":{}}},"pendingPreKey":{"signedKeyId":6420620,"baseKey":"BW2QMxHzYFyiToQYMhGvCIg5eyZDGLQZfKo7nyT1TONp","preKeyId":24236}},"BTxlsOR/POFIUXohhVcLvI8EV2Qv7aDBIvOD5MTlhONt":{"registrationId":1248310592,"currentRatchet":{"ephemeralKeyPair":{"pubKey":"BTDE3nOjRnvZUBLpDFDyaE/uqu7esQsV+FFGWafYfGxT","privKey":"MOkbufgEkrAVhjT+wWL2BaXruFam2rbisYPbvkZsQHk="},"lastRemoteEphemeralKey":"BXhnwgCYneDaapsw9F+ifzwSQyuvGNm5w1fQUiZgvYhF","previousCounter":0,"rootKey":"aiKkuFRdanh6OO/kvD4iEHkDRxlB0tRghb44IXjenNU="},"indexInfo":{"baseKey":"BTxlsOR/POFIUXohhVcLvI8EV2Qv7aDBIvOD5MTlhONt","baseKeyType":1,"closed":1743329355077,"used":1743329295497,"created":1743329295497,"remoteIdentityKey":"BVGkSmpyJozpMXmCj0oO2WhYTuJY95OxZI+2NfH080xH"},"_chains":{"BTDE3nOjRnvZUBLpDFDyaE/uqu7esQsV+FFGWafYfGxT":{"chainKey":{"counter":24,"key":"iX3c/78ie5bRI+pn8JNykM6DvH/TYNyDjyoCqwc4254="},"chainType":1,"messageKeys":{}}},"pendingPreKey":{"signedKeyId":6420620,"baseKey":"BTxlsOR/POFIUXohhVcLvI8EV2Qv7aDBIvOD5MTlhONt","preKeyId":23691}},"BUyYi3XHWjEeWFZx8xjrQvFfgo/TlfBN9lZ9U8A975EI":{"registrationId":1248310592,"currentRatchet":{"ephemeralKeyPair":{"pubKey":"BW167sqgWhw2GNP70dyRwY/COLxQyq7MqnI4Yui6kcge","privKey":"8PNHyPG6MR7VemdEqHiRIn8IpAkFoIUcH9mp+atgn0Y="},"lastRemoteEphemeralKey":"BahVuhR1wKYguzE37dOu0iHoiFQ402j5INp1UgtD5a1f","previousCounter":19,"rootKey":"DY5Qq8qHcGffufwAooHgy34bjeWvuWnpFvtP/i8ZIVs="},"indexInfo":{"baseKey":"BUyYi3XHWjEeWFZx8xjrQvFfgo/TlfBN9lZ9U8A975EI","baseKeyType":1,"closed":-1,"used":1743331088361,"created":1743329355076,"remoteIdentityKey":"BVGkSmpyJozpMXmCj0oO2WhYTuJY95OxZI+2NfH080xH"},"_chains":{"BahVuhR1wKYguzE37dOu0iHoiFQ402j5INp1UgtD5a1f":{"chainKey":{"counter":1,"key":"NKSRSWNXxvCrS+RwX3ExxUGuIR1u5DsNKRdyCQpFQsw="},"chainType":2,"messageKeys":{}},"BW167sqgWhw2GNP70dyRwY/COLxQyq7MqnI4Yui6kcge":{"chainKey":{"counter":8,"key":"d84Kp78nztUPuhnUYmp8XCFSTv3ZZVLdmChxlzg2PxM="},"chainType":1,"messageKeys":{}}}}},"version":"v1"}