{"_sessions":{"BQ2kz7CldoTu4gK3hI+KUGB8HtVUjW8zXoj/AHCY5yMH":{"registrationId":1098333470,"currentRatchet":{"ephemeralKeyPair":{"pubKey":"BV0CCzQz2MdyA6eFdLDRhj3cleZ9nJaUibH8jySj/9Yi","privKey":"QB39tRJe/dJIzvJpY2v49doCpJJF3ulMnvl2XJGAUmE="},"lastRemoteEphemeralKey":"BREWddBawVon+BfDYmpB4aFfBe8Q7Ybe70f3Jhur6RR8","previousCounter":0,"rootKey":"GF46kW3/Wd9Mkw8BWyY1jp7+5DOEgyWKos6mwFoHdWo="},"indexInfo":{"baseKey":"BQ2kz7CldoTu4gK3hI+KUGB8HtVUjW8zXoj/AHCY5yMH","baseKeyType":1,"closed":1743329277155,"used":1743327446403,"created":1742891451667,"remoteIdentityKey":"BelzgY3TotpBnt4YlTHLvnQp4FBX19bV11m0N3/z0wNH"},"_chains":{"BTtjfpxeAhRyiUwdFrHk/5aB6r2tv7ZSEic4pcozIUdX":{"chainKey":{"counter":4},"chainType":2,"messageKeys":{"3":"5Ay2iouycifyKwVtDZqbKV6xFueX7txZ3nKawYDCy/4="}},"BXPglOt2zO+GtBQW/vriMuDSJ+Ha1KvkvtYlpRknNSRH":{"chainKey":{"counter":0},"chainType":2,"messageKeys":{}},"BYi8fdJ5AcZE/N/EEuBnU/5eBEEE8CoKVTjmwG8/vnR2":{"chainKey":{"counter":3},"chainType":2,"messageKeys":{}},"BZY5UegUIyXmTNYXwBzFD/wO6MFXpaUV5bRC3I5Q60hv":{"chainKey":{"counter":2},"chainType":2,"messageKeys":{}},"BZGkeLLGfuu8X5qwQwMAp8sIQExx8H2F0kNZ54BB2d95":{"chainKey":{"counter":7},"chainType":2,"messageKeys":{}},"BaSE99jOvTatIzeWp8yo5mAUtNa/44kM8pYvsYO3WMgg":{"chainKey":{"counter":6},"chainType":2,"messageKeys":{}},"BREWddBawVon+BfDYmpB4aFfBe8Q7Ybe70f3Jhur6RR8":{"chainKey":{"counter":0,"key":"88ZO249UM7uak3gStIntsOQkaCvGrZoci8+tgfTAVXo="},"chainType":2,"messageKeys":{}},"BV0CCzQz2MdyA6eFdLDRhj3cleZ9nJaUibH8jySj/9Yi":{"chainKey":{"counter":31,"key":"bfs1Ud9lawN/5eIg1idTJlfIqw7k7VXMr2eZQ4W7qR4="},"chainType":1,"messageKeys":{}}}},"BVX3EswxgbQHm7ZIvelHeJ6nHnKFz/fa9zDjV2aQztVs":{"registrationId":1098333470,"currentRatchet":{"ephemeralKeyPair":{"pubKey":"BRLXhNztHLuwL1ja86WHIltOdYVxqvrnxuZdjJT6hLUn","privKey":"uALdM0lQqElfvtwQYjNOlKuG454hJK/91df6oRlaBFc="},"lastRemoteEphemeralKey":"BXYg6Tk6a1adY5quZwkLVKAp8wS6VWnFaDMPImgHH0sa","previousCounter":0,"rootKey":"0FggsC+RkZlD0t5eCUbb5aXHdv7+RHe4lkcm11fyc/A="},"indexInfo":{"baseKey":"BVX3EswxgbQHm7ZIvelHeJ6nHnKFz/fa9zDjV2aQztVs","baseKeyType":1,"closed":1743329799884,"used":1743329277153,"created":1743329277153,"remoteIdentityKey":"BelzgY3TotpBnt4YlTHLvnQp4FBX19bV11m0N3/z0wNH"},"_chains":{"BRLXhNztHLuwL1ja86WHIltOdYVxqvrnxuZdjJT6hLUn":{"chainKey":{"counter":51,"key":"Mq8iHyr0NkiE6Nb04Q2041NgeM7zYik86oJTU6cEo9k="},"chainType":1,"messageKeys":{}}},"pendingPreKey":{"signedKeyId":6600147,"baseKey":"BVX3EswxgbQHm7ZIvelHeJ6nHnKFz/fa9zDjV2aQztVs","preKeyId":80}},"BYHAxuNeSXjYfNTLdhHtX9dO11aGdtp+9bXfI13rAAVP":{"registrationId":1098333470,"currentRatchet":{"ephemeralKeyPair":{"pubKey":"BU+NrhUHXRJIuNtXrcdcQ5KIQLCOTU73YDCGG4SPdVp8","privKey":"KMSHL6LhDKc4dIyTO/suER142vJakJLNeXP8sG1+L1Y="},"lastRemoteEphemeralKey":"BXYg6Tk6a1adY5quZwkLVKAp8wS6VWnFaDMPImgHH0sa","previousCounter":0,"rootKey":"/nltmBwI/DbzcKrsknU2NZ48B6YcTao2NZZQpNk505c="},"indexInfo":{"baseKey":"BYHAxuNeSXjYfNTLdhHtX9dO11aGdtp+9bXfI13rAAVP","baseKeyType":1,"closed":1743329800095,"used":1743329799883,"created":1743329799883,"remoteIdentityKey":"BelzgY3TotpBnt4YlTHLvnQp4FBX19bV11m0N3/z0wNH"},"_chains":{"BU+NrhUHXRJIuNtXrcdcQ5KIQLCOTU73YDCGG4SPdVp8":{"chainKey":{"counter":-1,"key":"Tc6Fnb2GTg0NyWDfsdxukuv2OHKtYI12dkNvbVeb08Q="},"chainType":1,"messageKeys":{}}},"pendingPreKey":{"signedKeyId":6600147,"baseKey":"BYHAxuNeSXjYfNTLdhHtX9dO11aGdtp+9bXfI13rAAVP","preKeyId":747}},"BTS0wmPyFGDHfasWNn6b31918lypoRL7w3vLhV8d8oZK":{"registrationId":1098333470,"currentRatchet":{"ephemeralKeyPair":{"pubKey":"BUnPuWQJDK9ecpR5ablcPvPs4o1QpZZm6zosKFFlApE5","privKey":"QJfR+fZcR7H7HflBKU8+93OSEh3mErio+MEpWCbI7WU="},"lastRemoteEphemeralKey":"BXYg6Tk6a1adY5quZwkLVKAp8wS6VWnFaDMPImgHH0sa","previousCounter":0,"rootKey":"gdushNGr0/P34RX3MQR4H+EpUAk8dMsCYu1cBhJ4mMk="},"indexInfo":{"baseKey":"BTS0wmPyFGDHfasWNn6b31918lypoRL7w3vLhV8d8oZK","baseKeyType":1,"closed":1743329800264,"used":1743329800094,"created":1743329800094,"remoteIdentityKey":"BelzgY3TotpBnt4YlTHLvnQp4FBX19bV11m0N3/z0wNH"},"_chains":{"BUnPuWQJDK9ecpR5ablcPvPs4o1QpZZm6zosKFFlApE5":{"chainKey":{"counter":-1,"key":"RHTysnBjV9+HdH9cMpf1MX3ljA3F89H2kwYD9vd0iro="},"chainType":1,"messageKeys":{}}},"pendingPreKey":{"signedKeyId":6600147,"baseKey":"BTS0wmPyFGDHfasWNn6b31918lypoRL7w3vLhV8d8oZK","preKeyId":754}},"BU4GPs7rfKnAneHb54oO3xnEvQaSJmMDBMKCPM24Ugk9":{"registrationId":1098333470,"currentRatchet":{"ephemeralKeyPair":{"pubKey":"BXrFhbtpO7N7iV7VOWmav7o8IaNwFoB35EOmY2+bb8Ur","privKey":"MHIcphJHymYy4B0RM/vt3qph8DSP3desei+dnXDmE0w="},"lastRemoteEphemeralKey":"BQpo8fjE0zxHG+D6fCLuLGOdE5RJ4odwP+/gAPE0pnNU","previousCounter":1,"rootKey":"O9JdlgnfXlJtdR9i2wam0z6zsoLLrVPFYgOxu9JBIyw="},"indexInfo":{"baseKey":"BU4GPs7rfKnAneHb54oO3xnEvQaSJmMDBMKCPM24Ugk9","baseKeyType":1,"closed":-1,"used":1743341330682,"created":1743329800263,"remoteIdentityKey":"BelzgY3TotpBnt4YlTHLvnQp4FBX19bV11m0N3/z0wNH"},"_chains":{"BbO8Sj2fvS8I1e+GzhRaEy4A9k9xC6ImArSOsT5vLwFX":{"chainKey":{"counter":1},"chainType":2,"messageKeys":{}},"BVfkLODF8YdiYKJYhAwRS8HuOpzIblIK/c7WlUKrBSci":{"chainKey":{"counter":2},"chainType":2,"messageKeys":{}},"BQb/dQysyEuXT6wK1OWhu+9cVFPd7zkxauljlxnBrOBz":{"chainKey":{"counter":0},"chainType":2,"messageKeys":{}},"BS3IIQGs22qg59U3DgsE18aD9CzgUpGRU7ToyrDkkVF1":{"chainKey":{"counter":4},"chainType":2,"messageKeys":{"0":"9ebFMmZVPj9Xhlw4jAueHpWiwtszKFhkMr9L8tLcL98="}},"BQpo8fjE0zxHG+D6fCLuLGOdE5RJ4odwP+/gAPE0pnNU":{"chainKey":{"counter":1,"key":"C3iUPYnKhUIfMERfAKqfdXqQ8EQWWrz+eGqlNUnFCDM="},"chainType":2,"messageKeys":{}},"BXrFhbtpO7N7iV7VOWmav7o8IaNwFoB35EOmY2+bb8Ur":{"chainKey":{"counter":5,"key":"dR+sG/xOCXVo1k+C0gvUARdRRfHKWpjxPrMm2bnDeeA="},"chainType":1,"messageKeys":{}}}}},"version":"v1"}