{"_sessions":{"BTLY38liDvewOScVh+njulvoy6IrmJWSbMeLXI7ibKcJ":{"registrationId":861401274,"currentRatchet":{"ephemeralKeyPair":{"pubKey":"BSfXKYuvmIlV7qrZoNZdDL9qCGOl1pv/H3BXzyjEI4E3","privKey":"iJw/0miRd0AI73EW/Au8nhN1xn1chJOW0YfiT4T/3FM="},"lastRemoteEphemeralKey":"BWmtM9j6IltD4ZdlQjY2QXl6xjv8Gj1Af7ZP80oU4/RP","previousCounter":0,"rootKey":"DcMCo7og+pgnLIAbXRf7BzhPXg4Kr+K0n78Xuf+hn4s="},"indexInfo":{"baseKey":"BTLY38liDvewOScVh+njulvoy6IrmJWSbMeLXI7ibKcJ","baseKeyType":1,"closed":-1,"used":1743257675466,"created":1743257675466,"remoteIdentityKey":"BXW91P+ga24FLIncEuoyzPE3PlHOGMxD0YMnf/CRml8T"},"_chains":{"BSfXKYuvmIlV7qrZoNZdDL9qCGOl1pv/H3BXzyjEI4E3":{"chainKey":{"counter":109,"key":"BgiJ3WQOmBRU3YLooxb6EF8AizRxmyzfrF9c2rNgzOM="},"chainType":1,"messageKeys":{}}},"pendingPreKey":{"signedKeyId":1,"baseKey":"BTLY38liDvewOScVh+njulvoy6IrmJWSbMeLXI7ibKcJ","preKeyId":793}}},"version":"v1"}