{"_sessions":{"BWJhtmFLgyb95y5GcsSU1AQGVdbpbG6RCOmbYFCins1I":{"registrationId":427607606,"currentRatchet":{"ephemeralKeyPair":{"pubKey":"BXHfZ2dn4SeGihDUfR5nzSZ7n/HTbSWtC9VKXi9CYTgW","privKey":"AOIWM+Q0sVT9vI20TReUICj+f6IHWgp9GVzp2RVTwWc="},"lastRemoteEphemeralKey":"BQJr2G5nnsuvn4ghQppj+7q8tE4dcqFx2+j4PxGZkXI2","previousCounter":90,"rootKey":"uHpmIOD5jg38RB+OkCV4rEQJaMAMgTleypLanUyh9cw="},"indexInfo":{"baseKey":"BWJhtmFLgyb95y5GcsSU1AQGVdbpbG6RCOmbYFCins1I","baseKeyType":1,"closed":-1,"used":1743336855996,"created":1743257675470,"remoteIdentityKey":"BYU51tf9LwcsSJMLdo/1IJaF0Fvpc2YbuwXFQec4txRk"},"_chains":{"BXk9V0vv0PMmysAMYRaR+1G4Xp4JdbEmzjxjDmAQt4kC":{"chainKey":{"counter":1},"chainType":2,"messageKeys":{}},"BV22oOUtTmH36MNIP5ie6i7NL/8e80OqVa893GnvE8k3":{"chainKey":{"counter":0},"chainType":2,"messageKeys":{}},"BfCP82PkLWCN6tPzbqZrABSlghLwfiipIZQf+/BIIWkJ":{"chainKey":{"counter":0},"chainType":2,"messageKeys":{}},"BQJr2G5nnsuvn4ghQppj+7q8tE4dcqFx2+j4PxGZkXI2":{"chainKey":{"counter":0,"key":"48Z4Zrfs3EsEE7+CSNQJASNUhhrrOlBMCpqQ3Rv40Yo="},"chainType":2,"messageKeys":{}},"BXHfZ2dn4SeGihDUfR5nzSZ7n/HTbSWtC9VKXi9CYTgW":{"chainKey":{"counter":7,"key":"1FlhjYK++0W4RNPsoj92xluUWLsD81NGMd9S6NRUFGI="},"chainType":1,"messageKeys":{}}}}},"version":"v1"}