{"_sessions":{"BQnCvYxMzC91LDtqFWhVcitOYC9ErosbDlEbgB07G/Iw":{"registrationId":884262646,"currentRatchet":{"ephemeralKeyPair":{"pubKey":"BVjD+hhOV1bMEXcixafJm1ALskiZBBWu9wc4a0jtc3lR","privKey":"yI+nR1mDgytQO3O4mf8utTshGwUNz++Fbbls/X1OH0o="},"lastRemoteEphemeralKey":"Bee0z7CGgyDyTv8/4eI9oQMC17JG1k0Qga1bekbaUFFs","previousCounter":0,"rootKey":"G5dPc4nyMiVUYY91AQgzAJjw1DAqW+IPWfkI4NYgyNU="},"indexInfo":{"baseKey":"BQnCvYxMzC91LDtqFWhVcitOYC9ErosbDlEbgB07G/Iw","baseKeyType":1,"closed":-1,"used":1743257675513,"created":1743257675513,"remoteIdentityKey":"BZgFI/MWS1f2nt7RIEAXQEKRLNIdEodFjHnWQU2sD9lA"},"_chains":{"BVjD+hhOV1bMEXcixafJm1ALskiZBBWu9wc4a0jtc3lR":{"chainKey":{"counter":109,"key":"bmik/fYkolpqNXVcJIypdEJ4svY0ifawwGeSGqcD5JM="},"chainType":1,"messageKeys":{}}},"pendingPreKey":{"signedKeyId":7,"baseKey":"BQnCvYxMzC91LDtqFWhVcitOYC9ErosbDlEbgB07G/Iw","preKeyId":15653032}}},"version":"v1"}