{"_sessions":{"BSGYurh2OqsKnGlk1FzafVKUq4m+NczOurfnyFpliDBL":{"registrationId":1045153503,"currentRatchet":{"ephemeralKeyPair":{"pubKey":"BaJTRO3VTHJRfP/laijMHg3gknYrKpi8foL/WUuI8cMJ","privKey":"+P8h8cBTsp2dA6p5X7z/j4poGg7dQSgwUNw1mJKyr0g="},"lastRemoteEphemeralKey":"BZfpe7mxdbrSy2eXw8UQQ0abtZsBHB2NTIIjRsaFDgUj","previousCounter":0,"rootKey":"HyIfBJNw5jmOm9ohgNMLdKPwEnpF7LM0s7tBKeCGIXI="},"indexInfo":{"baseKey":"BSGYurh2OqsKnGlk1FzafVKUq4m+NczOurfnyFpliDBL","baseKeyType":1,"closed":-1,"used":1743257675425,"created":1743257675425,"remoteIdentityKey":"BfwMTcH+zUAzbKnjH//RdF/hXFWLVha98Lo5r+T39lRB"},"_chains":{"BaJTRO3VTHJRfP/laijMHg3gknYrKpi8foL/WUuI8cMJ":{"chainKey":{"counter":109,"key":"X3K3KstQBXtbfIgTOBjLq38gB13JmCMLE/NMeQdLjfU="},"chainType":1,"messageKeys":{}}},"pendingPreKey":{"signedKeyId":3,"baseKey":"BSGYurh2OqsKnGlk1FzafVKUq4m+NczOurfnyFpliDBL","preKeyId":945}}},"version":"v1"}