{"_sessions":{"BcUB9ykSlhEmFq6qx3k4DcKVJ8uZgwaxtZhpE+UHjE5K":{"registrationId":356902709,"currentRatchet":{"ephemeralKeyPair":{"pubKey":"BVp6nOyfo+D2UI0C5fQ8iZFaTlQ1UtuRWp1RDfpjByd2","privKey":"2MjnEsc1Uo7z8JTmLli23BvVhBNJlXmqzvp7gmowwk8="},"lastRemoteEphemeralKey":"BW01AQQE1E3GrTrpypeIDMu1+ZNf5YfHCF9kDWm8vQ0y","previousCounter":0,"rootKey":"0vxyro2lg35t0ZHrLsuaAlyPdeZIYKY7tk6XFuxlu7Q="},"indexInfo":{"baseKey":"BcUB9ykSlhEmFq6qx3k4DcKVJ8uZgwaxtZhpE+UHjE5K","baseKeyType":1,"closed":-1,"used":1743257675485,"created":1743257675485,"remoteIdentityKey":"BcyBEMEYVGWSDVerB95V5eWjFO+Sw5ELAurfpr70EF83"},"_chains":{"BVp6nOyfo+D2UI0C5fQ8iZFaTlQ1UtuRWp1RDfpjByd2":{"chainKey":{"counter":109,"key":"vVeXlkzFbbjS5vqz6dt+fIVZ2bX68Ppg8O0UFeHMjvk="},"chainType":1,"messageKeys":{}}},"pendingPreKey":{"signedKeyId":14017695,"baseKey":"BcUB9ykSlhEmFq6qx3k4DcKVJ8uZgwaxtZhpE+UHjE5K","preKeyId":4678}}},"version":"v1"}