{"_sessions":{"Be7i4qpl1AAp3fCN9S/Kl+fCuow7ZkEBc1wDS0N773Qt":{"registrationId":457149175,"currentRatchet":{"ephemeralKeyPair":{"pubKey":"BVD82oc51XjQCgQXVJFyhnD3UD9Jpf1n0MH7fzBK5qoH","privKey":"qLwiJ6ozeCQSvGTa24diBiV+ORqUwRXy66mA+mur3FQ="},"lastRemoteEphemeralKey":"BZz6a19feUrTYng/mp53Vyi6DjFNo7gD9oAJHnDCLpoH","previousCounter":0,"rootKey":"aSt2iPOW/j0Jgc6ppvfvqvZy1hdQemK5r0QV7Hh1Rus="},"indexInfo":{"baseKey":"Be7i4qpl1AAp3fCN9S/Kl+fCuow7ZkEBc1wDS0N773Qt","baseKeyType":1,"closed":1743329317482,"used":1743257675482,"created":1743257675482,"remoteIdentityKey":"BdCEmhVcMy51KB3DrGTEgfKbotWT4Bzg3zwsVN4AiYJY"},"_chains":{"BVD82oc51XjQCgQXVJFyhnD3UD9Jpf1n0MH7fzBK5qoH":{"chainKey":{"counter":62,"key":"fWik2i9HiKgJ7gmKTevmAD4a03Zc2xAGeQ/KR2hBTKA="},"chainType":1,"messageKeys":{}}},"pendingPreKey":{"signedKeyId":14264988,"baseKey":"Be7i4qpl1AAp3fCN9S/Kl+fCuow7ZkEBc1wDS0N773Qt","preKeyId":4556}},"BT+NKAO/4sIlb+MiEKYOQfmdURzLq3EEdnZD2v+CD/9c":{"registrationId":457149175,"currentRatchet":{"ephemeralKeyPair":{"pubKey":"BZHKaYGK0fbT072zrNNlzoAeQl3pWmnqTbwwcnt0YYkr","privKey":"4HW60tJa87M2MqUYMopIkBCuGn8SurAztsAgD6jr3Ew="},"lastRemoteEphemeralKey":"BZz6a19feUrTYng/mp53Vyi6DjFNo7gD9oAJHnDCLpoH","previousCounter":0,"rootKey":"x8Xk4PYilzmsuGu2SuUQk2PDiSOQ2imhGu1qjpEQjJg="},"indexInfo":{"baseKey":"BT+NKAO/4sIlb+MiEKYOQfmdURzLq3EEdnZD2v+CD/9c","baseKeyType":1,"closed":1743329379525,"used":1743329317482,"created":1743329317482,"remoteIdentityKey":"BdCEmhVcMy51KB3DrGTEgfKbotWT4Bzg3zwsVN4AiYJY"},"_chains":{"BZHKaYGK0fbT072zrNNlzoAeQl3pWmnqTbwwcnt0YYkr":{"chainKey":{"counter":29,"key":"vn6WQX9U2Irna4sBxpAoREQDEXVij2GBGYB8iar4G/g="},"chainType":1,"messageKeys":{}}},"pendingPreKey":{"signedKeyId":14264988,"baseKey":"BT+NKAO/4sIlb+MiEKYOQfmdURzLq3EEdnZD2v+CD/9c","preKeyId":4532}},"BX9hALInz+ItOU0sL6QEdxBsGp3NFdwlzJlPrGTMQ9Q8":{"registrationId":457149175,"currentRatchet":{"ephemeralKeyPair":{"pubKey":"BWWFi3keHHt9OGAM5RXJZSnCdLFBW0m/ox/I7oVaLsk7","privKey":"0JsyFtlGa1g7QIuyUyWjFaasGgMx3epv4x8lf2u5GFc="},"lastRemoteEphemeralKey":"BZz6a19feUrTYng/mp53Vyi6DjFNo7gD9oAJHnDCLpoH","previousCounter":0,"rootKey":"/DSbzZ/Yh2fWVi/RzepO30pIaq4EBTEJpviVHOLRmag="},"indexInfo":{"baseKey":"BX9hALInz+ItOU0sL6QEdxBsGp3NFdwlzJlPrGTMQ9Q8","baseKeyType":1,"closed":-1,"used":1743329379524,"created":1743329379524,"remoteIdentityKey":"BdCEmhVcMy51KB3DrGTEgfKbotWT4Bzg3zwsVN4AiYJY"},"_chains":{"BWWFi3keHHt9OGAM5RXJZSnCdLFBW0m/ox/I7oVaLsk7":{"chainKey":{"counter":16,"key":"JpxDcZSH3HNAdkS2Al+f3WJyMBtu2mvktLYhpGsRZQo="},"chainType":1,"messageKeys":{}}},"pendingPreKey":{"signedKeyId":14264988,"baseKey":"BX9hALInz+ItOU0sL6QEdxBsGp3NFdwlzJlPrGTMQ9Q8","preKeyId":4530}}},"version":"v1"}