{"_sessions":{"BZRzvD9BYg1wn/zjXdFKS2Ubx/t/bYtHj+wVh3FdU+ZP":{"registrationId":2078148696,"currentRatchet":{"ephemeralKeyPair":{"pubKey":"Bd47IKWcv9OO4ENpvvDQc+WLIU+TF8mwy3OePMWy1aYi","privKey":"AD3qN3do8TruOpnnjWj5iscMzcBjqgfBb+qecsW6mkY="},"lastRemoteEphemeralKey":"BS2vJjd02qB6c6KyA2t42xUhXGynNFWQcETWoJzG+IA1","previousCounter":0,"rootKey":"sFgy3s7qlD3CfUhX75iwo/e4iiAHR9Mcoe/yEmvinbc="},"indexInfo":{"baseKey":"BZRzvD9BYg1wn/zjXdFKS2Ubx/t/bYtHj+wVh3FdU+ZP","baseKeyType":1,"closed":1743329339397,"used":1743257675460,"created":1743257675460,"remoteIdentityKey":"Be67aBZvVOVvnG4B4zzBLqI9nKzfVtDOu4VihHuyJ6RO"},"_chains":{"Bd47IKWcv9OO4ENpvvDQc+WLIU+TF8mwy3OePMWy1aYi":{"chainKey":{"counter":73,"key":"IrHofmE8ZyD6TN3DG84dTslE5JyJr9KhYa9v2TQ4jqs="},"chainType":1,"messageKeys":{}}},"pendingPreKey":{"signedKeyId":15435355,"baseKey":"BZRzvD9BYg1wn/zjXdFKS2Ubx/t/bYtHj+wVh3FdU+ZP","preKeyId":822}},"BTgYTVh+cSdwyFt20Qqlb3Ef4+wzpM6WBu9aatj1pLZQ":{"registrationId":2078148696,"currentRatchet":{"ephemeralKeyPair":{"pubKey":"BQBn2g+tAIruUpA7wVvaTgI3/bPc7ccbUUMO+oPNnEMA","privKey":"EFwbbv2YnZLznHuxU/CZEIoG8l4mqYjVrg150hEWGnk="},"lastRemoteEphemeralKey":"BS2vJjd02qB6c6KyA2t42xUhXGynNFWQcETWoJzG+IA1","previousCounter":0,"rootKey":"WhQ9bX0mDmQeRdSyVZCk0weg+efc+wiN7Gcf0B0fIgU="},"indexInfo":{"baseKey":"BTgYTVh+cSdwyFt20Qqlb3Ef4+wzpM6WBu9aatj1pLZQ","baseKeyType":1,"closed":-1,"used":1743329339396,"created":1743329339396,"remoteIdentityKey":"Be67aBZvVOVvnG4B4zzBLqI9nKzfVtDOu4VihHuyJ6RO"},"_chains":{"BQBn2g+tAIruUpA7wVvaTgI3/bPc7ccbUUMO+oPNnEMA":{"chainKey":{"counter":36,"key":"sPfX2bOoDk1TEDTCm32zRo82B7gcz6i/2pUOgK10ETg="},"chainType":1,"messageKeys":{}}},"pendingPreKey":{"signedKeyId":15435355,"baseKey":"BTgYTVh+cSdwyFt20Qqlb3Ef4+wzpM6WBu9aatj1pLZQ","preKeyId":793}}},"version":"v1"}