{"_sessions":{"BTyMoMFp1w71ALUUGp7FeLnlCjXX8V03LsdQdCjSxpMT":{"registrationId":1498466439,"currentRatchet":{"ephemeralKeyPair":{"pubKey":"BRG08ldyhYX82KUl+qOcJ0SDhiQ+qjOvwwxirsNZVyMG","privKey":"iKO6Jwpp4PgLWI7fGcXBAOM6aqh+/QBup9HhUtZC4EI="},"lastRemoteEphemeralKey":"Bc7yjNz9olkl6Wn2mWKreWZeo6r3kygJyEmvU77+oiBC","previousCounter":0,"rootKey":"AxHD/mniECpw8V9Iwc+nC5AgwtRhS+DeGfLq6sRD7Zo="},"indexInfo":{"baseKey":"BTyMoMFp1w71ALUUGp7FeLnlCjXX8V03LsdQdCjSxpMT","baseKeyType":1,"closed":1743329336673,"used":1743257675959,"created":1743257675959,"remoteIdentityKey":"BeR8fxFjpyH/KOArykEy7KkGP+F5T9gWrutcgaEmpJBv"},"_chains":{"BRG08ldyhYX82KUl+qOcJ0SDhiQ+qjOvwwxirsNZVyMG":{"chainKey":{"counter":72,"key":"hqShaOWAig460NtslhDf62crNb4C9ABpMPDU/u+8UhI="},"chainType":1,"messageKeys":{}}},"pendingPreKey":{"signedKeyId":1668333,"baseKey":"BTyMoMFp1w71ALUUGp7FeLnlCjXX8V03LsdQdCjSxpMT","preKeyId":4646}},"BdsIndWTQAwA3p0XzDEjmf7AxAZiN3kUy3+jnGLqIHBr":{"registrationId":1498466439,"currentRatchet":{"ephemeralKeyPair":{"pubKey":"Baq/XbzZ/lh5cJ7l3lr/m9l9abX0A+b/PDqYTUR8un0y","privKey":"kBUh4uywapmdVC4mC9rsCNqi7cNHSWi2JwH0VkQ8Zlg="},"lastRemoteEphemeralKey":"Bc7yjNz9olkl6Wn2mWKreWZeo6r3kygJyEmvU77+oiBC","previousCounter":0,"rootKey":"hNEb/Sjd8oX1OMqYPoF3ah7LRoy139iNC/M70RaxV5s="},"indexInfo":{"baseKey":"BdsIndWTQAwA3p0XzDEjmf7AxAZiN3kUy3+jnGLqIHBr","baseKeyType":1,"closed":-1,"used":1743329336672,"created":1743329336672,"remoteIdentityKey":"BeR8fxFjpyH/KOArykEy7KkGP+F5T9gWrutcgaEmpJBv"},"_chains":{"Baq/XbzZ/lh5cJ7l3lr/m9l9abX0A+b/PDqYTUR8un0y":{"chainKey":{"counter":36,"key":"jR8GRR34ET57ggPeZYFanCODBi9moe4jtjMEfUOakrU="},"chainType":1,"messageKeys":{}}},"pendingPreKey":{"signedKeyId":1668333,"baseKey":"BdsIndWTQAwA3p0XzDEjmf7AxAZiN3kUy3+jnGLqIHBr","preKeyId":4186}}},"version":"v1"}