{"_sessions":{"Bfm/9cbSzKFAIw1obHGfcmD8VB7uzWxyrXjf9GWiWkhu":{"registrationId":1640783459,"currentRatchet":{"ephemeralKeyPair":{"pubKey":"BdzA4ClZP+fAyTGeracfb/4P0ADfzUmCXNVa2DybANo/","privKey":"+IUf6hyE36oOxLdZ5ykAG7yQIzBqJGFTweJoiVnDKUU="},"lastRemoteEphemeralKey":"BeI6fNJZiJ1OPgN/MVxDtqf72qqSG2RSxHHOE/jm+mAD","previousCounter":0,"rootKey":"PiYWcYV3HDrso2jxsQ/KdWf9KG4gVGKljf4r/FpuCIM="},"indexInfo":{"baseKey":"Bfm/9cbSzKFAIw1obHGfcmD8VB7uzWxyrXjf9GWiWkhu","baseKeyType":1,"closed":1743335817327,"used":1743257675458,"created":1743257675458,"remoteIdentityKey":"BYm3RUXNVMahW3R7GwcudcDWL5mIiUxpu6gbJzmabAIU"},"_chains":{"BdzA4ClZP+fAyTGeracfb/4P0ADfzUmCXNVa2DybANo/":{"chainKey":{"counter":101,"key":"Clm071hBkojA931b1j4W2BGXovg1mE8NO874h0rLKMg="},"chainType":1,"messageKeys":{}}},"pendingPreKey":{"signedKeyId":3256206,"baseKey":"Bfm/9cbSzKFAIw1obHGfcmD8VB7uzWxyrXjf9GWiWkhu","preKeyId":69}},"BaPODYs0dLNPTtrTiIyAQ5+Ub5chcXh5rIqmhuI7WWtK":{"registrationId":1640783459,"currentRatchet":{"ephemeralKeyPair":{"pubKey":"BXhnm2KtdS4Dqc2bbiXJUM4K/PjujujAqzch6Eo8m8kb","privKey":"gIYbUk9bC4ftSqwh7I35lILm5IW5AhuiIYdBX+iyAFQ="},"lastRemoteEphemeralKey":"BeI6fNJZiJ1OPgN/MVxDtqf72qqSG2RSxHHOE/jm+mAD","previousCounter":0,"rootKey":"ym8hzE9JkZsq6MwLxyk6+Sr6cbEfbpj9C/nMSSBmlj0="},"indexInfo":{"baseKey":"BaPODYs0dLNPTtrTiIyAQ5+Ub5chcXh5rIqmhuI7WWtK","baseKeyType":1,"closed":-1,"used":1743335817322,"created":1743335817322,"remoteIdentityKey":"BYm3RUXNVMahW3R7GwcudcDWL5mIiUxpu6gbJzmabAIU"},"_chains":{"BXhnm2KtdS4Dqc2bbiXJUM4K/PjujujAqzch6Eo8m8kb":{"chainKey":{"counter":7,"key":"rUO9vj+x6dJ/OLeOge0Ba6fGvCiRwbDTa5AfPQZimQU="},"chainType":1,"messageKeys":{}}},"pendingPreKey":{"signedKeyId":3256206,"baseKey":"BaPODYs0dLNPTtrTiIyAQ5+Ub5chcXh5rIqmhuI7WWtK","preKeyId":198}}},"version":"v1"}