{"_sessions":{"BbRh8k3VbF4oMxsYX4vcqUWI3OAuPK5d/dKDAuggkW9g":{"registrationId":1234036318,"currentRatchet":{"ephemeralKeyPair":{"pubKey":"BamxpGv5oT+Esa3T+gMBLyaN0wvPIbjSsW2cHyRSvtY5","privKey":"8BBPx7Xpav8V1iUijl/9LzbjFCH1E9vjsoC0sADW5F0="},"lastRemoteEphemeralKey":"BQI6awtyaig2Ef3cIGoDKFIB0sJbAcIsMhRwx22f679y","previousCounter":0,"rootKey":"mmGGyehBmSYk/pawujMrdpZvjk9pteF4i8rijoDAU+4="},"indexInfo":{"baseKey":"BbRh8k3VbF4oMxsYX4vcqUWI3OAuPK5d/dKDAuggkW9g","baseKeyType":1,"closed":1743329281043,"used":1743257675520,"created":1743257675520,"remoteIdentityKey":"Bc57FTvoMhkDDhxpgJVKODEyj51+hwNVK3AkUXwR3nUE"},"_chains":{"BamxpGv5oT+Esa3T+gMBLyaN0wvPIbjSsW2cHyRSvtY5":{"chainKey":{"counter":47,"key":"9CCZXVmTAtZ4XU1TTL3UQRw0ieMtYinr14lTf4eJRME="},"chainType":1,"messageKeys":{}}},"pendingPreKey":{"signedKeyId":9309189,"baseKey":"BbRh8k3VbF4oMxsYX4vcqUWI3OAuPK5d/dKDAuggkW9g","preKeyId":1957}},"BczPGp1Pc1FTFypr7fUnfKaAe8HtcprQVTumNj0mmmlH":{"registrationId":1234036318,"currentRatchet":{"ephemeralKeyPair":{"pubKey":"BeTNOGYr6VUzVMoefo10Ao2idhm+1v69CPEVWsy/vW0l","privKey":"qMafUcDRCA1mjdZ3Iqn+brDnw0Xlg4rQSyafnDYbI0s="},"lastRemoteEphemeralKey":"BQOt/Un0foHIfO4ZRYYURHVFewT5qVfvio+shg3/U8BM","previousCounter":48,"rootKey":"b0b/D/Vnn5aVeQKmo1eJQOqPzhhJTz3AKWC1m92yFao="},"indexInfo":{"baseKey":"BczPGp1Pc1FTFypr7fUnfKaAe8HtcprQVTumNj0mmmlH","baseKeyType":1,"closed":1743329456214,"used":1743333808642,"created":1743329281025,"remoteIdentityKey":"Bc57FTvoMhkDDhxpgJVKODEyj51+hwNVK3AkUXwR3nUE"},"_chains":{"BQOt/Un0foHIfO4ZRYYURHVFewT5qVfvio+shg3/U8BM":{"chainKey":{"counter":3,"key":"PqeH4cqLZx3txzg6P/4P2hYzO4TojbeUruEt0qFq3c8="},"chainType":2,"messageKeys":{}},"BeTNOGYr6VUzVMoefo10Ao2idhm+1v69CPEVWsy/vW0l":{"chainKey":{"counter":-1,"key":"WX8pkGq08BnWsebS61eoXrfwomiL24C3+6jvRV5ve8M="},"chainType":1,"messageKeys":{}}}},"BRGLtVe68WPKqFIL9Quo2BSwezpDq7OM1yCwRiplLWgx":{"registrationId":1234036318,"currentRatchet":{"ephemeralKeyPair":{"pubKey":"BZSEkyL6MsZI4USCXvRgkY+md6nayDO6rxlIgEilWsdH","privKey":"0BDkpo4UnV7cPugEo1eLeTgs7ExUA9n/NirzDj1cIUI="},"lastRemoteEphemeralKey":"BQOt/Un0foHIfO4ZRYYURHVFewT5qVfvio+shg3/U8BM","previousCounter":-1,"rootKey":"tYUQOtlnPr6cH1qY/KBz0xx2cpECIHD6FzdbW0G2gaM="},"indexInfo":{"baseKey":"BRGLtVe68WPKqFIL9Quo2BSwezpDq7OM1yCwRiplLWgx","baseKeyType":1,"closed":1743329456319,"used":1743329456213,"created":1743329456213,"remoteIdentityKey":"Bc57FTvoMhkDDhxpgJVKODEyj51+hwNVK3AkUXwR3nUE"},"_chains":{"BQOt/Un0foHIfO4ZRYYURHVFewT5qVfvio+shg3/U8BM":{"chainKey":{"counter":0,"key":"nzeN/x0qf2pBte/9mKuIboruLh6IWYAwRAerw7a1xxg="},"chainType":2,"messageKeys":{}},"BZSEkyL6MsZI4USCXvRgkY+md6nayDO6rxlIgEilWsdH":{"chainKey":{"counter":-1,"key":"lDUUWPheayOiKRAj84RL7+hjv5Rtc13UwakrnykhVV0="},"chainType":1,"messageKeys":{}}},"pendingPreKey":{"signedKeyId":9309189,"baseKey":"BRGLtVe68WPKqFIL9Quo2BSwezpDq7OM1yCwRiplLWgx","preKeyId":2075}},"BXsv4kWvik53Ud0LEFFJYaF/ldBofnMc58wx4Wzdowg3":{"registrationId":1234036318,"currentRatchet":{"ephemeralKeyPair":{"pubKey":"BW5ZHX4CVDLmJ8ex97FfkP2zYd6cOEaylww2URraCEMu","privKey":"0J4UZC9dv2obBWuW8UGtCPwS2JrpIg/K0xStBwEB5mU="},"lastRemoteEphemeralKey":"BQOt/Un0foHIfO4ZRYYURHVFewT5qVfvio+shg3/U8BM","previousCounter":-1,"rootKey":"ZEsc+8UytP1oQJ2XdaZGlw6hLw8wp9Rw0iwQwh88ABE="},"indexInfo":{"baseKey":"BXsv4kWvik53Ud0LEFFJYaF/ldBofnMc58wx4Wzdowg3","baseKeyType":1,"closed":-1,"used":1743329456318,"created":1743329456318,"remoteIdentityKey":"Bc57FTvoMhkDDhxpgJVKODEyj51+hwNVK3AkUXwR3nUE"},"_chains":{"BQOt/Un0foHIfO4ZRYYURHVFewT5qVfvio+shg3/U8BM":{"chainKey":{"counter":0,"key":"eyuqmX3sR0Ql2olnwWuZ/8WS6fwnk+KPyM2QS5Na4Wk="},"chainType":2,"messageKeys":{}},"BW5ZHX4CVDLmJ8ex97FfkP2zYd6cOEaylww2URraCEMu":{"chainKey":{"counter":12,"key":"VlyVHQCdj5z+XWwHxZP4omaJULn70QYCURxw81MAiuY="},"chainType":1,"messageKeys":{}}},"pendingPreKey":{"signedKeyId":9309189,"baseKey":"BXsv4kWvik53Ud0LEFFJYaF/ldBofnMc58wx4Wzdowg3","preKeyId":1898}}},"version":"v1"}