{"_sessions":{"BYNqlFWJ+WF7Bj/3YxTDdQ5fgF+YflLDEzFaXIsC/xRM":{"registrationId":1291503716,"currentRatchet":{"ephemeralKeyPair":{"pubKey":"BRka2k67jmWPREPztbL0XlZIF+OfaErEq0s8JCIzRwgQ","privKey":"wPktrms8deSEZeUMJ8BGG3DNOIwjCuImeb8kUed/11E="},"lastRemoteEphemeralKey":"BalMZDZosiWTvwnVokRIlaTIpSq/uLm/mPrWyn9uc18/","previousCounter":0,"rootKey":"4Al0IVwQ61Qo6kggSqcczenouZWIbsttI6OI7rvK4ZM="},"indexInfo":{"baseKey":"BYNqlFWJ+WF7Bj/3YxTDdQ5fgF+YflLDEzFaXIsC/xRM","baseKeyType":1,"closed":-1,"used":1743204158782,"created":1743204018242,"remoteIdentityKey":"BVgfiMl+LB2nKg/zwoYiCCyqFvqxKBe4hbrSnHKJvtZp"},"_chains":{"BalMZDZosiWTvwnVokRIlaTIpSq/uLm/mPrWyn9uc18/":{"chainKey":{"counter":1,"key":"+C9l//a/nDFnqPtnsaUTraWXEdhKfM1a3lIaGw1huhw="},"chainType":2,"messageKeys":{}},"BRka2k67jmWPREPztbL0XlZIF+OfaErEq0s8JCIzRwgQ":{"chainKey":{"counter":-1,"key":"1L8TX/1v7WAG444Hr4pA0G+A3dhDYI5e2pnhomcuSo0="},"chainType":1,"messageKeys":{}}}}},"version":"v1"}