{"_sessions":{"BdDVOCxoM/7LG4ps5/EANZIANFTM9Ckqp1jEtcsvKs5j":{"registrationId":427542169,"currentRatchet":{"ephemeralKeyPair":{"pubKey":"BTTSHC1CFE+4po4/83Ga2YuQygIqumzrZM4FEViEdZNT","privKey":"CDFCHPlCYC2NEj4QBx1jH4nuCdcBFA2UD+dHMHIFZ2o="},"lastRemoteEphemeralKey":"BfYQ/vpmCY9EzWUrsaI2GfT7u7lrwihqL5iIDsR5g2du","previousCounter":0,"rootKey":"o3B0r9+YtilEYIuR6DseSDVT/BNXCWT5+DttgMXq+qc="},"indexInfo":{"baseKey":"BdDVOCxoM/7LG4ps5/EANZIANFTM9Ckqp1jEtcsvKs5j","baseKeyType":2,"closed":-1,"used":1743320724307,"created":1743320724307,"remoteIdentityKey":"BbuoRcxJ1HGG3LT/tb20Nvaq4qadaWL2Vvw4gcL6xaFn"},"_chains":{"BfYQ/vpmCY9EzWUrsaI2GfT7u7lrwihqL5iIDsR5g2du":{"chainKey":{"counter":0,"key":"pWHnwx49kVWHCOVSoDZ8URYKFFyK1BJxuURpQOCfAn4="},"chainType":2,"messageKeys":{}},"BTTSHC1CFE+4po4/83Ga2YuQygIqumzrZM4FEViEdZNT":{"chainKey":{"counter":-1,"key":"2zvjJwWsaHNfZFrbNoQdDPmpIkRimeGI33O82S0Gz5E="},"chainType":1,"messageKeys":{}}}}},"version":"v1"}