{"_sessions":{"BTC6PX79OCTieXBuWOQLWsj06JELzuOKSm1BWxaw3mt3":{"registrationId":617545568,"currentRatchet":{"ephemeralKeyPair":{"pubKey":"Bf9T95hi+qS/u46IyP73OJj6A1mCQg22i2/nzLl8+wEg","privKey":"IElFP3t36mOfVYMxALmUwkw6UgfBFB0xJvg1PxjIk2w="},"lastRemoteEphemeralKey":"BWRLLqDpTB0DJdt94NPDUvgiGBTAQkpChaDqJ0IsQtk0","previousCounter":0,"rootKey":"GXfmquDpKSovNcWRw3od7Pa8h54sRxve3tqBOVAH02M="},"indexInfo":{"baseKey":"BTC6PX79OCTieXBuWOQLWsj06JELzuOKSm1BWxaw3mt3","baseKeyType":1,"closed":-1,"used":1743257675963,"created":1743257675963,"remoteIdentityKey":"BdlGfsSGhQcKcUVZBWnVqgd1wLqLh0UDwazqKusMFElT"},"_chains":{"Bf9T95hi+qS/u46IyP73OJj6A1mCQg22i2/nzLl8+wEg":{"chainKey":{"counter":109,"key":"4875TwrE6tktw6O2NJZTUcAhxmuH/iigO/P1gFlTUwQ="},"chainType":1,"messageKeys":{}}},"pendingPreKey":{"signedKeyId":2213260,"baseKey":"BTC6PX79OCTieXBuWOQLWsj06JELzuOKSm1BWxaw3mt3"}}},"version":"v1"}