{"_sessions":{"BYn/CiOzfP+ygxGOnRp0Ys9FQb8Ug7pa5wmbyJAn+A1o":{"registrationId":601804080,"currentRatchet":{"ephemeralKeyPair":{"pubKey":"BV7ZHwpQYgyfDBv7nuFktbzoE6jq6uoonYU/TkbjEh9k","privKey":"ONiQIcr+B1P+U9MjkAPuGAxkCNZsRxpPvYqKsz2J+2M="},"lastRemoteEphemeralKey":"Be0N51qqG68pAUwp/EduQ2x7dAvq9PuZ9Of5L5lzY9VN","previousCounter":4,"rootKey":"zc9Q3VRtbF3GtA8puTIdBJUiDoEfcrm1rdSqkP1rAHE="},"indexInfo":{"baseKey":"BYn/CiOzfP+ygxGOnRp0Ys9FQb8Ug7pa5wmbyJAn+A1o","baseKeyType":1,"closed":-1,"used":1743350529474,"created":1743257536738,"remoteIdentityKey":"BSXob2nvCZhIhE1ANdxiRLos7taFtJ6wCqcHuHim3Bcr"},"_chains":{"BcYcOxKSW0K3Y+3nFBLRZPUSRz2ivFOYWPJSbzpHvyAh":{"chainKey":{"counter":0},"chainType":2,"messageKeys":{}},"BWA4SMEg6A7+S1DAKBzhCQtVdN4PSSpJc4eHXtNGfZMQ":{"chainKey":{"counter":2},"chainType":2,"messageKeys":{}},"BfOIg8sX9gu8wY5vJtOgw6P3AIK4Fsn6vu/9qsnX4UJd":{"chainKey":{"counter":4},"chainType":2,"messageKeys":{}},"Bf/+YC6T/de1g7wukK3znKFUMrDvtXhcwh7ZVxSG7UBE":{"chainKey":{"counter":3},"chainType":2,"messageKeys":{}},"BZzAzz/ZVXZuDTh0ZoJdTP4P/ljpzgQ8nyKekGnGBaxs":{"chainKey":{"counter":5},"chainType":2,"messageKeys":{}},"Bd/FBcjWNZfmP5rWDvg3eCwBkXdzA65nY2qz7lUE9MA+":{"chainKey":{"counter":2},"chainType":2,"messageKeys":{"1":"xo2UoHT33koycWprY8XOd2liRQ4qwYRybh+KY2rb4+g="}},"BT/g34rXXb2QIpuqvhapDyAUR9QQLB1LfrJGmREbnwcP":{"chainKey":{"counter":0},"chainType":2,"messageKeys":{}},"BVkbyYBlbr0FE607wu7r9MDxW7CYXpEfBmhOeRQbtUtX":{"chainKey":{"counter":0},"chainType":2,"messageKeys":{}},"BUWGZBfm+qaVF25Ft/EirTfTTECAB+9OFwfMSq7oW381":{"chainKey":{"counter":1},"chainType":2,"messageKeys":{}},"BbUzm+2Zzj5ksKYUw09TnWFo33wvRSMVZB53I73FMVIa":{"chainKey":{"counter":0},"chainType":2,"messageKeys":{}},"BePuXcXULnJ2rFR1OtAvLz0JPnvNpw+6ifhh1u1a4vNr":{"chainKey":{"counter":1},"chainType":2,"messageKeys":{}},"BcFnAdbWYJ0IlqOspyiQGltfp4kkfqheBWiI3UE4wPs4":{"chainKey":{"counter":1},"chainType":2,"messageKeys":{}},"Be0N51qqG68pAUwp/EduQ2x7dAvq9PuZ9Of5L5lzY9VN":{"chainKey":{"counter":0,"key":"FNmon+2ouUVBgvUbqUoIFXAEmSngeWxF8YSP4Jtr8K8="},"chainType":2,"messageKeys":{}},"BV7ZHwpQYgyfDBv7nuFktbzoE6jq6uoonYU/TkbjEh9k":{"chainKey":{"counter":-1,"key":"Qv/G40f7tneP70CrqpZxhi5uHxLDIYSQiHnZ4JEWHWM="},"chainType":1,"messageKeys":{}}}}},"version":"v1"}