{"_sessions":{"BUscnxKflnWF0m+QXjh/KNiVhahbHWUesmNhKNUI2MZL":{"registrationId":1920643867,"currentRatchet":{"ephemeralKeyPair":{"pubKey":"Ba5m/xrX334+A53PdvSfZ/mJCQXHYXKTbKNLhL/IvR5L","privKey":"MDk3Cd9VqCfoXzTaQb9XEngop9VZ+tGvasMzMk4Nwkc="},"lastRemoteEphemeralKey":"BY6FOR4QWe457p6wi0eul21RqjLjYTaoQY+eqIGFg38F","previousCounter":0,"rootKey":"WDYldNgnMDNfSr6sv6/aviO9nyx3y3cOulCzoxrnuj4="},"indexInfo":{"baseKey":"BUscnxKflnWF0m+QXjh/KNiVhahbHWUesmNhKNUI2MZL","baseKeyType":1,"closed":-1,"used":1743257675462,"created":1743257675462,"remoteIdentityKey":"BeCW6zvAcSJ/JIfDJxIIzXo1nh7GB9jpCeh6mxMIDzgp"},"_chains":{"Ba5m/xrX334+A53PdvSfZ/mJCQXHYXKTbKNLhL/IvR5L":{"chainKey":{"counter":109,"key":"8qDHJoLNiPBSajCYD0ySA+3dP0t4J7XpLVDecOv+0qI="},"chainType":1,"messageKeys":{}}},"pendingPreKey":{"signedKeyId":1,"baseKey":"BUscnxKflnWF0m+QXjh/KNiVhahbHWUesmNhKNUI2MZL","preKeyId":595}}},"version":"v1"}