{"_sessions":{"BXkVuHwQM1NQ9Nj5FMSAfdB3VwTwCTcQUq6RAbD3iPUw":{"registrationId":794707339,"currentRatchet":{"ephemeralKeyPair":{"pubKey":"BZRrSLi3KeGsxa9lbe7UnkrKA5FZ2JeAgqXLdmsptB57","privKey":"wE4obtRgVyvjvJ61I9vIcAEZDgdEQEe4GTpFchDMBl8="},"lastRemoteEphemeralKey":"BVPDfbDq8wlUvID+ybnZoD/ErVozdRUA4KE8DJhm/rZ1","previousCounter":0,"rootKey":"n8RmKrB067dWjA9a8ruifC3Z0M4naN6FJC6Qc4SrZRw="},"indexInfo":{"baseKey":"BXkVuHwQM1NQ9Nj5FMSAfdB3VwTwCTcQUq6RAbD3iPUw","baseKeyType":1,"closed":-1,"used":1743257675506,"created":1743257675506,"remoteIdentityKey":"BTW2AU7mYfWkN/ZiVVy7eZbphVY9vbUwVG1Pw8FKR8Rb"},"_chains":{"BZRrSLi3KeGsxa9lbe7UnkrKA5FZ2JeAgqXLdmsptB57":{"chainKey":{"counter":109,"key":"bBR8Zvwku2PyeRz/cmgEWu+R/tu74NpCgr9PmnzS/q4="},"chainType":1,"messageKeys":{}}},"pendingPreKey":{"signedKeyId":12,"baseKey":"BXkVuHwQM1NQ9Nj5FMSAfdB3VwTwCTcQUq6RAbD3iPUw","preKeyId":4549301}}},"version":"v1"}