{"_sessions":{"BS58gSASq91hoX5ZCI3ufmIO+R5p2tx79gCUJHCLR3h0":{"registrationId":1329571206,"currentRatchet":{"ephemeralKeyPair":{"pubKey":"BSa2FEm4M8IhYV+7TPSUkTggyD/Djs0mHn23zW/tr+Z/","privKey":"QKnhWsXHdhqjGr0N00hgn3uPgtoKDyva343JAofLiEY="},"lastRemoteEphemeralKey":"BdUSfTtRzKaTjY9H3EjNa9+SlERxCNbG+b7ezYQZSMQd","previousCounter":0,"rootKey":"yYV6YpNvgtt6xyrWqaSJtuiEYevpr+8oE8boUET+Ets="},"indexInfo":{"baseKey":"BS58gSASq91hoX5ZCI3ufmIO+R5p2tx79gCUJHCLR3h0","baseKeyType":1,"closed":-1,"used":1743257675920,"created":1743257675920,"remoteIdentityKey":"BdhABUp0ZZzVKVt++ZKX6DGZ1GX6JKGJoldbX/XGimBF"},"_chains":{"BSa2FEm4M8IhYV+7TPSUkTggyD/Djs0mHn23zW/tr+Z/":{"chainKey":{"counter":109,"key":"oM3Ww2ZhRKbyva1gsaCwBnEFIBLjSG4062C4/5uVtm0="},"chainType":1,"messageKeys":{}}},"pendingPreKey":{"signedKeyId":13,"baseKey":"BS58gSASq91hoX5ZCI3ufmIO+R5p2tx79gCUJHCLR3h0","preKeyId":13652291}}},"version":"v1"}