{"_sessions":{"BbTIOSNGU0RPnxCnO9oI0oAZX92bFyKErKU3VR7vSkBk":{"registrationId":861472234,"currentRatchet":{"ephemeralKeyPair":{"pubKey":"BYO52sL3DW13Th63qlt1zIkUjk4HXPpVRmlJvhPMJQxJ","privKey":"IN7SDxB3fO5oVIbj0lXzFKmHZcMVXTr24M2qOmlUx1A="},"lastRemoteEphemeralKey":"BezJB1WwF69HRvaa9xuT48YYIuFcrGLD0frgmntpRbZ/","previousCounter":0,"rootKey":"2NQqQBWj0KDTFTLSmWo1No5LPLOcN2tuanxA6hv20mE="},"indexInfo":{"baseKey":"BbTIOSNGU0RPnxCnO9oI0oAZX92bFyKErKU3VR7vSkBk","baseKeyType":1,"closed":1743269470660,"used":1743269470190,"created":1743269470190,"remoteIdentityKey":"BV3xzefFV13599c5IhwekAapccL6kIDwA0/TvtgJxhty"},"_chains":{"BYO52sL3DW13Th63qlt1zIkUjk4HXPpVRmlJvhPMJQxJ":{"chainKey":{"counter":-1,"key":"3+MQiOSRu57VnEYWAP1WFcNmrtPmaLmnkYN0zQ8xseo="},"chainType":1,"messageKeys":{}}},"pendingPreKey":{"signedKeyId":15529200,"baseKey":"BbTIOSNGU0RPnxCnO9oI0oAZX92bFyKErKU3VR7vSkBk","preKeyId":2384}},"BR/qd74vH6mXsL4UkvAm68k8uuBo3WPFLgVA0laN/08P":{"registrationId":861472234,"currentRatchet":{"ephemeralKeyPair":{"pubKey":"BRl3Vqv9NRds0ZHx3Je6R5fvFpbMN1h3LupFM3Ca+zIs","privKey":"8OD/891gUmLoU46O/qnxzj9uw8mPHlVSXqPMOlYYfF4="},"lastRemoteEphemeralKey":"BezJB1WwF69HRvaa9xuT48YYIuFcrGLD0frgmntpRbZ/","previousCounter":0,"rootKey":"vOFAnFoJgWZ7oQmC8lkoARibAjelgrNRDrpAV2NMV04="},"indexInfo":{"baseKey":"BR/qd74vH6mXsL4UkvAm68k8uuBo3WPFLgVA0laN/08P","baseKeyType":1,"closed":1743269471115,"used":1743269470660,"created":1743269470660,"remoteIdentityKey":"BV3xzefFV13599c5IhwekAapccL6kIDwA0/TvtgJxhty"},"_chains":{"BRl3Vqv9NRds0ZHx3Je6R5fvFpbMN1h3LupFM3Ca+zIs":{"chainKey":{"counter":-1,"key":"DVuzflwmjoVXwEXlyJ4ly3tISFkjutTbJ9GOW8Cxor0="},"chainType":1,"messageKeys":{}}},"pendingPreKey":{"signedKeyId":15529200,"baseKey":"BR/qd74vH6mXsL4UkvAm68k8uuBo3WPFLgVA0laN/08P","preKeyId":1663}},"BYPIp20meKGetmZyeFujAqmG3FFgaEM0+yMwvQRPBzpB":{"registrationId":861472234,"currentRatchet":{"ephemeralKeyPair":{"pubKey":"BS8/IvTcOfevKISb9ohymLeaHrRUafVS044XPkJzl85d","privKey":"eDlcnucjW/lEi8raRP7V+7Fgx/IF8QTWknfzxGXcu3g="},"lastRemoteEphemeralKey":"BezJB1WwF69HRvaa9xuT48YYIuFcrGLD0frgmntpRbZ/","previousCounter":0,"rootKey":"urzNbu9yanFfIi71ttgV3HdVd1ZfKZlu9VMacxLqb/s="},"indexInfo":{"baseKey":"BYPIp20meKGetmZyeFujAqmG3FFgaEM0+yMwvQRPBzpB","baseKeyType":1,"closed":1743269471557,"used":1743269471115,"created":1743269471115,"remoteIdentityKey":"BV3xzefFV13599c5IhwekAapccL6kIDwA0/TvtgJxhty"},"_chains":{"BS8/IvTcOfevKISb9ohymLeaHrRUafVS044XPkJzl85d":{"chainKey":{"counter":-1,"key":"eihWTK16yKI75Ub46bs5s3zZD1/BNZVsPab1Gmk2fDs="},"chainType":1,"messageKeys":{}}},"pendingPreKey":{"signedKeyId":15529200,"baseKey":"BYPIp20meKGetmZyeFujAqmG3FFgaEM0+yMwvQRPBzpB","preKeyId":1712}},"BZa2s/l1deSdxo/im23Uz8zQRa7zQ1V5w3kVA0g5G8gI":{"registrationId":861472234,"currentRatchet":{"ephemeralKeyPair":{"pubKey":"BaNsq8ChqE3PSAczFa44j3U5HzvMr1ruUGDp/O45v6lf","privKey":"aMympeK5QWhRe5nYGEXjPMhdbYy+Qm+ohmm2IYSmkF4="},"lastRemoteEphemeralKey":"BezJB1WwF69HRvaa9xuT48YYIuFcrGLD0frgmntpRbZ/","previousCounter":0,"rootKey":"H3M8KUYiIBtP0kqDTtYXuWqaAN0i3OxiFn4ZXczl1n4="},"indexInfo":{"baseKey":"BZa2s/l1deSdxo/im23Uz8zQRa7zQ1V5w3kVA0g5G8gI","baseKeyType":1,"closed":1743269472104,"used":1743269471556,"created":1743269471556,"remoteIdentityKey":"BV3xzefFV13599c5IhwekAapccL6kIDwA0/TvtgJxhty"},"_chains":{"BaNsq8ChqE3PSAczFa44j3U5HzvMr1ruUGDp/O45v6lf":{"chainKey":{"counter":-1,"key":"tgUFi/W+klPpWH0YQ7HkorDDPg6QttIIjifbebc9EKs="},"chainType":1,"messageKeys":{}}},"pendingPreKey":{"signedKeyId":15529200,"baseKey":"BZa2s/l1deSdxo/im23Uz8zQRa7zQ1V5w3kVA0g5G8gI","preKeyId":1667}},"BZVCcXdzTiXlrUPRjSGnaJFXHAhlsZVsv3DcUGWpiIE+":{"registrationId":861472234,"currentRatchet":{"ephemeralKeyPair":{"pubKey":"BU5XVkP60mOdbG6vADQ3y4hs8CsLHLByHHS/U+kb76xR","privKey":"YHowNeNIs10Dh6kqAXjA9WVqRE9Lum1GSDGtKcGJDVs="},"lastRemoteEphemeralKey":"BezJB1WwF69HRvaa9xuT48YYIuFcrGLD0frgmntpRbZ/","previousCounter":0,"rootKey":"YO2Q7CMD9SJ2ZeRG0J48czYI2ujDHN3dhLeyWC0Raa4="},"indexInfo":{"baseKey":"BZVCcXdzTiXlrUPRjSGnaJFXHAhlsZVsv3DcUGWpiIE+","baseKeyType":1,"closed":1743269472547,"used":1743269472104,"created":1743269472104,"remoteIdentityKey":"BV3xzefFV13599c5IhwekAapccL6kIDwA0/TvtgJxhty"},"_chains":{"BU5XVkP60mOdbG6vADQ3y4hs8CsLHLByHHS/U+kb76xR":{"chainKey":{"counter":-1,"key":"rMWwoQKkDOj+qHNXJjdM3Jp/Dioq4RtErBKxWYNCqsk="},"chainType":1,"messageKeys":{}}},"pendingPreKey":{"signedKeyId":15529200,"baseKey":"BZVCcXdzTiXlrUPRjSGnaJFXHAhlsZVsv3DcUGWpiIE+","preKeyId":1672}},"BSpySHF5lBv9U/qYfS89rtgBnILiCRL2BBGAud70NFs8":{"registrationId":861472234,"currentRatchet":{"ephemeralKeyPair":{"pubKey":"BZwmj1QShIJRTus4LbBaViuc1t/+DK7R48MuUbzEkIVr","privKey":"kFfMJd9jsYZan73QC0+qZyUsZr7ZiOmD9A4RGhrUw0s="},"lastRemoteEphemeralKey":"BezJB1WwF69HRvaa9xuT48YYIuFcrGLD0frgmntpRbZ/","previousCounter":0,"rootKey":"bWFdgGV+IF374H7ZW2DKnz7IbRMgyLtbs5RXrTobpho="},"indexInfo":{"baseKey":"BSpySHF5lBv9U/qYfS89rtgBnILiCRL2BBGAud70NFs8","baseKeyType":1,"closed":1743269473005,"used":1743269472546,"created":1743269472546,"remoteIdentityKey":"BV3xzefFV13599c5IhwekAapccL6kIDwA0/TvtgJxhty"},"_chains":{"BZwmj1QShIJRTus4LbBaViuc1t/+DK7R48MuUbzEkIVr":{"chainKey":{"counter":-1,"key":"dlHr+E9mymUZcH3OivhHczY69Z0OHMcny8nHO78e0YU="},"chainType":1,"messageKeys":{}}},"pendingPreKey":{"signedKeyId":15529200,"baseKey":"BSpySHF5lBv9U/qYfS89rtgBnILiCRL2BBGAud70NFs8","preKeyId":1745}},"BZnEBDrgL04wG6xTvyjyxGJVPYR/J2QEAKqEiAUtHFE1":{"registrationId":861472234,"currentRatchet":{"ephemeralKeyPair":{"pubKey":"BW/Zcj+Lw/ZuWcDA5Pa3ndcaSj/kjAvmROB+FmmCnE9k","privKey":"cCSk01LQMKC0pXSNG5hcT5yqRArdtDAiFF9vMMeli0g="},"lastRemoteEphemeralKey":"BezJB1WwF69HRvaa9xuT48YYIuFcrGLD0frgmntpRbZ/","previousCounter":0,"rootKey":"Oa9j1MuDz+A9x8LYfd0b4CoR8NCJLajWBg+Sm1SNopw="},"indexInfo":{"baseKey":"BZnEBDrgL04wG6xTvyjyxGJVPYR/J2QEAKqEiAUtHFE1","baseKeyType":1,"closed":1743269473456,"used":1743269473005,"created":1743269473005,"remoteIdentityKey":"BV3xzefFV13599c5IhwekAapccL6kIDwA0/TvtgJxhty"},"_chains":{"BW/Zcj+Lw/ZuWcDA5Pa3ndcaSj/kjAvmROB+FmmCnE9k":{"chainKey":{"counter":-1,"key":"Zm7MWEsZgvhjj8cYwOdBHoYzqwahOfbcWvI0jW3+fag="},"chainType":1,"messageKeys":{}}},"pendingPreKey":{"signedKeyId":15529200,"baseKey":"BZnEBDrgL04wG6xTvyjyxGJVPYR/J2QEAKqEiAUtHFE1","preKeyId":2413}},"BXYPG793jCBNgoZy+1hLuEcdMxIYSXqiByLCnSLPwOYF":{"registrationId":861472234,"currentRatchet":{"ephemeralKeyPair":{"pubKey":"BflhH/Coctmu8RbRiN7Uul20Y5v1nkXISJvLaSYdgBVS","privKey":"oGZFokHypUS8xR/m+EYENCsBYxVEUrVZUx2GCO6BNHQ="},"lastRemoteEphemeralKey":"BezJB1WwF69HRvaa9xuT48YYIuFcrGLD0frgmntpRbZ/","previousCounter":0,"rootKey":"1ncq7JqtA/Jt4JT8u6xPu6HYXsWxdMYAHFf71ewxcuI="},"indexInfo":{"baseKey":"BXYPG793jCBNgoZy+1hLuEcdMxIYSXqiByLCnSLPwOYF","baseKeyType":1,"closed":1743269473887,"used":1743269473455,"created":1743269473455,"remoteIdentityKey":"BV3xzefFV13599c5IhwekAapccL6kIDwA0/TvtgJxhty"},"_chains":{"BflhH/Coctmu8RbRiN7Uul20Y5v1nkXISJvLaSYdgBVS":{"chainKey":{"counter":-1,"key":"h6KT5wkOuWWEs8qll4r9yrqtOs49BG1jMNx/RIo5qys="},"chainType":1,"messageKeys":{}}},"pendingPreKey":{"signedKeyId":15529200,"baseKey":"BXYPG793jCBNgoZy+1hLuEcdMxIYSXqiByLCnSLPwOYF","preKeyId":1693}},"BQo/S7M8dS2cvOcLF00nQftgRgGnDcVJ+HbGnIQMNuRr":{"registrationId":861472234,"currentRatchet":{"ephemeralKeyPair":{"pubKey":"BZ8VN0VoIEGdVdjb9ghpZcxMhUyd3Kz/dxgGnE9IUH10","privKey":"eEVUYhtErtUCuDb3HXRSdKsXyTBPeDXY1CHi7kiWpm4="},"lastRemoteEphemeralKey":"BezJB1WwF69HRvaa9xuT48YYIuFcrGLD0frgmntpRbZ/","previousCounter":0,"rootKey":"NUsb7z8khPqo7V3rFlbBetZx3rzMmA0Z7Mp+f9RCJGw="},"indexInfo":{"baseKey":"BQo/S7M8dS2cvOcLF00nQftgRgGnDcVJ+HbGnIQMNuRr","baseKeyType":1,"closed":1743269474343,"used":1743269473886,"created":1743269473886,"remoteIdentityKey":"BV3xzefFV13599c5IhwekAapccL6kIDwA0/TvtgJxhty"},"_chains":{"BZ8VN0VoIEGdVdjb9ghpZcxMhUyd3Kz/dxgGnE9IUH10":{"chainKey":{"counter":-1,"key":"sAs0rvlsBKmj9/Q/CCDrDI9UfZ0cQTueJP7JV5C2osc="},"chainType":1,"messageKeys":{}}},"pendingPreKey":{"signedKeyId":15529200,"baseKey":"BQo/S7M8dS2cvOcLF00nQftgRgGnDcVJ+HbGnIQMNuRr","preKeyId":1688}},"BZ4ohtru0iXq000hCQP3mgsi9qI/YwKVhw2934oPNDMc":{"registrationId":861472234,"currentRatchet":{"ephemeralKeyPair":{"pubKey":"BZomJT6SfZTRoY6j7ebjb0Nv99zLt+OUS+M8P8nQssYx","privKey":"6K3j1RiF2YMNhMcFIIU9M6byzXo4tnucwyE8jYtWwVM="},"lastRemoteEphemeralKey":"BezJB1WwF69HRvaa9xuT48YYIuFcrGLD0frgmntpRbZ/","previousCounter":0,"rootKey":"80jOAwgM2exLN2ryqlEpbTUGaWwbUv7wRYV/O16euG4="},"indexInfo":{"baseKey":"BZ4ohtru0iXq000hCQP3mgsi9qI/YwKVhw2934oPNDMc","baseKeyType":1,"closed":1743269474803,"used":1743269474343,"created":1743269474343,"remoteIdentityKey":"BV3xzefFV13599c5IhwekAapccL6kIDwA0/TvtgJxhty"},"_chains":{"BZomJT6SfZTRoY6j7ebjb0Nv99zLt+OUS+M8P8nQssYx":{"chainKey":{"counter":-1,"key":"qId4qLhhEbC6ax6Lt9lJbvZxzjAihI5YmVLgjFJgLYE="},"chainType":1,"messageKeys":{}}},"pendingPreKey":{"signedKeyId":15529200,"baseKey":"BZ4ohtru0iXq000hCQP3mgsi9qI/YwKVhw2934oPNDMc","preKeyId":2414}},"BXY0DOS+aUrm9UhssCw7meHvrceeIkgUqFS1BWDO4JEM":{"registrationId":861472234,"currentRatchet":{"ephemeralKeyPair":{"pubKey":"BYm9KYgxhFzSijyyqvEfw6m5l3SGtIs/QVgGyPV3S9dA","privKey":"wHOwqZjBO8dkeVpicSTZopa9VKYaLsXr7blyw5h43lU="},"lastRemoteEphemeralKey":"BezJB1WwF69HRvaa9xuT48YYIuFcrGLD0frgmntpRbZ/","previousCounter":0,"rootKey":"tjBCUxUPVdaPjd+Dz0a6sJu5M68fl7ZWTDlwDURxDpI="},"indexInfo":{"baseKey":"BXY0DOS+aUrm9UhssCw7meHvrceeIkgUqFS1BWDO4JEM","baseKeyType":1,"closed":1743269475244,"used":1743269474802,"created":1743269474802,"remoteIdentityKey":"BV3xzefFV13599c5IhwekAapccL6kIDwA0/TvtgJxhty"},"_chains":{"BYm9KYgxhFzSijyyqvEfw6m5l3SGtIs/QVgGyPV3S9dA":{"chainKey":{"counter":-1,"key":"F0besPGyWVGldqaedX0QdRVw8hzJ+8SpiYuhO0KDn5E="},"chainType":1,"messageKeys":{}}},"pendingPreKey":{"signedKeyId":15529200,"baseKey":"BXY0DOS+aUrm9UhssCw7meHvrceeIkgUqFS1BWDO4JEM","preKeyId":2318}},"BdyfaUjjqleapuqyxcyE5t5AyaDgMLdPGMoxnynL7D1q":{"registrationId":861472234,"currentRatchet":{"ephemeralKeyPair":{"pubKey":"BUUQDDjR5C5S38e4/SBry5AIz4+Wvgz20v1INprw/y8b","privKey":"yIKfowFMv8AILzkhwacovpiXWdrz//Hq/eJPiBw6Wlw="},"lastRemoteEphemeralKey":"BezJB1WwF69HRvaa9xuT48YYIuFcrGLD0frgmntpRbZ/","previousCounter":0,"rootKey":"fQWHI83015cGsTSqSq7YF9HidUFpse+o0tWTL64YUps="},"indexInfo":{"baseKey":"BdyfaUjjqleapuqyxcyE5t5AyaDgMLdPGMoxnynL7D1q","baseKeyType":1,"closed":1743269475681,"used":1743269475243,"created":1743269475243,"remoteIdentityKey":"BV3xzefFV13599c5IhwekAapccL6kIDwA0/TvtgJxhty"},"_chains":{"BUUQDDjR5C5S38e4/SBry5AIz4+Wvgz20v1INprw/y8b":{"chainKey":{"counter":-1,"key":"nCDHFHkbLEelw+5eylTLRY1kc6/NkFYiMdhmunKhxP8="},"chainType":1,"messageKeys":{}}},"pendingPreKey":{"signedKeyId":15529200,"baseKey":"BdyfaUjjqleapuqyxcyE5t5AyaDgMLdPGMoxnynL7D1q","preKeyId":2354}},"BXNtVdUnqbC6OtEy7SqPT5D8p94P7vQFYrdvHAmafj5U":{"registrationId":861472234,"currentRatchet":{"ephemeralKeyPair":{"pubKey":"BWv7xKog0z5iBlRGQkwaspZ9VzQmxympGhqH8kOVNMdZ","privKey":"CB0XUbtQFVlgiwQ1R6Nliia1YjyNIemqeYF8OhAT6Hs="},"lastRemoteEphemeralKey":"BezJB1WwF69HRvaa9xuT48YYIuFcrGLD0frgmntpRbZ/","previousCounter":0,"rootKey":"LpHddN5YucPgaHRBZuozyYHxvVXcvM1Z/MNPegSQV40="},"indexInfo":{"baseKey":"BXNtVdUnqbC6OtEy7SqPT5D8p94P7vQFYrdvHAmafj5U","baseKeyType":1,"closed":1743269476128,"used":1743269475680,"created":1743269475680,"remoteIdentityKey":"BV3xzefFV13599c5IhwekAapccL6kIDwA0/TvtgJxhty"},"_chains":{"BWv7xKog0z5iBlRGQkwaspZ9VzQmxympGhqH8kOVNMdZ":{"chainKey":{"counter":-1,"key":"5jZAvblRtlj8IYQe+2z1PHWEu6v+l5xzZlrTZE/pZ/4="},"chainType":1,"messageKeys":{}}},"pendingPreKey":{"signedKeyId":15529200,"baseKey":"BXNtVdUnqbC6OtEy7SqPT5D8p94P7vQFYrdvHAmafj5U","preKeyId":1671}},"BRoz4yNlyqWkjx5OX+GCjiqC15saAPpqo/kovWPn7NtV":{"registrationId":861472234,"currentRatchet":{"ephemeralKeyPair":{"pubKey":"BaqApdauqhW2jvGSyydqvi/pvpiTE+dLauPejMvUrjRK","privKey":"YGPtcZEJr8Azt6PzRav3SUhqSoJi6XUGZsfPduKWO0s="},"lastRemoteEphemeralKey":"BezJB1WwF69HRvaa9xuT48YYIuFcrGLD0frgmntpRbZ/","previousCounter":0,"rootKey":"VQ+YXkLvj9Ogo68XUkXVt7Si8/zUXB2jZ+HxeX5RXNU="},"indexInfo":{"baseKey":"BRoz4yNlyqWkjx5OX+GCjiqC15saAPpqo/kovWPn7NtV","baseKeyType":1,"closed":1743269476583,"used":1743269476128,"created":1743269476128,"remoteIdentityKey":"BV3xzefFV13599c5IhwekAapccL6kIDwA0/TvtgJxhty"},"_chains":{"BaqApdauqhW2jvGSyydqvi/pvpiTE+dLauPejMvUrjRK":{"chainKey":{"counter":-1,"key":"WkJvcCFBc41cXOtPF8Ew1EnSlP3+blddUVIt+u7YfCM="},"chainType":1,"messageKeys":{}}},"pendingPreKey":{"signedKeyId":15529200,"baseKey":"BRoz4yNlyqWkjx5OX+GCjiqC15saAPpqo/kovWPn7NtV","preKeyId":2303}},"BRTOPRZSA7jteD4JoWR/anJ2ydtUuSHsCtF9BbYcY4lE":{"registrationId":861472234,"currentRatchet":{"ephemeralKeyPair":{"pubKey":"BR6lLo28Mp9GfCwGJ9vfBfxVhoyy2voD1HKNORQ6rKAe","privKey":"CEfoxDm9xNNCPlo+jIvuUh3UqF4tOafvdcbRkZLElmw="},"lastRemoteEphemeralKey":"BezJB1WwF69HRvaa9xuT48YYIuFcrGLD0frgmntpRbZ/","previousCounter":0,"rootKey":"JQNIjS1XcaDh/kY94Ix6GCwLPgk4TwXBuDCxBKDhoVE="},"indexInfo":{"baseKey":"BRTOPRZSA7jteD4JoWR/anJ2ydtUuSHsCtF9BbYcY4lE","baseKeyType":1,"closed":1743269477042,"used":1743269476582,"created":1743269476582,"remoteIdentityKey":"BV3xzefFV13599c5IhwekAapccL6kIDwA0/TvtgJxhty"},"_chains":{"BR6lLo28Mp9GfCwGJ9vfBfxVhoyy2voD1HKNORQ6rKAe":{"chainKey":{"counter":-1,"key":"ct/G5RUyOU9QG2T/qELZwg+OYTRalEjpYM9GQZBvuHM="},"chainType":1,"messageKeys":{}}},"pendingPreKey":{"signedKeyId":15529200,"baseKey":"BRTOPRZSA7jteD4JoWR/anJ2ydtUuSHsCtF9BbYcY4lE","preKeyId":1776}},"BRvf/XK5nGpe2Q2yxLgglOa7WHmuPZdtNKU2WClUavc0":{"registrationId":861472234,"currentRatchet":{"ephemeralKeyPair":{"pubKey":"BZYv0SrDIilg/epG7thFHgArBfHdAeN3TD21y2hKKn11","privKey":"wPmKsyrnlctMhzhOXK/OsxAhSszij2A/ww1j9R3VQFw="},"lastRemoteEphemeralKey":"BezJB1WwF69HRvaa9xuT48YYIuFcrGLD0frgmntpRbZ/","previousCounter":0,"rootKey":"pUS/KiNgjIM/4+ZSbJRyzVeXleo0YHLujMXY/D9H2k4="},"indexInfo":{"baseKey":"BRvf/XK5nGpe2Q2yxLgglOa7WHmuPZdtNKU2WClUavc0","baseKeyType":1,"closed":1743269477492,"used":1743269477041,"created":1743269477041,"remoteIdentityKey":"BV3xzefFV13599c5IhwekAapccL6kIDwA0/TvtgJxhty"},"_chains":{"BZYv0SrDIilg/epG7thFHgArBfHdAeN3TD21y2hKKn11":{"chainKey":{"counter":-1,"key":"2++WIrS6+YRf+86TFS7jl9cTLYYbz5oFD9huXYqd5OU="},"chainType":1,"messageKeys":{}}},"pendingPreKey":{"signedKeyId":15529200,"baseKey":"BRvf/XK5nGpe2Q2yxLgglOa7WHmuPZdtNKU2WClUavc0","preKeyId":1733}},"BccEQ5vv6Agrota8MjyMevqqbtZ1jhNOrqyKBR8pd7w3":{"registrationId":861472234,"currentRatchet":{"ephemeralKeyPair":{"pubKey":"BWnuxsi7a7mCU6qF0WJvj7AsJ7/uthGTSE4RcvLKc7Zv","privKey":"mPDF186gL7uwQ5JfdZBptf+UubA/O/bqdkWLIOXbZ3U="},"lastRemoteEphemeralKey":"BezJB1WwF69HRvaa9xuT48YYIuFcrGLD0frgmntpRbZ/","previousCounter":0,"rootKey":"qq2sKjtXRVS18SxmnFll6lLPy0GZQo6Y0NEQCMlHtNI="},"indexInfo":{"baseKey":"BccEQ5vv6Agrota8MjyMevqqbtZ1jhNOrqyKBR8pd7w3","baseKeyType":1,"closed":1743269477956,"used":1743269477491,"created":1743269477491,"remoteIdentityKey":"BV3xzefFV13599c5IhwekAapccL6kIDwA0/TvtgJxhty"},"_chains":{"BWnuxsi7a7mCU6qF0WJvj7AsJ7/uthGTSE4RcvLKc7Zv":{"chainKey":{"counter":-1,"key":"QY5xkzZd2DMj/D1Oo07n9DmsmIsmlqqTc7avXTHf9eA="},"chainType":1,"messageKeys":{}}},"pendingPreKey":{"signedKeyId":15529200,"baseKey":"BccEQ5vv6Agrota8MjyMevqqbtZ1jhNOrqyKBR8pd7w3","preKeyId":2332}},"BaTdKWsSTmAzTZ9eBjikcrpb0ss9TBP/YHtx733gInJt":{"registrationId":861472234,"currentRatchet":{"ephemeralKeyPair":{"pubKey":"BRz5uWWFxpf8SUtJVEFxWimxtkfjtboqzMHXD2lj6BYF","privKey":"wC4jzG6SUDdRUU/iixSZYUQe82E/lU6vz7W5HUe9J3s="},"lastRemoteEphemeralKey":"BezJB1WwF69HRvaa9xuT48YYIuFcrGLD0frgmntpRbZ/","previousCounter":0,"rootKey":"3eX4l9bEjQiPEqhrC8yHwSIApMrCC3BNV/94m8vQLXs="},"indexInfo":{"baseKey":"BaTdKWsSTmAzTZ9eBjikcrpb0ss9TBP/YHtx733gInJt","baseKeyType":1,"closed":1743269478408,"used":1743269477956,"created":1743269477956,"remoteIdentityKey":"BV3xzefFV13599c5IhwekAapccL6kIDwA0/TvtgJxhty"},"_chains":{"BRz5uWWFxpf8SUtJVEFxWimxtkfjtboqzMHXD2lj6BYF":{"chainKey":{"counter":-1,"key":"5HS2j+sbrazIaaqtXo5ejKIksr6lsAln4Xc0ah77FCo="},"chainType":1,"messageKeys":{}}},"pendingPreKey":{"signedKeyId":15529200,"baseKey":"BaTdKWsSTmAzTZ9eBjikcrpb0ss9TBP/YHtx733gInJt","preKeyId":2392}},"BdSamNLHw3+XRaJ3cXm+NECAa1ZLn9wlbImZVZyogQNQ":{"registrationId":861472234,"currentRatchet":{"ephemeralKeyPair":{"pubKey":"BXVcW6cib9+Ty1yYbIz4R2aocXQV3z7HcocdZGAz+UUr","privKey":"WP8tdz2MTRlxlmNiQng8b8ov8a8NTH4ph9uW+uoyTkY="},"lastRemoteEphemeralKey":"BezJB1WwF69HRvaa9xuT48YYIuFcrGLD0frgmntpRbZ/","previousCounter":0,"rootKey":"oP5Gb3epm31eb8Lns1kaU6K6Zmwhw+kf0kyIfcZGt3c="},"indexInfo":{"baseKey":"BdSamNLHw3+XRaJ3cXm+NECAa1ZLn9wlbImZVZyogQNQ","baseKeyType":1,"closed":1743269478844,"used":1743269478407,"created":1743269478407,"remoteIdentityKey":"BV3xzefFV13599c5IhwekAapccL6kIDwA0/TvtgJxhty"},"_chains":{"BXVcW6cib9+Ty1yYbIz4R2aocXQV3z7HcocdZGAz+UUr":{"chainKey":{"counter":-1,"key":"T8qW+DsXs8ETzzaLk/dzKp6JJeFf/smL34AqtFx1GSk="},"chainType":1,"messageKeys":{}}},"pendingPreKey":{"signedKeyId":15529200,"baseKey":"BdSamNLHw3+XRaJ3cXm+NECAa1ZLn9wlbImZVZyogQNQ","preKeyId":1638}},"BQeQv5c+cm+VAiHMTxrvbbRz0YhaDGubhV76Bhdguaw9":{"registrationId":861472234,"currentRatchet":{"ephemeralKeyPair":{"pubKey":"BVCFJiqLe/hrnjH85oZv9Nu/u+cp0Sd3Lk1rYyD/aoQm","privKey":"yIE1lxvs+6TQ1GggjhSqt+Iinl+iZbBrJpxQWLhuaFU="},"lastRemoteEphemeralKey":"BezJB1WwF69HRvaa9xuT48YYIuFcrGLD0frgmntpRbZ/","previousCounter":0,"rootKey":"qjktVH+mkd1l++u2159D/LlyYGKvMj+VXKmafXgHIPI="},"indexInfo":{"baseKey":"BQeQv5c+cm+VAiHMTxrvbbRz0YhaDGubhV76Bhdguaw9","baseKeyType":1,"closed":1743269479267,"used":1743269478844,"created":1743269478844,"remoteIdentityKey":"BV3xzefFV13599c5IhwekAapccL6kIDwA0/TvtgJxhty"},"_chains":{"BVCFJiqLe/hrnjH85oZv9Nu/u+cp0Sd3Lk1rYyD/aoQm":{"chainKey":{"counter":-1,"key":"us2UWwc5zhXkv2vGgB+de7QInLhdHPPEX96ObQzPCFQ="},"chainType":1,"messageKeys":{}}},"pendingPreKey":{"signedKeyId":15529200,"baseKey":"BQeQv5c+cm+VAiHMTxrvbbRz0YhaDGubhV76Bhdguaw9","preKeyId":2297}},"BfqfZ1yCwSLDXjtABF/rz8mmSiPdu9CRje+Eo5GrmQY6":{"registrationId":861472234,"currentRatchet":{"ephemeralKeyPair":{"pubKey":"BQSCXNAjIeB1lRlJWKXNyoSzsXDsIZJToizXKrZNLot6","privKey":"KIQornliLP61rqvZFCHD+0yu5V7JkOxo4jcC+f1KM14="},"lastRemoteEphemeralKey":"BezJB1WwF69HRvaa9xuT48YYIuFcrGLD0frgmntpRbZ/","previousCounter":0,"rootKey":"tD3DJn1rRDhWjOsY+TFvUs8bR2f08ogKe1ICyjaQuVE="},"indexInfo":{"baseKey":"BfqfZ1yCwSLDXjtABF/rz8mmSiPdu9CRje+Eo5GrmQY6","baseKeyType":1,"closed":1743269479744,"used":1743269479266,"created":1743269479266,"remoteIdentityKey":"BV3xzefFV13599c5IhwekAapccL6kIDwA0/TvtgJxhty"},"_chains":{"BQSCXNAjIeB1lRlJWKXNyoSzsXDsIZJToizXKrZNLot6":{"chainKey":{"counter":-1,"key":"Vqr5a7B7X8ZwGAgWX78Pe1/rPh+ky3si+8Z5Mw0b4jY="},"chainType":1,"messageKeys":{}}},"pendingPreKey":{"signedKeyId":15529200,"baseKey":"BfqfZ1yCwSLDXjtABF/rz8mmSiPdu9CRje+Eo5GrmQY6","preKeyId":1749}},"BXwxLG/ewVAYVegSWK/PT/E5fwMxknfMNY+o0JqvbGVK":{"registrationId":861472234,"currentRatchet":{"ephemeralKeyPair":{"pubKey":"BeYUI2bBm3tSTPFhViBT9VpHhmYbaV7pG5DY+wTT535k","privKey":"AHLWQDsucIQwD6ZncfIROGyDWLZuLmC/t65zTSSc3EY="},"lastRemoteEphemeralKey":"BezJB1WwF69HRvaa9xuT48YYIuFcrGLD0frgmntpRbZ/","previousCounter":0,"rootKey":"cYzYjIobbYCmaePu1aBqnndI5m3YOe7QzAGV+FzZTYg="},"indexInfo":{"baseKey":"BXwxLG/ewVAYVegSWK/PT/E5fwMxknfMNY+o0JqvbGVK","baseKeyType":1,"closed":1743269480294,"used":1743269479743,"created":1743269479743,"remoteIdentityKey":"BV3xzefFV13599c5IhwekAapccL6kIDwA0/TvtgJxhty"},"_chains":{"BeYUI2bBm3tSTPFhViBT9VpHhmYbaV7pG5DY+wTT535k":{"chainKey":{"counter":-1,"key":"t7kyGv0QumKsIxRtsfkVrWRFx4INslcxRykHE1ok16o="},"chainType":1,"messageKeys":{}}},"pendingPreKey":{"signedKeyId":15529200,"baseKey":"BXwxLG/ewVAYVegSWK/PT/E5fwMxknfMNY+o0JqvbGVK","preKeyId":2394}},"BSSNkPkYQxmHUgIshlqGoOV1++gHGoEgynVuZVxW9+hc":{"registrationId":861472234,"currentRatchet":{"ephemeralKeyPair":{"pubKey":"Bc+ZIZE77s1IaDtC4skH7BWS/89nHA5VhvuXFRmlNIRT","privKey":"IOnGpE0gD0Bp1YqnVSjlIbaVYkCUOcfAFye/anhkL0s="},"lastRemoteEphemeralKey":"BezJB1WwF69HRvaa9xuT48YYIuFcrGLD0frgmntpRbZ/","previousCounter":0,"rootKey":"k6lgv+K5pFffBj7xGEddSb+v4o6tfXeYKllLC0ZdaA8="},"indexInfo":{"baseKey":"BSSNkPkYQxmHUgIshlqGoOV1++gHGoEgynVuZVxW9+hc","baseKeyType":1,"closed":1743269480733,"used":1743269480293,"created":1743269480293,"remoteIdentityKey":"BV3xzefFV13599c5IhwekAapccL6kIDwA0/TvtgJxhty"},"_chains":{"Bc+ZIZE77s1IaDtC4skH7BWS/89nHA5VhvuXFRmlNIRT":{"chainKey":{"counter":-1,"key":"3k/QTonplQDBYP0Rl6Gw8pHvmja8xc92jl7tT44OU9g="},"chainType":1,"messageKeys":{}}},"pendingPreKey":{"signedKeyId":15529200,"baseKey":"BSSNkPkYQxmHUgIshlqGoOV1++gHGoEgynVuZVxW9+hc","preKeyId":2321}},"BY3FAWCtHffxHLmSPl/EKVlWkWr8926bg78GYHf9Z3Eq":{"registrationId":861472234,"currentRatchet":{"ephemeralKeyPair":{"pubKey":"BdEz7dfAwaro2dLxqcn+hz62uo1pnungc2LWtxDSPcRK","privKey":"oFMQyJ7yTwrJ8CAvAXxP9VB5+tDclG7t2aKLXkWQqFc="},"lastRemoteEphemeralKey":"BezJB1WwF69HRvaa9xuT48YYIuFcrGLD0frgmntpRbZ/","previousCounter":0,"rootKey":"aZEcyMs4/OdzNJGi4mCRk338Q5nwONgB+u+2zPwn/zk="},"indexInfo":{"baseKey":"BY3FAWCtHffxHLmSPl/EKVlWkWr8926bg78GYHf9Z3Eq","baseKeyType":1,"closed":1743269481193,"used":1743269480732,"created":1743269480732,"remoteIdentityKey":"BV3xzefFV13599c5IhwekAapccL6kIDwA0/TvtgJxhty"},"_chains":{"BdEz7dfAwaro2dLxqcn+hz62uo1pnungc2LWtxDSPcRK":{"chainKey":{"counter":-1,"key":"MmGRRIjVEPz7aNMmTaaQdUGBoLFRZLv/1Q+nZfJZ5Kk="},"chainType":1,"messageKeys":{}}},"pendingPreKey":{"signedKeyId":15529200,"baseKey":"BY3FAWCtHffxHLmSPl/EKVlWkWr8926bg78GYHf9Z3Eq","preKeyId":1702}},"BUgzQUfl+9QUhemaP7aDBLMF3g5bAWlFo1aUXXhOsCN9":{"registrationId":861472234,"currentRatchet":{"ephemeralKeyPair":{"pubKey":"BZxbujBE2k7InUbsdf3qm/b62/dtz1efBGo9yp0zCfFF","privKey":"EFB3RXz+K+4fqhXR9JcRKh94kuHGNXj2mLG2Gku62F8="},"lastRemoteEphemeralKey":"BezJB1WwF69HRvaa9xuT48YYIuFcrGLD0frgmntpRbZ/","previousCounter":0,"rootKey":"137qOPFD3KlG/SjVnsRYuAI62phgasxDde+avMKOCR0="},"indexInfo":{"baseKey":"BUgzQUfl+9QUhemaP7aDBLMF3g5bAWlFo1aUXXhOsCN9","baseKeyType":1,"closed":1743269481645,"used":1743269481193,"created":1743269481193,"remoteIdentityKey":"BV3xzefFV13599c5IhwekAapccL6kIDwA0/TvtgJxhty"},"_chains":{"BZxbujBE2k7InUbsdf3qm/b62/dtz1efBGo9yp0zCfFF":{"chainKey":{"counter":-1,"key":"o/iStpWTScpWvIQe5MFKjSk56oB2aSYwDcZ/UA0dR+o="},"chainType":1,"messageKeys":{}}},"pendingPreKey":{"signedKeyId":15529200,"baseKey":"BUgzQUfl+9QUhemaP7aDBLMF3g5bAWlFo1aUXXhOsCN9","preKeyId":1747}},"BZjdZf3ssIxljND7i71S7/JacHf9J0UD2Ugyjfum8pwh":{"registrationId":861472234,"currentRatchet":{"ephemeralKeyPair":{"pubKey":"Be6JqA1OhYJPp3VTnvDTBKQv0ad6iGDvUlVK5FxGKgxO","privKey":"oMADlzc8LcSoPSfQqDBG9Kkg80F5GBuufHc9E0ynu1Q="},"lastRemoteEphemeralKey":"BezJB1WwF69HRvaa9xuT48YYIuFcrGLD0frgmntpRbZ/","previousCounter":0,"rootKey":"+DWtx3hBSOHbaO4hsBQT0TfVEunBuhZD8F2R4p25fJU="},"indexInfo":{"baseKey":"BZjdZf3ssIxljND7i71S7/JacHf9J0UD2Ugyjfum8pwh","baseKeyType":1,"closed":1743269482106,"used":1743269481645,"created":1743269481645,"remoteIdentityKey":"BV3xzefFV13599c5IhwekAapccL6kIDwA0/TvtgJxhty"},"_chains":{"Be6JqA1OhYJPp3VTnvDTBKQv0ad6iGDvUlVK5FxGKgxO":{"chainKey":{"counter":-1,"key":"uCN7qcK3/cm63Qw1ZWCJqnCZ1fLEg70kz1lLzYYLVzA="},"chainType":1,"messageKeys":{}}},"pendingPreKey":{"signedKeyId":15529200,"baseKey":"BZjdZf3ssIxljND7i71S7/JacHf9J0UD2Ugyjfum8pwh","preKeyId":1654}},"BTK7ljoxJXzKM1GPRdLdfnHDMoRf7icJibtwpD73LoRK":{"registrationId":861472234,"currentRatchet":{"ephemeralKeyPair":{"pubKey":"BSE6NyZNK4s+b0DUMNBhQBX0O3Mjf5yUSK8PjcstD9pG","privKey":"MNYsfBTcxJOgn3fL5An+/gLBv8eQRS6N63PHlUXKb3U="},"lastRemoteEphemeralKey":"BezJB1WwF69HRvaa9xuT48YYIuFcrGLD0frgmntpRbZ/","previousCounter":0,"rootKey":"siwtZOMwD0mNzTlpiXG+1+aw/r85HSjzzSkRbH96t1M="},"indexInfo":{"baseKey":"BTK7ljoxJXzKM1GPRdLdfnHDMoRf7icJibtwpD73LoRK","baseKeyType":1,"closed":1743269482573,"used":1743269482105,"created":1743269482105,"remoteIdentityKey":"BV3xzefFV13599c5IhwekAapccL6kIDwA0/TvtgJxhty"},"_chains":{"BSE6NyZNK4s+b0DUMNBhQBX0O3Mjf5yUSK8PjcstD9pG":{"chainKey":{"counter":-1,"key":"PjCDBhqHPZYVEy/cWJ5ZRvfyvmX9y+2oCTxXw+hlPQo="},"chainType":1,"messageKeys":{}}},"pendingPreKey":{"signedKeyId":15529200,"baseKey":"BTK7ljoxJXzKM1GPRdLdfnHDMoRf7icJibtwpD73LoRK","preKeyId":1779}},"BeqaKBg55719MTzbxub4q2YZbMtcm1SqVDY1CYmx2EF+":{"registrationId":861472234,"currentRatchet":{"ephemeralKeyPair":{"pubKey":"BSA97vVyqL2iTUgkJPzGD33c51rL69ohgV+CCSKFxURx","privKey":"qMzna5S/DroeBHO4uBPibtECdtiK0gt3AxpW695N/Wo="},"lastRemoteEphemeralKey":"BezJB1WwF69HRvaa9xuT48YYIuFcrGLD0frgmntpRbZ/","previousCounter":0,"rootKey":"LgiUym2WzKVB6OhQ9Dc3u9IWl+Zj/RhpNNs1Oh2y0f4="},"indexInfo":{"baseKey":"BeqaKBg55719MTzbxub4q2YZbMtcm1SqVDY1CYmx2EF+","baseKeyType":1,"closed":1743269483023,"used":1743269482572,"created":1743269482572,"remoteIdentityKey":"BV3xzefFV13599c5IhwekAapccL6kIDwA0/TvtgJxhty"},"_chains":{"BSA97vVyqL2iTUgkJPzGD33c51rL69ohgV+CCSKFxURx":{"chainKey":{"counter":-1,"key":"58xL0sNgghBePVEneprotJaMH9N2uMIQuAT1dqRDtDs="},"chainType":1,"messageKeys":{}}},"pendingPreKey":{"signedKeyId":15529200,"baseKey":"BeqaKBg55719MTzbxub4q2YZbMtcm1SqVDY1CYmx2EF+","preKeyId":2295}},"BfbFheAbgM2cMWEcyW5k4CcNauQQovwJPUMfKrcssixT":{"registrationId":861472234,"currentRatchet":{"ephemeralKeyPair":{"pubKey":"BfPRUtBea/km1XT/07UC6EjKOnQXtT28XWni5d1HQV9/","privKey":"aHovvdrlAGeBG7gg5XAs6uSkNjKmsjImS9tUTJglF1g="},"lastRemoteEphemeralKey":"BezJB1WwF69HRvaa9xuT48YYIuFcrGLD0frgmntpRbZ/","previousCounter":0,"rootKey":"Shc1HmK8N/JYwCIEKS2binCIMWIrFebSLLE/qrXJISA="},"indexInfo":{"baseKey":"BfbFheAbgM2cMWEcyW5k4CcNauQQovwJPUMfKrcssixT","baseKeyType":1,"closed":1743269483504,"used":1743269483022,"created":1743269483022,"remoteIdentityKey":"BV3xzefFV13599c5IhwekAapccL6kIDwA0/TvtgJxhty"},"_chains":{"BfPRUtBea/km1XT/07UC6EjKOnQXtT28XWni5d1HQV9/":{"chainKey":{"counter":-1,"key":"xWwTcP9iwo0PwUAt/+zFUfc8mnptrNBqb14RnJ8smT4="},"chainType":1,"messageKeys":{}}},"pendingPreKey":{"signedKeyId":15529200,"baseKey":"BfbFheAbgM2cMWEcyW5k4CcNauQQovwJPUMfKrcssixT","preKeyId":2322}},"BT38fhn3GjSg/EAX2ZIdKkO+UEQKs3G/F2UKc2mVf/Eq":{"registrationId":861472234,"currentRatchet":{"ephemeralKeyPair":{"pubKey":"BXsp3RKEobD9lJmhAOHnXBJECII/RQo/UIcwgehGMmQk","privKey":"qEyZk1fauC8+hysBmBZUWSPKNv9MtBdVuz71KcPEXEI="},"lastRemoteEphemeralKey":"BezJB1WwF69HRvaa9xuT48YYIuFcrGLD0frgmntpRbZ/","previousCounter":0,"rootKey":"Vk52rah5AgeMP6AwDiXQrkwQ4CTq3KRocGv+bUAlooM="},"indexInfo":{"baseKey":"BT38fhn3GjSg/EAX2ZIdKkO+UEQKs3G/F2UKc2mVf/Eq","baseKeyType":1,"closed":1743269483989,"used":1743269483503,"created":1743269483503,"remoteIdentityKey":"BV3xzefFV13599c5IhwekAapccL6kIDwA0/TvtgJxhty"},"_chains":{"BXsp3RKEobD9lJmhAOHnXBJECII/RQo/UIcwgehGMmQk":{"chainKey":{"counter":-1,"key":"hSQTxGeKdSLPvqm6wtqvZ7BN6Ix+OyArb2/vnkXw46s="},"chainType":1,"messageKeys":{}}},"pendingPreKey":{"signedKeyId":15529200,"baseKey":"BT38fhn3GjSg/EAX2ZIdKkO+UEQKs3G/F2UKc2mVf/Eq","preKeyId":2337}},"BW/3oWAxcXrfBPHtjcn/DEPKdI2Xi+WSsLoKwfm5Uu9k":{"registrationId":861472234,"currentRatchet":{"ephemeralKeyPair":{"pubKey":"Becg+sRKwLyQDwirHThJsTfAZewWd1deBTDCjH09qdQX","privKey":"CM4RD9I17kB42e2IZnm4LKmLisUZe8eHUJDZlNYQ4Ho="},"lastRemoteEphemeralKey":"BezJB1WwF69HRvaa9xuT48YYIuFcrGLD0frgmntpRbZ/","previousCounter":0,"rootKey":"zfERTxPh5SW+RjbxC1SNzyAs77j+eWoi26Q41G6PBVU="},"indexInfo":{"baseKey":"BW/3oWAxcXrfBPHtjcn/DEPKdI2Xi+WSsLoKwfm5Uu9k","baseKeyType":1,"closed":1743269484447,"used":1743269483989,"created":1743269483989,"remoteIdentityKey":"BV3xzefFV13599c5IhwekAapccL6kIDwA0/TvtgJxhty"},"_chains":{"Becg+sRKwLyQDwirHThJsTfAZewWd1deBTDCjH09qdQX":{"chainKey":{"counter":-1,"key":"s3eL/67EP0kNxwqZv+nYwPiiCHoEvAd6va0I1IvbuYs="},"chainType":1,"messageKeys":{}}},"pendingPreKey":{"signedKeyId":15529200,"baseKey":"BW/3oWAxcXrfBPHtjcn/DEPKdI2Xi+WSsLoKwfm5Uu9k","preKeyId":1734}},"BR9HvRCp6o7FRDWMgPJTyCSJHX4kXQmNgauOWMgCni4z":{"registrationId":861472234,"currentRatchet":{"ephemeralKeyPair":{"pubKey":"BSbvX0ZKL5GTwFseA5R27YrXRpDB2c40qnMpLmOWlKgr","privKey":"4NYNa3+WjSGW4jTAU1DT1EC20UARqAwjhPeE36o+Mn4="},"lastRemoteEphemeralKey":"BezJB1WwF69HRvaa9xuT48YYIuFcrGLD0frgmntpRbZ/","previousCounter":0,"rootKey":"ZLzVoG+10ZHcPYCG0xqi6yzBZPpmIOz+KyV8R6duwBk="},"indexInfo":{"baseKey":"BR9HvRCp6o7FRDWMgPJTyCSJHX4kXQmNgauOWMgCni4z","baseKeyType":1,"closed":1743269484890,"used":1743269484446,"created":1743269484446,"remoteIdentityKey":"BV3xzefFV13599c5IhwekAapccL6kIDwA0/TvtgJxhty"},"_chains":{"BSbvX0ZKL5GTwFseA5R27YrXRpDB2c40qnMpLmOWlKgr":{"chainKey":{"counter":-1,"key":"m7npa9wJNfLB9HltNYDqNrqgt0MkBcyekShwjzAT/ZM="},"chainType":1,"messageKeys":{}}},"pendingPreKey":{"signedKeyId":15529200,"baseKey":"BR9HvRCp6o7FRDWMgPJTyCSJHX4kXQmNgauOWMgCni4z","preKeyId":1720}},"BXV6icbk3wSL2LugY9dVjr9TvEHHwBOBeBMtVsXu/t1K":{"registrationId":861472234,"currentRatchet":{"ephemeralKeyPair":{"pubKey":"Bfz9tggmofbNT+LI69BpqcKjiHu4S5Sis7UZyg4dkKIM","privKey":"cH7tirvvotBtvvy4YiIVuojVwb7QplDQayNRoqC8Okc="},"lastRemoteEphemeralKey":"BezJB1WwF69HRvaa9xuT48YYIuFcrGLD0frgmntpRbZ/","previousCounter":0,"rootKey":"lPjFj1IZNinp4yRAD2atSEWrbJZHr+NFi0d1PwPFZS4="},"indexInfo":{"baseKey":"BXV6icbk3wSL2LugY9dVjr9TvEHHwBOBeBMtVsXu/t1K","baseKeyType":1,"closed":1743269485324,"used":1743269484889,"created":1743269484889,"remoteIdentityKey":"BV3xzefFV13599c5IhwekAapccL6kIDwA0/TvtgJxhty"},"_chains":{"Bfz9tggmofbNT+LI69BpqcKjiHu4S5Sis7UZyg4dkKIM":{"chainKey":{"counter":-1,"key":"T9kCi4slkez5D/XWVuZmnF5jPJkLH0ahIr561iIS+XA="},"chainType":1,"messageKeys":{}}},"pendingPreKey":{"signedKeyId":15529200,"baseKey":"BXV6icbk3wSL2LugY9dVjr9TvEHHwBOBeBMtVsXu/t1K","preKeyId":1644}},"BYcJVgdgGFqbXLL9iREA8DW1NdPlklfBudma/viO7cMY":{"registrationId":861472234,"currentRatchet":{"ephemeralKeyPair":{"pubKey":"BfJEQsS4RjmMi+lnZzwlgmGDrKR34iCTMwmQYPsSSwdo","privKey":"2ND1KVjeM+kUQhBRsySj/bmFLYDLjfRl2FBtioyXAFw="},"lastRemoteEphemeralKey":"BezJB1WwF69HRvaa9xuT48YYIuFcrGLD0frgmntpRbZ/","previousCounter":0,"rootKey":"Nw3sqM+CCZogf4NM0JT9/sEL4ry0gBjueWbR5tvncU0="},"indexInfo":{"baseKey":"BYcJVgdgGFqbXLL9iREA8DW1NdPlklfBudma/viO7cMY","baseKeyType":1,"closed":1743269485772,"used":1743269485324,"created":1743269485324,"remoteIdentityKey":"BV3xzefFV13599c5IhwekAapccL6kIDwA0/TvtgJxhty"},"_chains":{"BfJEQsS4RjmMi+lnZzwlgmGDrKR34iCTMwmQYPsSSwdo":{"chainKey":{"counter":-1,"key":"etGuumI3BfOmCU/eYxoRqBio1CFM5seohtCelLpksmU="},"chainType":1,"messageKeys":{}}},"pendingPreKey":{"signedKeyId":15529200,"baseKey":"BYcJVgdgGFqbXLL9iREA8DW1NdPlklfBudma/viO7cMY","preKeyId":1657}},"BWH1zvVDoJXshejxGOswTcSARlsTUsAXiWozUL2ea6cF":{"registrationId":861472234,"currentRatchet":{"ephemeralKeyPair":{"pubKey":"BWizGypI0qW/HxJxZfQOi/GqOzNFhabh3/0fUnIXhMde","privKey":"4AVizAHQnykUDuk1mK8M11OpBeuAFGRhu0co2s66XXg="},"lastRemoteEphemeralKey":"BezJB1WwF69HRvaa9xuT48YYIuFcrGLD0frgmntpRbZ/","previousCounter":0,"rootKey":"ap/KYhnYFugZhuYTy4ZEddi9yXwIgqj3+BUCyM6qXfU="},"indexInfo":{"baseKey":"BWH1zvVDoJXshejxGOswTcSARlsTUsAXiWozUL2ea6cF","baseKeyType":1,"closed":1743269486205,"used":1743269485771,"created":1743269485771,"remoteIdentityKey":"BV3xzefFV13599c5IhwekAapccL6kIDwA0/TvtgJxhty"},"_chains":{"BWizGypI0qW/HxJxZfQOi/GqOzNFhabh3/0fUnIXhMde":{"chainKey":{"counter":-1,"key":"Qh5ftM36Dhne1wWGO3NIFIxvDF6AdiZZy9MsMcf5bRI="},"chainType":1,"messageKeys":{}}},"pendingPreKey":{"signedKeyId":15529200,"baseKey":"BWH1zvVDoJXshejxGOswTcSARlsTUsAXiWozUL2ea6cF","preKeyId":1731}},"BUtR8/VExain8fDjdccgZYkAbiYRS7AooqP3elf7h1Ze":{"registrationId":861472234,"currentRatchet":{"ephemeralKeyPair":{"pubKey":"BfeyIEfHcRUoGBeGKTVry628ZLKAdLxlo3F8wUM2Rm4n","privKey":"6LGGwXl9bWqx2R/Hebn/Ksj8SlXvzTPiBJvsoDfAsn0="},"lastRemoteEphemeralKey":"BezJB1WwF69HRvaa9xuT48YYIuFcrGLD0frgmntpRbZ/","previousCounter":0,"rootKey":"r1W/28Gb1j7M55YB0ZfpLrOB8m3oUET8woQH2m09678="},"indexInfo":{"baseKey":"BUtR8/VExain8fDjdccgZYkAbiYRS7AooqP3elf7h1Ze","baseKeyType":1,"closed":1743269486647,"used":1743269486204,"created":1743269486204,"remoteIdentityKey":"BV3xzefFV13599c5IhwekAapccL6kIDwA0/TvtgJxhty"},"_chains":{"BfeyIEfHcRUoGBeGKTVry628ZLKAdLxlo3F8wUM2Rm4n":{"chainKey":{"counter":-1,"key":"xAOWK0qfmQY9pIU0XG/bWepKN1jNxg8coZy6gNvV15Q="},"chainType":1,"messageKeys":{}}},"pendingPreKey":{"signedKeyId":15529200,"baseKey":"BUtR8/VExain8fDjdccgZYkAbiYRS7AooqP3elf7h1Ze","preKeyId":1704}},"BdLne4Pqdf5JT9ut7qtU1GhAn+U8yYxnDshsxGMWdUFO":{"registrationId":861472234,"currentRatchet":{"ephemeralKeyPair":{"pubKey":"BU+XGs5ukmlA+ZX45olD3H/y0ounhV01NtqLek+4PhVR","privKey":"GPwd136DvZdbQk6RATYdqDF3hyIHjJgdtjXy8eRGC2Y="},"lastRemoteEphemeralKey":"BezJB1WwF69HRvaa9xuT48YYIuFcrGLD0frgmntpRbZ/","previousCounter":0,"rootKey":"LDZok0tMRDkiyqazkn6c2ogn5Tvh/5phSxcWrLERJlo="},"indexInfo":{"baseKey":"BdLne4Pqdf5JT9ut7qtU1GhAn+U8yYxnDshsxGMWdUFO","baseKeyType":1,"closed":1743269487102,"used":1743269486647,"created":1743269486647,"remoteIdentityKey":"BV3xzefFV13599c5IhwekAapccL6kIDwA0/TvtgJxhty"},"_chains":{"BU+XGs5ukmlA+ZX45olD3H/y0ounhV01NtqLek+4PhVR":{"chainKey":{"counter":-1,"key":"Ndje14K/PHNWEiv9SQ56Grxn2GsoR0ATQ+8sxcXyMqs="},"chainType":1,"messageKeys":{}}},"pendingPreKey":{"signedKeyId":15529200,"baseKey":"BdLne4Pqdf5JT9ut7qtU1GhAn+U8yYxnDshsxGMWdUFO","preKeyId":2330}},"BUrP7EHbEFYmmnS2Nm1mmZr5EcEZ2ngjTSpoHSZQna8y":{"registrationId":861472234,"currentRatchet":{"ephemeralKeyPair":{"pubKey":"BfIcrbApOg9n8kVvhBeOBrXzie3mfRthQFK7KL6pP4Q+","privKey":"uPkRcHbcPfucdb7M0YpJFKwLhs0Ltmuoh7a0poxa0W0="},"lastRemoteEphemeralKey":"BezJB1WwF69HRvaa9xuT48YYIuFcrGLD0frgmntpRbZ/","previousCounter":0,"rootKey":"jbBiM23kjYGhXOPsak5m+FApHLTGyRo5knS0TWFv0w0="},"indexInfo":{"baseKey":"BUrP7EHbEFYmmnS2Nm1mmZr5EcEZ2ngjTSpoHSZQna8y","baseKeyType":1,"closed":1743269487555,"used":1743269487101,"created":1743269487101,"remoteIdentityKey":"BV3xzefFV13599c5IhwekAapccL6kIDwA0/TvtgJxhty"},"_chains":{"BfIcrbApOg9n8kVvhBeOBrXzie3mfRthQFK7KL6pP4Q+":{"chainKey":{"counter":-1,"key":"o0dwIU3nMw+DrqmWu3nsvCASRSIOSbtQTZ3xt9RB7Ww="},"chainType":1,"messageKeys":{}}},"pendingPreKey":{"signedKeyId":15529200,"baseKey":"BUrP7EHbEFYmmnS2Nm1mmZr5EcEZ2ngjTSpoHSZQna8y","preKeyId":2334}},"BQGhSme8A8r8Z4Fjo/7z8M49D6bRhvyFvgy8jcQhjoVd":{"registrationId":861472234,"currentRatchet":{"ephemeralKeyPair":{"pubKey":"Bc4in6SqWmhLGzSH25x9YsMEKp0tlnwhE5GGnYc6+SpT","privKey":"+DWpkxWvpjXX+102bAqUFGr5GEAkz5+GDWBlfgVHFnE="},"lastRemoteEphemeralKey":"BezJB1WwF69HRvaa9xuT48YYIuFcrGLD0frgmntpRbZ/","previousCounter":0,"rootKey":"dX0rORN+7KOrIyUwvY7FuY+1BpulQ8GXyCEjWbA/R6w="},"indexInfo":{"baseKey":"BQGhSme8A8r8Z4Fjo/7z8M49D6bRhvyFvgy8jcQhjoVd","baseKeyType":1,"closed":1743329589388,"used":1743269487555,"created":1743269487555,"remoteIdentityKey":"BV3xzefFV13599c5IhwekAapccL6kIDwA0/TvtgJxhty"},"_chains":{"Bc4in6SqWmhLGzSH25x9YsMEKp0tlnwhE5GGnYc6+SpT":{"chainKey":{"counter":88,"key":"JV/jbnE4gUx24dt7dsYnkCfHrwHiYCpTLue6vJ4ILSE="},"chainType":1,"messageKeys":{}}},"pendingPreKey":{"signedKeyId":15529200,"baseKey":"BQGhSme8A8r8Z4Fjo/7z8M49D6bRhvyFvgy8jcQhjoVd","preKeyId":1757}},"BWCbKg7vJ8PYeH2o/627rxuORye8+98bbjtpJQfmT/sD":{"registrationId":861472234,"currentRatchet":{"ephemeralKeyPair":{"pubKey":"BWgAqF6+zJT+jtj4Ky8PuiziY1cjWEfhSHG31mAK53or","privKey":"kEeLOGa9dvvftAgSY8DPT53XMqPjAxcW2mbqUg0k+2E="},"lastRemoteEphemeralKey":"BezJB1WwF69HRvaa9xuT48YYIuFcrGLD0frgmntpRbZ/","previousCounter":0,"rootKey":"ZgLt4Jy32ck73y/tyvUbCNv4R5tCORQCOaTg9MzyT9s="},"indexInfo":{"baseKey":"BWCbKg7vJ8PYeH2o/627rxuORye8+98bbjtpJQfmT/sD","baseKeyType":1,"closed":-1,"used":1743329589387,"created":1743329589387,"remoteIdentityKey":"BV3xzefFV13599c5IhwekAapccL6kIDwA0/TvtgJxhty"},"_chains":{"BWgAqF6+zJT+jtj4Ky8PuiziY1cjWEfhSHG31mAK53or":{"chainKey":{"counter":12,"key":"BjAOSXaIvIWL2UqwDGShijYvAAMTGhQSd+UIYVQEisw="},"chainType":1,"messageKeys":{}}},"pendingPreKey":{"signedKeyId":15529200,"baseKey":"BWCbKg7vJ8PYeH2o/627rxuORye8+98bbjtpJQfmT/sD","preKeyId":1758}}},"version":"v1"}