{"_sessions":{"BW817JHLG9g/5yZ2jAzSngACyoRnkhlytVu0DuxKh99i":{"registrationId":1714791263,"currentRatchet":{"ephemeralKeyPair":{"pubKey":"BQWNK6OTk7A/UPvrIqZIFKHpn9OBqb2364owFXAHJwAj","privKey":"KFNSwjEkb5CJcOe5ZCcI8Qc3H2W8n4YajXQbO7cjQn8="},"lastRemoteEphemeralKey":"Bc/wVM7YKDuAtAXMW5r+ENXbXaKSrOP9F9ezZEM6uJlX","previousCounter":0,"rootKey":"IpmLqXIjzmt0cs7tFjJHUN+lu4vtxBNZiKNffj1NAOs="},"indexInfo":{"baseKey":"BW817JHLG9g/5yZ2jAzSngACyoRnkhlytVu0DuxKh99i","baseKeyType":1,"closed":-1,"used":1743257675431,"created":1743257675431,"remoteIdentityKey":"BZ9YXrdK99TV0VFz7En+qcTryqG/E9R4llag5vqqtyJY"},"_chains":{"BQWNK6OTk7A/UPvrIqZIFKHpn9OBqb2364owFXAHJwAj":{"chainKey":{"counter":7,"key":"1falK+eifJrI4k5tjkrzSBhcq/VHLR5X0r/4t5sfjwY="},"chainType":1,"messageKeys":{}}},"pendingPreKey":{"signedKeyId":3,"baseKey":"BW817JHLG9g/5yZ2jAzSngACyoRnkhlytVu0DuxKh99i"}}},"version":"v1"}