{"_sessions":{"BXUfQ1sLWPiEyE2Y1CclvOdr24w0QIwQvXXa2iIc1JIH":{"registrationId":2121149149,"currentRatchet":{"ephemeralKeyPair":{"pubKey":"BfYuE4M4XZJEfnC/AgrLxjJD5u5q5Jhfg6EMNa6txs5a","privKey":"mKuXBfAtupEU9CB/8A1w9vZ/50AyAtOZgigLM6JfG2g="},"lastRemoteEphemeralKey":"Bd0OsE7xGqPS9h7Sx2Y5ykByAENYVx0FeCsM77aeirVa","previousCounter":10,"rootKey":"ALtqGgSKmFnJMe11dnvfvNELmyb0ts4J/sG6Gyr4QCI="},"indexInfo":{"baseKey":"BXUfQ1sLWPiEyE2Y1CclvOdr24w0QIwQvXXa2iIc1JIH","baseKeyType":1,"closed":1743329287609,"used":1743319925214,"created":1743257675510,"remoteIdentityKey":"BQJRqBBqL4PFFDK338XQOAPL0sKd3v3TOAwc6QTfTHJQ"},"_chains":{"Bd0OsE7xGqPS9h7Sx2Y5ykByAENYVx0FeCsM77aeirVa":{"chainKey":{"counter":0,"key":"waFON5rAT+zWg/wfslKCAim5km+orQ5eyfWx8k0lCz4="},"chainType":2,"messageKeys":{}},"BfYuE4M4XZJEfnC/AgrLxjJD5u5q5Jhfg6EMNa6txs5a":{"chainKey":{"counter":40,"key":"qwknA/epQN9Y1zJUiCWJBUtDYIuh7Z531focHUZ9RQE="},"chainType":1,"messageKeys":{}}}},"BQv8HI+gw8AieRFe9QV7GcMHEFpyIGPNkDeFuxSbjtpD":{"registrationId":2121149149,"currentRatchet":{"ephemeralKeyPair":{"pubKey":"BXg5W82iqrUzM1av6BqrmcwOQhBecjoor0t4PpHolrFB","privKey":"SGZXJnmWyBN7RconoLJYAvmKPI65XZ+Zl5wuvn3SUHM="},"lastRemoteEphemeralKey":"Bf5S+WgT4fhXm/D4yCWkTe3rXaU0Ws6wJff4eocnXgle","previousCounter":0,"rootKey":"A/GjxnwJfzwN8tIbkIOaCSp+4AABPE9qMSKIdzkMCJM="},"indexInfo":{"baseKey":"BQv8HI+gw8AieRFe9QV7GcMHEFpyIGPNkDeFuxSbjtpD","baseKeyType":1,"closed":1743329345537,"used":1743329287609,"created":1743329287609,"remoteIdentityKey":"BQJRqBBqL4PFFDK338XQOAPL0sKd3v3TOAwc6QTfTHJQ"},"_chains":{"BXg5W82iqrUzM1av6BqrmcwOQhBecjoor0t4PpHolrFB":{"chainKey":{"counter":23,"key":"aJLMVx9KXE5yfPPXmsiX6ycYuTeELq8+0BEmFpyBJVI="},"chainType":1,"messageKeys":{}}},"pendingPreKey":{"signedKeyId":741183,"baseKey":"BQv8HI+gw8AieRFe9QV7GcMHEFpyIGPNkDeFuxSbjtpD","preKeyId":910}},"BZaJRkYHnjJjoPXs+PFi/RC3gYilFG6g07EFTHiHmJUp":{"registrationId":2121149149,"currentRatchet":{"ephemeralKeyPair":{"pubKey":"BY+dq2cei9jw8VyCO7SePaCqMQ7iY74f4BCPmby6bsZu","privKey":"ABnCFhWVh6sCJAA9fYZRRq4hzv9WAIAJsc8xL5qLu2I="},"lastRemoteEphemeralKey":"Bf5S+WgT4fhXm/D4yCWkTe3rXaU0Ws6wJff4eocnXgle","previousCounter":0,"rootKey":"vxPmHcALZ1pchxejLPZCj/Hwny5k2RMvCj3XZNIP4ik="},"indexInfo":{"baseKey":"BZaJRkYHnjJjoPXs+PFi/RC3gYilFG6g07EFTHiHmJUp","baseKeyType":1,"closed":-1,"used":1743329345536,"created":1743329345536,"remoteIdentityKey":"BQJRqBBqL4PFFDK338XQOAPL0sKd3v3TOAwc6QTfTHJQ"},"_chains":{"BY+dq2cei9jw8VyCO7SePaCqMQ7iY74f4BCPmby6bsZu":{"chainKey":{"counter":33,"key":"c9aHJ0ADalgQWJVR2AjOEE/y3rCLhYnGpCId5j44+BE="},"chainType":1,"messageKeys":{}}},"pendingPreKey":{"signedKeyId":741183,"baseKey":"BZaJRkYHnjJjoPXs+PFi/RC3gYilFG6g07EFTHiHmJUp","preKeyId":1031}}},"version":"v1"}