{"_sessions":{"BRIQ+QQPGJWZI76CfJIUQT3FahZ8vc8UfMP2XUNTMuM6":{"registrationId":1908559260,"currentRatchet":{"ephemeralKeyPair":{"pubKey":"BSuNgYgbadBpzfla2bIoUvTUTb0DMUvtPrT9T2r2yIQ/","privKey":"iJyYV7eBt+4N90H0cmZEsXQIfrU98OwjyjqtGVtaEXI="},"lastRemoteEphemeralKey":"BcnKoNSCXjynQb/y25DckE4mfaP66T/48CV99vJa1yMF","previousCounter":2,"rootKey":"hp+awHK1y6RutHmAQ6psOBYTCt7KJ7xSmvbUBH0CYoY="},"indexInfo":{"baseKey":"BRIQ+QQPGJWZI76CfJIUQT3FahZ8vc8UfMP2XUNTMuM6","baseKeyType":1,"closed":-1,"used":1743321186408,"created":1743319956787,"remoteIdentityKey":"BUXnPzOa+IU4a0WBh/O8x/MQdArfxOxFXPK8W0at1pYN"},"_chains":{"BcnKoNSCXjynQb/y25DckE4mfaP66T/48CV99vJa1yMF":{"chainKey":{"counter":10,"key":"pIDWnUOurlOdKeFvVwqkWd7Z/aJeKqYRsJcOkdMgCVs="},"chainType":2,"messageKeys":{}},"BSuNgYgbadBpzfla2bIoUvTUTb0DMUvtPrT9T2r2yIQ/":{"chainKey":{"counter":95,"key":"cxt65PTIlDmoy7ImGYqayVOpEI69ZhwG0YGElyi98EA="},"chainType":1,"messageKeys":{}}}}},"version":"v1"}