{"_sessions":{"Bas2KBVknczdjlF0qaYkIxZ8FEEBBYHzWaGPO6Z9zFdi":{"registrationId":1121320463,"currentRatchet":{"ephemeralKeyPair":{"pubKey":"BXvWXo+Ey+DYiTGe4zT35w0nWzV5fCyFeUFnCN04UhNh","privKey":"iLW8PzyAzSCG60OWY/LBXFZ6ubWEuGRWWN5/gLLajVw="},"lastRemoteEphemeralKey":"BdxW18OwRMgxmCS69G0jQDOZnZVPHW7VEZwKFuu98hIw","previousCounter":0,"rootKey":"XJ0eI0fH2oWDyzYR3FRBZ9vm5BjHM1jFoKalYpMnu04="},"indexInfo":{"baseKey":"Bas2KBVknczdjlF0qaYkIxZ8FEEBBYHzWaGPO6Z9zFdi","baseKeyType":1,"closed":-1,"used":1743257675527,"created":1743257675527,"remoteIdentityKey":"BR/jc9M1zi5cJ/wdDXtUK6p0I58CtFPglSKmfeAO5gI+"},"_chains":{"BXvWXo+Ey+DYiTGe4zT35w0nWzV5fCyFeUFnCN04UhNh":{"chainKey":{"counter":109,"key":"ITkRi9qvTKENrU/NvscMm+w5iMf0987nPaMNqpeQyRI="},"chainType":1,"messageKeys":{}}},"pendingPreKey":{"signedKeyId":13243988,"baseKey":"Bas2KBVknczdjlF0qaYkIxZ8FEEBBYHzWaGPO6Z9zFdi","preKeyId":23410}}},"version":"v1"}