{"_sessions":{"BWrx0JhN/hNsWgELqrziaQHtHYfHOdXxORRXNPvpXltz":{"registrationId":1847123467,"currentRatchet":{"ephemeralKeyPair":{"pubKey":"BQZGG8paAgIWi0n9NGpmjVzC4CVUQpy004QGQcw9AoMi","privKey":"SJ5zg/0YLPUCAybCqVc98/qxNuc9s/RLFT24ISbcaEE="},"lastRemoteEphemeralKey":"BYh6A0jSIGhTj7ukHPMlaSk4ENj7X/TnPBVUKf42f9dk","previousCounter":7,"rootKey":"YkSU2IVBlHxvXVAoWYeqNN9S7dFCkD1yEDUzVbCfgu8="},"indexInfo":{"baseKey":"BWrx0JhN/hNsWgELqrziaQHtHYfHOdXxORRXNPvpXltz","baseKeyType":1,"closed":1743329315668,"used":1743269442550,"created":1743257675503,"remoteIdentityKey":"BU95dW7aF+vS3SxNzqz0NiQGzwQu5Wax2KdPbq0mjTNS"},"_chains":{"BYh6A0jSIGhTj7ukHPMlaSk4ENj7X/TnPBVUKf42f9dk":{"chainKey":{"counter":0,"key":"vjaCiJLFYVspwJMiOpaqF9JTr20VNojUpah+Tm7LtdI="},"chainType":2,"messageKeys":{}},"BQZGG8paAgIWi0n9NGpmjVzC4CVUQpy004QGQcw9AoMi":{"chainKey":{"counter":53,"key":"GmRk/PE8Ul0A0hLv78gEdWsovMQpZfzvVvXYfxp+iqI="},"chainType":1,"messageKeys":{}}}},"BTt/4zBRR/fvAK9SF2p0AxOGSdEJDOJT2T6egOZb0PUs":{"registrationId":1847123467,"currentRatchet":{"ephemeralKeyPair":{"pubKey":"BbLInl+/NSEvUI22NZEmjaKHAtrd+u7zopmkqVVHPv1b","privKey":"QCzZhI3x2+Weh57PKiujSYvGkEH3Q5TtygdRoQXQTXA="},"lastRemoteEphemeralKey":"BRiYIaz/kPnzvoO9dbMt8jDIOeB9Xo0KaJa1G5GFZnE0","previousCounter":0,"rootKey":"zkm6cESP3PGphVfPlCxJmA7SWl4tcjFMGBUAmaM+hLg="},"indexInfo":{"baseKey":"BTt/4zBRR/fvAK9SF2p0AxOGSdEJDOJT2T6egOZb0PUs","baseKeyType":1,"closed":1743329375031,"used":1743329315668,"created":1743329315668,"remoteIdentityKey":"BU95dW7aF+vS3SxNzqz0NiQGzwQu5Wax2KdPbq0mjTNS"},"_chains":{"BbLInl+/NSEvUI22NZEmjaKHAtrd+u7zopmkqVVHPv1b":{"chainKey":{"counter":28,"key":"SLGWWUBRIB+3Mgbyihp2HtXv+bWeRORcvsFehcAcmoo="},"chainType":1,"messageKeys":{}}},"pendingPreKey":{"signedKeyId":6437225,"baseKey":"BTt/4zBRR/fvAK9SF2p0AxOGSdEJDOJT2T6egOZb0PUs","preKeyId":2938}},"BZJNXwcrG7+bhjZmpFPWXtgLKoq+9wqW5B8gSCVTVUEY":{"registrationId":1847123467,"currentRatchet":{"ephemeralKeyPair":{"pubKey":"BYRfoSLEnhPxbY0rZCL1GA1yru19j7L0/tFk/X1WPHRK","privKey":"CBDn8/m6UT1znWGMpB1G8ZQagr8HmSrSVnM80mTxQVo="},"lastRemoteEphemeralKey":"BRiYIaz/kPnzvoO9dbMt8jDIOeB9Xo0KaJa1G5GFZnE0","previousCounter":0,"rootKey":"tER1FmE3DN4gPi/XKexxU7K+Sj/mDYcWLf/BwEmFPWI="},"indexInfo":{"baseKey":"BZJNXwcrG7+bhjZmpFPWXtgLKoq+9wqW5B8gSCVTVUEY","baseKeyType":1,"closed":-1,"used":1743329375031,"created":1743329375031,"remoteIdentityKey":"BU95dW7aF+vS3SxNzqz0NiQGzwQu5Wax2KdPbq0mjTNS"},"_chains":{"BYRfoSLEnhPxbY0rZCL1GA1yru19j7L0/tFk/X1WPHRK":{"chainKey":{"counter":18,"key":"oLC+rnZQJ+TAoZC0Lv69skSyiUM8slmratwTxrko7uA="},"chainType":1,"messageKeys":{}}},"pendingPreKey":{"signedKeyId":6437225,"baseKey":"BZJNXwcrG7+bhjZmpFPWXtgLKoq+9wqW5B8gSCVTVUEY","preKeyId":2826}}},"version":"v1"}