{"_sessions":{"BUoQTKhHxLbhIvRN8bvH9MUYlhvg2j6c3uc8C1jt7qob":{"registrationId":1291770795,"currentRatchet":{"ephemeralKeyPair":{"pubKey":"BRAcTp01lGiuX4D6bZhUv6CjBDU2lp1PEKU7XqF5CRJz","privKey":"CKoiH1+5GOJraI66BT0fmTU3EEDiImZfpwoMawQ8yUY="},"lastRemoteEphemeralKey":"BcaMak0KtqszbGwRYymde1ZnF/UmnBq9EUiX5FmEhB8Z","previousCounter":0,"rootKey":"E0FyQjJ03xx14Bgc5d++ZKMGyQmoG5EN3lj/QIhpsBI="},"indexInfo":{"baseKey":"BUoQTKhHxLbhIvRN8bvH9MUYlhvg2j6c3uc8C1jt7qob","baseKeyType":1,"closed":1743329375632,"used":1743257675500,"created":1743257675500,"remoteIdentityKey":"BRCFsvQMXzW2XZyD1h8CNLptFHia5cW27cgVOk+K/n9+"},"_chains":{"BRAcTp01lGiuX4D6bZhUv6CjBDU2lp1PEKU7XqF5CRJz":{"chainKey":{"counter":90,"key":"n8hVp96QB9+RIqvvXvJ9xA8DxN3OJUuCQ8LLQvFqB+A="},"chainType":1,"messageKeys":{}}},"pendingPreKey":{"signedKeyId":11864760,"baseKey":"BUoQTKhHxLbhIvRN8bvH9MUYlhvg2j6c3uc8C1jt7qob","preKeyId":4926}},"BS2CauwjDgbfUAlVGme99FlQF6PnT6alt858+j9+h6Fj":{"registrationId":1291770795,"currentRatchet":{"ephemeralKeyPair":{"pubKey":"BeF9SaJ2uDQili80pbS7sVjMoUHh6KbELAAWHq8WAeQj","privKey":"0Nqsqxn/8wUwVAWrzCwB6iCBdKZm8m0V4vAIhkxPWX4="},"lastRemoteEphemeralKey":"BcaMak0KtqszbGwRYymde1ZnF/UmnBq9EUiX5FmEhB8Z","previousCounter":0,"rootKey":"9PxJ2I5oRFU6HMQWagaHwvG4H5sltb5WNJz2mfTuEro="},"indexInfo":{"baseKey":"BS2CauwjDgbfUAlVGme99FlQF6PnT6alt858+j9+h6Fj","baseKeyType":1,"closed":-1,"used":1743329375629,"created":1743329375629,"remoteIdentityKey":"BRCFsvQMXzW2XZyD1h8CNLptFHia5cW27cgVOk+K/n9+"},"_chains":{"BeF9SaJ2uDQili80pbS7sVjMoUHh6KbELAAWHq8WAeQj":{"chainKey":{"counter":18,"key":"dal8gcVtv37saWNfeBW3ENwXzgsoTIRLabXfORBTDVo="},"chainType":1,"messageKeys":{}}},"pendingPreKey":{"signedKeyId":11864760,"baseKey":"BS2CauwjDgbfUAlVGme99FlQF6PnT6alt858+j9+h6Fj","preKeyId":4891}}},"version":"v1"}