{"_sessions":{"BVS+rZUJ7503jDhSEvYr70w2nbXpf8R4BJPPDkX73tFv":{"registrationId":705520913,"currentRatchet":{"ephemeralKeyPair":{"pubKey":"BTis/oSLSVhx9yOmgytO4/dV6vJY5aL/bT9F1tkjr65J","privKey":"CC6q+2mZvAzQclaJcElM1qpqCf0hLfTsHrJGa/d3i3Y="},"lastRemoteEphemeralKey":"BV8jY9kS3ixOVvxdi5XKdIqJq6vClZiZjlLJ32Uh3B8k","previousCounter":0,"rootKey":"+cKF1WZLSeD3dMSg9PrQuTyrd8Wxjr9fg21p9Ut/AjY="},"indexInfo":{"baseKey":"BVS+rZUJ7503jDhSEvYr70w2nbXpf8R4BJPPDkX73tFv","baseKeyType":1,"closed":-1,"used":1743257536735,"created":1743257536735,"remoteIdentityKey":"BdPyrXKZgoKsupeo+Tbwp5C29MsniuPn+uNfrd7bJV5M"},"_chains":{"BTis/oSLSVhx9yOmgytO4/dV6vJY5aL/bT9F1tkjr65J":{"chainKey":{"counter":105,"key":"G4WSsQ2+fA+pL2YfN7DaWuzhFZiRodvgShyfKxvxIQ8="},"chainType":1,"messageKeys":{}}},"pendingPreKey":{"signedKeyId":3,"baseKey":"BVS+rZUJ7503jDhSEvYr70w2nbXpf8R4BJPPDkX73tFv","preKeyId":4914249}}},"version":"v1"}