{"_sessions":{"BYq/hBdSQNf5HD4TaCpFXjL6YhtSGGz1AfjO1dRzreF3":{"registrationId":440189405,"currentRatchet":{"ephemeralKeyPair":{"pubKey":"BeCSFKl3FmNCOpLu0d5P3J3NlX1FjF4fX8KrAWujuJ5J","privKey":"iAmubg1iG6fgeVGIyfR9+9CE4gQjMorHhwJ/qeE7U2s="},"lastRemoteEphemeralKey":"Bfz5x+cbzTEriHu/4Hc5CiYRqPt7/NX2zsnlv1qwy/EG","previousCounter":0,"rootKey":"mWQB8J9G7aYaN7V+KPtsTZf6EEq3B5ELryv46xLmwGc="},"indexInfo":{"baseKey":"BYq/hBdSQNf5HD4TaCpFXjL6YhtSGGz1AfjO1dRzreF3","baseKeyType":1,"closed":-1,"used":1743257675425,"created":1743257675425,"remoteIdentityKey":"Bd7LzSGVu9LYBW9OhhVnKDqVHizPCFeYkskuLg8c+P4U"},"_chains":{"BeCSFKl3FmNCOpLu0d5P3J3NlX1FjF4fX8KrAWujuJ5J":{"chainKey":{"counter":109,"key":"wAvJfJPgxgsvTkLsHyzsCNYd/PpoJsKaW40ms0FazB0="},"chainType":1,"messageKeys":{}}},"pendingPreKey":{"signedKeyId":5,"baseKey":"BYq/hBdSQNf5HD4TaCpFXjL6YhtSGGz1AfjO1dRzreF3","preKeyId":1058}}},"version":"v1"}