{"_sessions":{"Bd+8Zrr7MrkzVbhWCuNzxTljEin3gr1iptJj5nlVUioR":{"registrationId":1888631292,"currentRatchet":{"ephemeralKeyPair":{"pubKey":"BZy/UR0b3aVFTSvM1FPcyNIkxllEa+tFItiLfaUlRlVI","privKey":"YBdRhann5Y8w6S+IVdqxhN+fUUoScGCR7BSO9vh4s1k="},"lastRemoteEphemeralKey":"BScFKClDATsJuUOz6YqlmTttunu3DGXNoEyJEoJ1ZY8S","previousCounter":0,"rootKey":"PVB6ERU5j1ZYlqr5kgH25ZP8znKg8sogA7JhAe0acvM="},"indexInfo":{"baseKey":"Bd+8Zrr7MrkzVbhWCuNzxTljEin3gr1iptJj5nlVUioR","baseKeyType":1,"closed":-1,"used":1743319956781,"created":1743319956781,"remoteIdentityKey":"BYW7xTCp753mzHSMFuQwLnGWUva8wGWlxKqdkXuQD4Q1"},"_chains":{"BZy/UR0b3aVFTSvM1FPcyNIkxllEa+tFItiLfaUlRlVI":{"chainKey":{"counter":98,"key":"ZZMkBBg9UClcVJj/9OHg1Z0pkiIrnzbU/x1Pg5FxbF8="},"chainType":1,"messageKeys":{}}},"pendingPreKey":{"signedKeyId":9,"baseKey":"Bd+8Zrr7MrkzVbhWCuNzxTljEin3gr1iptJj5nlVUioR","preKeyId":6261182}}},"version":"v1"}