{"_sessions":{"BcVR4PbRC5RkIzZ+ixOuAWtKiVTHbDgUz0/keFv+OCVQ":{"registrationId":1221264609,"currentRatchet":{"ephemeralKeyPair":{"pubKey":"Bb4b7BjkPMF9aAH6EDB8IyNCDF3BGGOUuzSJIg0VUa9+","privKey":"UO99m28RGHeuhUMGGRcVZDY5SAomAtDg5/KLtiOZ4k8="},"lastRemoteEphemeralKey":"Bek6pfItMqHm1sPlfIrdNkpqqVoH57cUrtdx93bPyUx9","previousCounter":0,"rootKey":"DcciCFnXt39hvzjFb+WZpLuncgKddaQJLFERramLu6M="},"indexInfo":{"baseKey":"BcVR4PbRC5RkIzZ+ixOuAWtKiVTHbDgUz0/keFv+OCVQ","baseKeyType":1,"closed":-1,"used":1743257675498,"created":1743257675498,"remoteIdentityKey":"BeU3fiMYodWzQ8AfasCyzzZA+6quCnS/7hAHGUTN+nNB"},"_chains":{"Bb4b7BjkPMF9aAH6EDB8IyNCDF3BGGOUuzSJIg0VUa9+":{"chainKey":{"counter":109,"key":"LQXvSPpqlMhn0Tv/s98GeyZ0TpjTDhUvcdLD/qaRx6E="},"chainType":1,"messageKeys":{}}},"pendingPreKey":{"signedKeyId":1,"baseKey":"BcVR4PbRC5RkIzZ+ixOuAWtKiVTHbDgUz0/keFv+OCVQ","preKeyId":10668731}}},"version":"v1"}