{"_sessions":{"BchvHbAakyIkxcjImxf+oqHtf7rWgLDobiwiGkSYUYM/":{"registrationId":1834233617,"currentRatchet":{"ephemeralKeyPair":{"pubKey":"BZkuFuPnx+PihjMz/6GR+fAXsM0JD1qI0osB5YNrkWYZ","privKey":"IBZ5bwIdOzrsXHXCUbsPx3p7o+SThNgZcoqa+mdrrUE="},"lastRemoteEphemeralKey":"BcAwjAWRkLfJsN2+z3FMwwLEPMu+PXAICMaWekiDb+Vi","previousCounter":0,"rootKey":"eeWP4bpq2SvNIFFOGeRs8gjBSnwSQdvfGM5d1BnTeyE="},"indexInfo":{"baseKey":"BchvHbAakyIkxcjImxf+oqHtf7rWgLDobiwiGkSYUYM/","baseKeyType":1,"closed":-1,"used":1743257675500,"created":1743257675500,"remoteIdentityKey":"BeYrTOnn6jzmjNIbrr7YAybLwRt/SEQX11W8hZh1JKFC"},"_chains":{"BZkuFuPnx+PihjMz/6GR+fAXsM0JD1qI0osB5YNrkWYZ":{"chainKey":{"counter":109,"key":"LwkQeHHKLDmIMQXeSKb6uioUINbp+tCArKdgcoETQRw="},"chainType":1,"messageKeys":{}}},"pendingPreKey":{"signedKeyId":38,"baseKey":"BchvHbAakyIkxcjImxf+oqHtf7rWgLDobiwiGkSYUYM/","preKeyId":14751405}}},"version":"v1"}