{"_sessions":{"BecESYJRuAmuqPLkCAqI0nvA/UozrzRfpInpqaw/jaYA":{"registrationId":321973539,"currentRatchet":{"ephemeralKeyPair":{"pubKey":"BUEeDpLtbE7TFpVqDxhmQ5Q9z/xMPxg3E8tw+wSHjl5r","privKey":"kJPIlURmBnoFy5+Qao1Ftty9PNEKNW9b5C8LjwRYpUg="},"lastRemoteEphemeralKey":"BWdc4Lss5cf2lDrmMwOPkI0+zxnFbXxW16mc09lgv8hN","previousCounter":0,"rootKey":"/b2MeneIQfrVON/srAU7wBz6SYclY6IH9okUiOxu7ww="},"indexInfo":{"baseKey":"BecESYJRuAmuqPLkCAqI0nvA/UozrzRfpInpqaw/jaYA","baseKeyType":1,"closed":-1,"used":1743321271932,"created":1743321271932,"remoteIdentityKey":"BZhJqioW7J4wxZSESHq130b25zC/LR+T/GFN/Lh10vgf"},"_chains":{"BUEeDpLtbE7TFpVqDxhmQ5Q9z/xMPxg3E8tw+wSHjl5r":{"chainKey":{"counter":0,"key":"xYltXsk7ziuFo/EuBJ1DpPnAXvM+MM+9yP7WxBXbeGI="},"chainType":1,"messageKeys":{}}},"pendingPreKey":{"signedKeyId":16,"baseKey":"BecESYJRuAmuqPLkCAqI0nvA/UozrzRfpInpqaw/jaYA","preKeyId":620}}},"version":"v1"}