{"_sessions":{"BTQTGb0u0Xo8f8mGr/l8hsQwcRCPBR+G/dn0eZp1vKMi":{"registrationId":1404211006,"currentRatchet":{"ephemeralKeyPair":{"pubKey":"BTkmGTBKDUIcfURMfvbwLu0j2zg1L2UM38JalsckVyA8","privKey":"IOPQ6hxJQgbJfq0zdMG2Mvh6q4F9+6S8y+/qQkfpS1s="},"lastRemoteEphemeralKey":"BQOjybY3MDuiFigxZHoy1lDNFl8JF+TkjarMnCSp67hr","previousCounter":0,"rootKey":"C6V59n8/+pVBtfBR59WMWbs+1z5w4yVbEUGJ3NiLjIk="},"indexInfo":{"baseKey":"BTQTGb0u0Xo8f8mGr/l8hsQwcRCPBR+G/dn0eZp1vKMi","baseKeyType":1,"closed":1743329335274,"used":1743257675482,"created":1743257675482,"remoteIdentityKey":"BaN+UpH526b9GX7kPGL1eNiPy+I1KrfqYmfVMpnzEoEb"},"_chains":{"BTkmGTBKDUIcfURMfvbwLu0j2zg1L2UM38JalsckVyA8":{"chainKey":{"counter":71,"key":"L1oLMkCjjAdV1dljxD8lf38AD2rTKvNTnEeNSyqWRnE="},"chainType":1,"messageKeys":{}}},"pendingPreKey":{"signedKeyId":7130113,"baseKey":"BTQTGb0u0Xo8f8mGr/l8hsQwcRCPBR+G/dn0eZp1vKMi","preKeyId":1354}},"BQZpgp2wafRIqq7ExDytGv1TXyNKWz0xGhVk0vXw3rhA":{"registrationId":1404211006,"currentRatchet":{"ephemeralKeyPair":{"pubKey":"BVNtX8iQHy0n5IqAbgEt04JA45Ll4WGCcEhtRLT7g715","privKey":"YAqtciAx0l6abIHhD6a1fzQyJydLARgy8OhMsZMi7GY="},"lastRemoteEphemeralKey":"BQOjybY3MDuiFigxZHoy1lDNFl8JF+TkjarMnCSp67hr","previousCounter":0,"rootKey":"s69F6vVgSHMXY30X3KIse3/J5+bBatui8OQyWbMpqHw="},"indexInfo":{"baseKey":"BQZpgp2wafRIqq7ExDytGv1TXyNKWz0xGhVk0vXw3rhA","baseKeyType":1,"closed":-1,"used":1743329335273,"created":1743329335273,"remoteIdentityKey":"BaN+UpH526b9GX7kPGL1eNiPy+I1KrfqYmfVMpnzEoEb"},"_chains":{"BVNtX8iQHy0n5IqAbgEt04JA45Ll4WGCcEhtRLT7g715":{"chainKey":{"counter":37,"key":"2njAilJy//ezU7llE58d+/akwc77QyImAY9MqypN0QU="},"chainType":1,"messageKeys":{}}},"pendingPreKey":{"signedKeyId":7130113,"baseKey":"BQZpgp2wafRIqq7ExDytGv1TXyNKWz0xGhVk0vXw3rhA","preKeyId":1146}}},"version":"v1"}