{"_sessions":{"Bb2O8QTZKOBtjrYItlf3rsL+CRRUoaH5/GhzmnVEZzQG":{"registrationId":785453394,"currentRatchet":{"ephemeralKeyPair":{"pubKey":"BbjKKyOWKNe5qEhnnm7eCm9kC2f3SSHPGr8b0Kq2JSFw","privKey":"QOHAq+g0zXtSx8VjmdtaTIYVKDkBP/Ae7WFAeCR44mU="},"lastRemoteEphemeralKey":"BSWBsDANwaAfmKa/hjViclBUU96Ma9GNu5TvZ6dfCstP","previousCounter":0,"rootKey":"gr5kY4CibCORelQfwyQT6tfpJY9sXm+It0dbOLQVi1M="},"indexInfo":{"baseKey":"Bb2O8QTZKOBtjrYItlf3rsL+CRRUoaH5/GhzmnVEZzQG","baseKeyType":1,"closed":-1,"used":1743257675428,"created":1743257675428,"remoteIdentityKey":"BdNIyxmzL3oBKQvdM9+WRtVHJVGHUPoh96FoR8g1RtIB"},"_chains":{"BbjKKyOWKNe5qEhnnm7eCm9kC2f3SSHPGr8b0Kq2JSFw":{"chainKey":{"counter":109,"key":"nJeQDeLAt4jBUgDJFzH/fMR1p/28iFIlMtPikqoLO7I="},"chainType":1,"messageKeys":{}}},"pendingPreKey":{"signedKeyId":1,"baseKey":"Bb2O8QTZKOBtjrYItlf3rsL+CRRUoaH5/GhzmnVEZzQG","preKeyId":402}}},"version":"v1"}