{"_sessions":{"BUpE4Ve4e8MD105ros6KYCmOuOX+sQIU/HQPYXNDiV9K":{"registrationId":911613518,"currentRatchet":{"ephemeralKeyPair":{"pubKey":"BXpvhBy9LyavjCJ/bL6rsGVPRmMETGeMR+wia6ajXUlz","privKey":"YLfMhCLS7X2Do769spOaRzSVpOwQhwBQs0mpFDoqmEc="},"lastRemoteEphemeralKey":"BZ2Bt3uwwx8PAtcpnZYreT/zDkqMK3v6zEvPmoXzUuEI","previousCounter":0,"rootKey":"rXzgQeEa5Gs8c/RkTYbYI82tsdJmuMv7Rf807HS9Hk8="},"indexInfo":{"baseKey":"BUpE4Ve4e8MD105ros6KYCmOuOX+sQIU/HQPYXNDiV9K","baseKeyType":1,"closed":1743329313720,"used":1743257675921,"created":1743257675921,"remoteIdentityKey":"BQUf37zxABDuxx6s3/noAC+E6tasql8/Jb8FH5m72xY4"},"_chains":{"BXpvhBy9LyavjCJ/bL6rsGVPRmMETGeMR+wia6ajXUlz":{"chainKey":{"counter":60,"key":"H+gRLHnZuipw+huwL8/yqy9NexLOV23N19T7dOZM8fM="},"chainType":1,"messageKeys":{}}},"pendingPreKey":{"signedKeyId":2156127,"baseKey":"BUpE4Ve4e8MD105ros6KYCmOuOX+sQIU/HQPYXNDiV9K","preKeyId":1046}},"BVqV1ppQLYZAK3nhaLdWKBgh0t0B6bQOM1dvILv+E2AM":{"registrationId":911613518,"currentRatchet":{"ephemeralKeyPair":{"pubKey":"BUx6Juk2lL9JtfIZayYbptStYSTUMOfc/YEvh4uS4oR3","privKey":"OD+RwudLg1gCKxneXbR/esUOaYqa68/kMOlxWOgLn0s="},"lastRemoteEphemeralKey":"BZ2Bt3uwwx8PAtcpnZYreT/zDkqMK3v6zEvPmoXzUuEI","previousCounter":0,"rootKey":"t5jc0U3ExkLFR480yTWrlNeBDcOHvAUHo9z0kVPvnGU="},"indexInfo":{"baseKey":"BVqV1ppQLYZAK3nhaLdWKBgh0t0B6bQOM1dvILv+E2AM","baseKeyType":1,"closed":1743329363319,"used":1743329313719,"created":1743329313719,"remoteIdentityKey":"BQUf37zxABDuxx6s3/noAC+E6tasql8/Jb8FH5m72xY4"},"_chains":{"BUx6Juk2lL9JtfIZayYbptStYSTUMOfc/YEvh4uS4oR3":{"chainKey":{"counter":23,"key":"b3A/Q0cwHpmCQSM2yqL4SdV2ldYDokrGNuvqfdZbZSI="},"chainType":1,"messageKeys":{}}},"pendingPreKey":{"signedKeyId":2156127,"baseKey":"BVqV1ppQLYZAK3nhaLdWKBgh0t0B6bQOM1dvILv+E2AM","preKeyId":1178}},"BdrArD+NViX3sEzfRTSxpFvAT6H0nVAtxXdAJRVmtblW":{"registrationId":911613518,"currentRatchet":{"ephemeralKeyPair":{"pubKey":"BUHvI2XXaQlHzJ8DOV7nK7RMLtuh9znia2rCuzCZi0Q9","privKey":"CJxt9Hr3VJg9JkeKDcv4dKLykCo4d+Gf2MF0B0los28="},"lastRemoteEphemeralKey":"BZ2Bt3uwwx8PAtcpnZYreT/zDkqMK3v6zEvPmoXzUuEI","previousCounter":0,"rootKey":"ZADuTiECpgRYzjtt96JZVoUmqi9vFGdXyoSPXG+N4BA="},"indexInfo":{"baseKey":"BdrArD+NViX3sEzfRTSxpFvAT6H0nVAtxXdAJRVmtblW","baseKeyType":1,"closed":-1,"used":1743329363318,"created":1743329363318,"remoteIdentityKey":"BQUf37zxABDuxx6s3/noAC+E6tasql8/Jb8FH5m72xY4"},"_chains":{"BUHvI2XXaQlHzJ8DOV7nK7RMLtuh9znia2rCuzCZi0Q9":{"chainKey":{"counter":24,"key":"nrrpWFQpAj8pVEIYRW+C6Jynca2wU5GCQf1M5ZjJQsc="},"chainType":1,"messageKeys":{}}},"pendingPreKey":{"signedKeyId":2156127,"baseKey":"BdrArD+NViX3sEzfRTSxpFvAT6H0nVAtxXdAJRVmtblW","preKeyId":1455}}},"version":"v1"}