{"_sessions":{"BV9Tdx/BxKY6KbYckW5SeBjHs4m0WvRMb0D8AUFKOCRK":{"registrationId":85546193,"currentRatchet":{"ephemeralKeyPair":{"pubKey":"Bd4PMYnqS7LfzfEPs8UDAZSVAP5jmzMH48iFV1GNAHE9","privKey":"YBEIWpgrhYEYt8WcujEEeQ5WtVYlcKkVsXTwBFDdh0U="},"lastRemoteEphemeralKey":"BcsADArMjYG441f7Egbmhx5mcRuYA49M+qizX+w1WsFR","previousCounter":0,"rootKey":"J1cIjvEH2OKgi/lxNOGBx/1Qqc4x4+yzzPuQeVwvDjg="},"indexInfo":{"baseKey":"BV9Tdx/BxKY6KbYckW5SeBjHs4m0WvRMb0D8AUFKOCRK","baseKeyType":1,"closed":1743328906481,"used":1743257675925,"created":1743257675925,"remoteIdentityKey":"BeDY3miIr4v8ikhYrf8r/R4/LbAgkgxQvbNSsYYvFOwD"},"_chains":{"Bd4PMYnqS7LfzfEPs8UDAZSVAP5jmzMH48iFV1GNAHE9":{"chainKey":{"counter":28,"key":"JkeidncnCa4oKJ6o/FHDH+sdi2BfnbPCAVFnm99T+rg="},"chainType":1,"messageKeys":{}}},"pendingPreKey":{"signedKeyId":2,"baseKey":"BV9Tdx/BxKY6KbYckW5SeBjHs4m0WvRMb0D8AUFKOCRK","preKeyId":5255009}},"BZ9OfWckcKVsae/40jjvHOlq0wD4OLMk7MIzTL8tGT9v":{"registrationId":85546193,"currentRatchet":{"ephemeralKeyPair":{"pubKey":"BelLLgFXKWINg6IfwkAO/GLmO+kt1l7IXiQ39rJD8fAI","privKey":"0MfTMtv+w0TtCuLBDOLBPMj/ij7zv8Gw0vP2JC9jzVc="},"lastRemoteEphemeralKey":"BcsADArMjYG441f7Egbmhx5mcRuYA49M+qizX+w1WsFR","previousCounter":0,"rootKey":"6bbQYXAmKFPC2BC6hzXy8zrKhuc1DLFvrEXwaFARNUw="},"indexInfo":{"baseKey":"BZ9OfWckcKVsae/40jjvHOlq0wD4OLMk7MIzTL8tGT9v","baseKeyType":1,"closed":1743328908107,"used":1743328906481,"created":1743328906481,"remoteIdentityKey":"BeDY3miIr4v8ikhYrf8r/R4/LbAgkgxQvbNSsYYvFOwD"},"_chains":{"BelLLgFXKWINg6IfwkAO/GLmO+kt1l7IXiQ39rJD8fAI":{"chainKey":{"counter":0,"key":"ymjUQ0zeN5Q2fJ3eekT7fpaqEl07xzmx2PMxreacECE="},"chainType":1,"messageKeys":{}}},"pendingPreKey":{"signedKeyId":2,"baseKey":"BZ9OfWckcKVsae/40jjvHOlq0wD4OLMk7MIzTL8tGT9v","preKeyId":5255072}},"BYH/KOsUJFo+T9OKePAYNXCsdy0CzvPsOq0CeEzgEfx2":{"registrationId":85546193,"currentRatchet":{"ephemeralKeyPair":{"pubKey":"BQ5r9pHMTRAYwrV82LBo3kUBeKb462zcmeNNslIFbNUq","privKey":"CErXQaBgI5JR39ooIO6elGqan1PM3+DAvSAsrgY+3WM="},"lastRemoteEphemeralKey":"BcsADArMjYG441f7Egbmhx5mcRuYA49M+qizX+w1WsFR","previousCounter":0,"rootKey":"K0wXyiNO51kVQ1DpzyiySlOnDqB6lJK9ifZtkGupiT0="},"indexInfo":{"baseKey":"BYH/KOsUJFo+T9OKePAYNXCsdy0CzvPsOq0CeEzgEfx2","baseKeyType":1,"closed":1743328911704,"used":1743328908107,"created":1743328908107,"remoteIdentityKey":"BeDY3miIr4v8ikhYrf8r/R4/LbAgkgxQvbNSsYYvFOwD"},"_chains":{"BQ5r9pHMTRAYwrV82LBo3kUBeKb462zcmeNNslIFbNUq":{"chainKey":{"counter":0,"key":"Y6OYteRS/tp/0QgRXGIfNrkIUNb85fK84ZLEUJ0sYRg="},"chainType":1,"messageKeys":{}}},"pendingPreKey":{"signedKeyId":2,"baseKey":"BYH/KOsUJFo+T9OKePAYNXCsdy0CzvPsOq0CeEzgEfx2","preKeyId":5255075}},"BWkU9MIXHf8lSkJJ+VlipQ5ehPNKZ3JhQDWRrwtu9Ewo":{"registrationId":85546193,"currentRatchet":{"ephemeralKeyPair":{"pubKey":"BZkrjv1BvfdfGECYxqFG8RnGM0h0HTwUd+qHyMd8zDBh","privKey":"8FZKv0tM/bxk5pZz0wEzO0K+MHWj1fPS9JDAiBS4KGY="},"lastRemoteEphemeralKey":"BcsADArMjYG441f7Egbmhx5mcRuYA49M+qizX+w1WsFR","previousCounter":0,"rootKey":"6l7ZDk6bMD7CyxoTSczZfeT9aDWAwS9Bsf8jLfxgkPI="},"indexInfo":{"baseKey":"BWkU9MIXHf8lSkJJ+VlipQ5ehPNKZ3JhQDWRrwtu9Ewo","baseKeyType":1,"closed":1743328927534,"used":1743328911701,"created":1743328911701,"remoteIdentityKey":"BeDY3miIr4v8ikhYrf8r/R4/LbAgkgxQvbNSsYYvFOwD"},"_chains":{"BZkrjv1BvfdfGECYxqFG8RnGM0h0HTwUd+qHyMd8zDBh":{"chainKey":{"counter":0,"key":"t2VqyJMhAR5QYIkVQAQRop/hDbkL1G4RO6MbP9C6XnY="},"chainType":1,"messageKeys":{}}},"pendingPreKey":{"signedKeyId":2,"baseKey":"BWkU9MIXHf8lSkJJ+VlipQ5ehPNKZ3JhQDWRrwtu9Ewo","preKeyId":5255018}},"BZ/79ylbWKgh6BuZd3/GUUUuEBrhPT+n5AkaXfTnJVhE":{"registrationId":85546193,"currentRatchet":{"ephemeralKeyPair":{"pubKey":"BRyvmwZXiOxgFdzhlWAHBC0gwUhpf77r15AkRpCnKEdq","privKey":"MOxWXMuzzoJYltNYAjf+NhjoIb24II/TBQfB2EfbtmU="},"lastRemoteEphemeralKey":"BcsADArMjYG441f7Egbmhx5mcRuYA49M+qizX+w1WsFR","previousCounter":0,"rootKey":"6a7u8ESn9uhY/SifoTsQQxV02vCpjFZxMWyZqw2Rx6g="},"indexInfo":{"baseKey":"BZ/79ylbWKgh6BuZd3/GUUUuEBrhPT+n5AkaXfTnJVhE","baseKeyType":1,"closed":1743328929169,"used":1743328927534,"created":1743328927534,"remoteIdentityKey":"BeDY3miIr4v8ikhYrf8r/R4/LbAgkgxQvbNSsYYvFOwD"},"_chains":{"BRyvmwZXiOxgFdzhlWAHBC0gwUhpf77r15AkRpCnKEdq":{"chainKey":{"counter":0,"key":"eAAbaelJXkMtY7uyDC0giua+ZkDxUlUY6uYhO0uLUys="},"chainType":1,"messageKeys":{}}},"pendingPreKey":{"signedKeyId":2,"baseKey":"BZ/79ylbWKgh6BuZd3/GUUUuEBrhPT+n5AkaXfTnJVhE","preKeyId":5255714}},"BaUITd/030Gi/ii7BxLRlaHcDM28r4kf8Bdk9yl0hNNF":{"registrationId":85546193,"currentRatchet":{"ephemeralKeyPair":{"pubKey":"BXAIRuUDWUS2ghmIvGe9Zqy3cTpL6gxTVBYNsCn7duho","privKey":"+NmtaTbNyabuBOxoHf6tSA1wPDXUpuo2oV3Kac0mnEA="},"lastRemoteEphemeralKey":"BcsADArMjYG441f7Egbmhx5mcRuYA49M+qizX+w1WsFR","previousCounter":0,"rootKey":"dW/Z6NqIGlw1jk4CFqRx/EnlYk6fjorFh0+BrfMz59c="},"indexInfo":{"baseKey":"BaUITd/030Gi/ii7BxLRlaHcDM28r4kf8Bdk9yl0hNNF","baseKeyType":1,"closed":1743328932025,"used":1743328929168,"created":1743328929168,"remoteIdentityKey":"BeDY3miIr4v8ikhYrf8r/R4/LbAgkgxQvbNSsYYvFOwD"},"_chains":{"BXAIRuUDWUS2ghmIvGe9Zqy3cTpL6gxTVBYNsCn7duho":{"chainKey":{"counter":-1,"key":"6ZfL19iItS9wyja5N75KfWjVLBCb9R2amVQW0ia6l5A="},"chainType":1,"messageKeys":{}}},"pendingPreKey":{"signedKeyId":2,"baseKey":"BaUITd/030Gi/ii7BxLRlaHcDM28r4kf8Bdk9yl0hNNF","preKeyId":5255761}},"BZHh7LzNUfHUiGYnp9KO3UwAUSFz8LGTuJdiRWBbd7Un":{"registrationId":85546193,"currentRatchet":{"ephemeralKeyPair":{"pubKey":"BZU6DcNLY2MQTRCiD4W1hiFwbT1uKWrKlg5+pIoFZ8xl","privKey":"oFRXAXIWF42WsOVtNGWsLy2w3MeAinf/RE3aaTGtIVo="},"lastRemoteEphemeralKey":"BcsADArMjYG441f7Egbmhx5mcRuYA49M+qizX+w1WsFR","previousCounter":0,"rootKey":"9ySLGl8yPkZAs+L1dCz1tfo0aqsEsCW92WHYJsWE9X0="},"indexInfo":{"baseKey":"BZHh7LzNUfHUiGYnp9KO3UwAUSFz8LGTuJdiRWBbd7Un","baseKeyType":1,"closed":1743328942014,"used":1743328932023,"created":1743328932023,"remoteIdentityKey":"BeDY3miIr4v8ikhYrf8r/R4/LbAgkgxQvbNSsYYvFOwD"},"_chains":{"BZU6DcNLY2MQTRCiD4W1hiFwbT1uKWrKlg5+pIoFZ8xl":{"chainKey":{"counter":0,"key":"guiDHTrs3u57nLePtbeam28XqwJWLmMLlvS1CchlAdc="},"chainType":1,"messageKeys":{}}},"pendingPreKey":{"signedKeyId":2,"baseKey":"BZHh7LzNUfHUiGYnp9KO3UwAUSFz8LGTuJdiRWBbd7Un","preKeyId":5254974}},"BcAF700auli5BgOT2ZON11x3eWetxjdxuuGreJ+lxVxg":{"registrationId":85546193,"currentRatchet":{"ephemeralKeyPair":{"pubKey":"BRJpTYqOqf3elHieacq2hjcGwEnL19TfRJR9KUhds1oE","privKey":"4FvlmjvvI4SI1KWZbDMzmmUBml4Q1zX/RmvDNJ81c24="},"lastRemoteEphemeralKey":"BcsADArMjYG441f7Egbmhx5mcRuYA49M+qizX+w1WsFR","previousCounter":0,"rootKey":"+vb4tptlsZwAqVpqyTt5VUHoA1aZ9dlml/0weUel3BE="},"indexInfo":{"baseKey":"BcAF700auli5BgOT2ZON11x3eWetxjdxuuGreJ+lxVxg","baseKeyType":1,"closed":1743328944642,"used":1743328942013,"created":1743328942013,"remoteIdentityKey":"BeDY3miIr4v8ikhYrf8r/R4/LbAgkgxQvbNSsYYvFOwD"},"_chains":{"BRJpTYqOqf3elHieacq2hjcGwEnL19TfRJR9KUhds1oE":{"chainKey":{"counter":-1,"key":"0Ik3+NSqMuz199v5VPNoXMsGZxy9ikYMRv88AMJ9EVQ="},"chainType":1,"messageKeys":{}}},"pendingPreKey":{"signedKeyId":2,"baseKey":"BcAF700auli5BgOT2ZON11x3eWetxjdxuuGreJ+lxVxg","preKeyId":5255794}},"BcjOyX0ZGqOA2fOuYZsPFWJODx1RT9JgcX9CDuhr5iUm":{"registrationId":85546193,"currentRatchet":{"ephemeralKeyPair":{"pubKey":"BQgi7YiitYL/SFHbNJmarC5pv0ixl2r4MOSxamYdlLpM","privKey":"2KKAaRmumsCGabqc37YEN6/HX9q7EfYkclLSGAV+l1M="},"lastRemoteEphemeralKey":"BcsADArMjYG441f7Egbmhx5mcRuYA49M+qizX+w1WsFR","previousCounter":0,"rootKey":"ZgTnFvwIKboWc5su62vsfoXocaPIlcebfEmv+bnAs6U="},"indexInfo":{"baseKey":"BcjOyX0ZGqOA2fOuYZsPFWJODx1RT9JgcX9CDuhr5iUm","baseKeyType":1,"closed":1743328945109,"used":1743328944641,"created":1743328944641,"remoteIdentityKey":"BeDY3miIr4v8ikhYrf8r/R4/LbAgkgxQvbNSsYYvFOwD"},"_chains":{"BQgi7YiitYL/SFHbNJmarC5pv0ixl2r4MOSxamYdlLpM":{"chainKey":{"counter":-1,"key":"+5sv21XHp0Mus7vuuQ/sIdZj2jzXhzGz080eVNEPeko="},"chainType":1,"messageKeys":{}}},"pendingPreKey":{"signedKeyId":2,"baseKey":"BcjOyX0ZGqOA2fOuYZsPFWJODx1RT9JgcX9CDuhr5iUm","preKeyId":5254972}},"BQEzvrSqbTP47J5u13hd8aaHKRREGDE1bg7abvhL8XkC":{"registrationId":85546193,"currentRatchet":{"ephemeralKeyPair":{"pubKey":"BUW/PVHHjdM2l8GoRuewPUAELFensxhFeMT/j8XHMMAm","privKey":"0I8DnCqk36UxCZ0UpN51niNS6R63/urXfrgIf64vYHA="},"lastRemoteEphemeralKey":"BcsADArMjYG441f7Egbmhx5mcRuYA49M+qizX+w1WsFR","previousCounter":0,"rootKey":"btt/YEy51yd25U8Oca4DTSonu404FS6HSqvLFBY5GPc="},"indexInfo":{"baseKey":"BQEzvrSqbTP47J5u13hd8aaHKRREGDE1bg7abvhL8XkC","baseKeyType":1,"closed":1743328954169,"used":1743328945108,"created":1743328945108,"remoteIdentityKey":"BeDY3miIr4v8ikhYrf8r/R4/LbAgkgxQvbNSsYYvFOwD"},"_chains":{"BUW/PVHHjdM2l8GoRuewPUAELFensxhFeMT/j8XHMMAm":{"chainKey":{"counter":-1,"key":"V++ckRRgKdyRmicArgDNFMirIRn7VQFywUHoG22fpF0="},"chainType":1,"messageKeys":{}}},"pendingPreKey":{"signedKeyId":2,"baseKey":"BQEzvrSqbTP47J5u13hd8aaHKRREGDE1bg7abvhL8XkC","preKeyId":5255680}},"Be5Tugl5TIigAEJhIkU1QIq0Q4m1q0lJaYCL0Q2JTuAc":{"registrationId":85546193,"currentRatchet":{"ephemeralKeyPair":{"pubKey":"BSV69NzcH6qt+07akZML+aEU8tAZXjLAivvmju6tg381","privKey":"kBneG6heIKYz/gx0RI1pAQUMJpdOQq6OKTtmm2KttHI="},"lastRemoteEphemeralKey":"BcsADArMjYG441f7Egbmhx5mcRuYA49M+qizX+w1WsFR","previousCounter":0,"rootKey":"To37yEGkw76yY9yizS0MuRgoutVl9NLTCasDLB4xRJg="},"indexInfo":{"baseKey":"Be5Tugl5TIigAEJhIkU1QIq0Q4m1q0lJaYCL0Q2JTuAc","baseKeyType":1,"closed":1743328955889,"used":1743328954168,"created":1743328954168,"remoteIdentityKey":"BeDY3miIr4v8ikhYrf8r/R4/LbAgkgxQvbNSsYYvFOwD"},"_chains":{"BSV69NzcH6qt+07akZML+aEU8tAZXjLAivvmju6tg381":{"chainKey":{"counter":0,"key":"+qe7Xqu8SXHMX4GtgYeSDoQEMjm+YSqWghn1WXiAGOI="},"chainType":1,"messageKeys":{}}},"pendingPreKey":{"signedKeyId":2,"baseKey":"Be5Tugl5TIigAEJhIkU1QIq0Q4m1q0lJaYCL0Q2JTuAc","preKeyId":5255738}},"BVAIx2/L5hvy286KNSveWEpAvlMLBZedw5ufAgYcl5Nl":{"registrationId":85546193,"currentRatchet":{"ephemeralKeyPair":{"pubKey":"BbVhGEgyJyAm8RRlRnwsysBbyB2k0Wa8aDzK6oB6JddF","privKey":"yIPbp81WsQmjCK4l/iXt7eA9vjw6vo7/EBXNqhcU5mc="},"lastRemoteEphemeralKey":"BcsADArMjYG441f7Egbmhx5mcRuYA49M+qizX+w1WsFR","previousCounter":0,"rootKey":"INhH9ZycW6wfqE4FTEfCNrW5cDXwoOY685jp8ezVwW8="},"indexInfo":{"baseKey":"BVAIx2/L5hvy286KNSveWEpAvlMLBZedw5ufAgYcl5Nl","baseKeyType":1,"closed":1743328957930,"used":1743328955883,"created":1743328955883,"remoteIdentityKey":"BeDY3miIr4v8ikhYrf8r/R4/LbAgkgxQvbNSsYYvFOwD"},"_chains":{"BbVhGEgyJyAm8RRlRnwsysBbyB2k0Wa8aDzK6oB6JddF":{"chainKey":{"counter":1,"key":"tAR1Mt5nxFKcytBt0mXJPn5O3WuaaOpDWtirgNYn908="},"chainType":1,"messageKeys":{}}},"pendingPreKey":{"signedKeyId":2,"baseKey":"BVAIx2/L5hvy286KNSveWEpAvlMLBZedw5ufAgYcl5Nl","preKeyId":5254982}},"BQmbcqij8DsLXREwpvfEbBZSsSrFJWivLDrjdwDv3p1p":{"registrationId":85546193,"currentRatchet":{"ephemeralKeyPair":{"pubKey":"BZlC7JSxJ/429WmkfeOhru0TGZpSASl0h897ZUUicGcK","privKey":"OGD2Vcp8exN9s3Jfr1V1XoIdDRPGslafvGkP4omlqVA="},"lastRemoteEphemeralKey":"BcsADArMjYG441f7Egbmhx5mcRuYA49M+qizX+w1WsFR","previousCounter":0,"rootKey":"5y3qBPI9z+NqkI9DM4mGUuhWUyV/uuPqtRxADe5WO1U="},"indexInfo":{"baseKey":"BQmbcqij8DsLXREwpvfEbBZSsSrFJWivLDrjdwDv3p1p","baseKeyType":1,"closed":1743328959439,"used":1743328957930,"created":1743328957930,"remoteIdentityKey":"BeDY3miIr4v8ikhYrf8r/R4/LbAgkgxQvbNSsYYvFOwD"},"_chains":{"BZlC7JSxJ/429WmkfeOhru0TGZpSASl0h897ZUUicGcK":{"chainKey":{"counter":0,"key":"o472p6UGxqSp05+ZCRnNmUmMa2yNQkYyvPlte1nAbmo="},"chainType":1,"messageKeys":{}}},"pendingPreKey":{"signedKeyId":2,"baseKey":"BQmbcqij8DsLXREwpvfEbBZSsSrFJWivLDrjdwDv3p1p","preKeyId":5255674}},"Be32kFZb52ut8aKOIi0JdX87qu4FcYFlPydBWxjgI5VK":{"registrationId":85546193,"currentRatchet":{"ephemeralKeyPair":{"pubKey":"BX+HN3miGdV0pW3H2xOBmRIlrPJ6WEQJVoR3isB9ObQi","privKey":"wAPKGFl72g6l5pvILzYoUeg3R5T0uQJtgmsIbkwvglw="},"lastRemoteEphemeralKey":"BcsADArMjYG441f7Egbmhx5mcRuYA49M+qizX+w1WsFR","previousCounter":0,"rootKey":"3dKrNUHnRHVOUT/KVXJDIjepNsW4y9izuxUZhEmdEOg="},"indexInfo":{"baseKey":"Be32kFZb52ut8aKOIi0JdX87qu4FcYFlPydBWxjgI5VK","baseKeyType":1,"closed":1743328960384,"used":1743328959438,"created":1743328959438,"remoteIdentityKey":"BeDY3miIr4v8ikhYrf8r/R4/LbAgkgxQvbNSsYYvFOwD"},"_chains":{"BX+HN3miGdV0pW3H2xOBmRIlrPJ6WEQJVoR3isB9ObQi":{"chainKey":{"counter":-1,"key":"uYMhm1ZFikY0DWv/yZ1xqVfn/kZZbE/e0RDmMUOs1tA="},"chainType":1,"messageKeys":{}}},"pendingPreKey":{"signedKeyId":2,"baseKey":"Be32kFZb52ut8aKOIi0JdX87qu4FcYFlPydBWxjgI5VK","preKeyId":5255053}},"Bb2tk9NKeX4hZyUPAgZYyeF/k8s0xQbvZ6X4AalcDsV3":{"registrationId":85546193,"currentRatchet":{"ephemeralKeyPair":{"pubKey":"BTzR+GzwO3mqYowD7gPGBA+3VwAxjJ7NQrQIeJE7NZ41","privKey":"0Boa4FNTnJF8mjBKII5OMEWPHoO95odYCL1MOzg4AHU="},"lastRemoteEphemeralKey":"BcsADArMjYG441f7Egbmhx5mcRuYA49M+qizX+w1WsFR","previousCounter":0,"rootKey":"2l5f7aW195dGruh0O601WzFvw99cin/gTlD1ZeCMoUc="},"indexInfo":{"baseKey":"Bb2tk9NKeX4hZyUPAgZYyeF/k8s0xQbvZ6X4AalcDsV3","baseKeyType":1,"closed":1743328961849,"used":1743328960368,"created":1743328960368,"remoteIdentityKey":"BeDY3miIr4v8ikhYrf8r/R4/LbAgkgxQvbNSsYYvFOwD"},"_chains":{"BTzR+GzwO3mqYowD7gPGBA+3VwAxjJ7NQrQIeJE7NZ41":{"chainKey":{"counter":0,"key":"6PS5XmdvMYNEhobyRc6k3tHnemlA6QWgN5Ml2A4HK2E="},"chainType":1,"messageKeys":{}}},"pendingPreKey":{"signedKeyId":2,"baseKey":"Bb2tk9NKeX4hZyUPAgZYyeF/k8s0xQbvZ6X4AalcDsV3","preKeyId":5255782}},"BSSzz/jS3xcmqCv+xBMffHGEWUk67z+/hyjsaqdeMKUV":{"registrationId":85546193,"currentRatchet":{"ephemeralKeyPair":{"pubKey":"BVbOT6Bw+VMIpxTCeRr8Uf3IImxcYYaXzew61wZYw/oq","privKey":"wHjlWPpf3OkKI7EIhaK2LqyWElu1sd6jnrcx1/plA2Y="},"lastRemoteEphemeralKey":"BcsADArMjYG441f7Egbmhx5mcRuYA49M+qizX+w1WsFR","previousCounter":0,"rootKey":"lW1vNsBBMxBKkcFUnKaRoUpwaoNZD5yNuv+YJ/d8CIw="},"indexInfo":{"baseKey":"BSSzz/jS3xcmqCv+xBMffHGEWUk67z+/hyjsaqdeMKUV","baseKeyType":1,"closed":1743328963354,"used":1743328961848,"created":1743328961848,"remoteIdentityKey":"BeDY3miIr4v8ikhYrf8r/R4/LbAgkgxQvbNSsYYvFOwD"},"_chains":{"BVbOT6Bw+VMIpxTCeRr8Uf3IImxcYYaXzew61wZYw/oq":{"chainKey":{"counter":0,"key":"rhb/WlkDN/9oC8wh6VOhBzVMAs7QjwACUaTQXKef36E="},"chainType":1,"messageKeys":{}}},"pendingPreKey":{"signedKeyId":2,"baseKey":"BSSzz/jS3xcmqCv+xBMffHGEWUk67z+/hyjsaqdeMKUV","preKeyId":5255070}},"Bc6IVyUS9xuiVjrmvzHzkqSlxn/RvYZA2yv+5SV0j7JV":{"registrationId":85546193,"currentRatchet":{"ephemeralKeyPair":{"pubKey":"BfTa0l1TL2AYkm+xs8Is5cM0/c7f33Kg198Bhupb9XU2","privKey":"OKNbRnQbARjvkGzAPm2mEB678dcDsYjCj1biYDTgUH4="},"lastRemoteEphemeralKey":"BcsADArMjYG441f7Egbmhx5mcRuYA49M+qizX+w1WsFR","previousCounter":0,"rootKey":"PGj/po6zWzdYsfsqLtcYBuDXaCnWxzb+HVFe+TCaOZ0="},"indexInfo":{"baseKey":"Bc6IVyUS9xuiVjrmvzHzkqSlxn/RvYZA2yv+5SV0j7JV","baseKeyType":1,"closed":1743328965919,"used":1743328963353,"created":1743328963353,"remoteIdentityKey":"BeDY3miIr4v8ikhYrf8r/R4/LbAgkgxQvbNSsYYvFOwD"},"_chains":{"BfTa0l1TL2AYkm+xs8Is5cM0/c7f33Kg198Bhupb9XU2":{"chainKey":{"counter":-1,"key":"9b5YOJ6ZYpmMieTI4qpvRfLFl8TB6RBpwakoPiZRtt0="},"chainType":1,"messageKeys":{}}},"pendingPreKey":{"signedKeyId":2,"baseKey":"Bc6IVyUS9xuiVjrmvzHzkqSlxn/RvYZA2yv+5SV0j7JV","preKeyId":5255083}},"BegzmW6mD6APCJoqFGJxEOLqyKy6aTI90ONXGlGPtTFq":{"registrationId":85546193,"currentRatchet":{"ephemeralKeyPair":{"pubKey":"BRoY4EIB3vsLOTY6BDPMoaRlu02ZcHoMd0Jcf7QuPYQ9","privKey":"2Owbo9kqI8sbBthqFwmdkiySrKtzwjusbHo1NDy2SnQ="},"lastRemoteEphemeralKey":"BcsADArMjYG441f7Egbmhx5mcRuYA49M+qizX+w1WsFR","previousCounter":0,"rootKey":"tWRIu/sEull1AQT4sf2BgjOO0v/6rqvDl7xGVeSfgos="},"indexInfo":{"baseKey":"BegzmW6mD6APCJoqFGJxEOLqyKy6aTI90ONXGlGPtTFq","baseKeyType":1,"closed":1743328967572,"used":1743328965913,"created":1743328965913,"remoteIdentityKey":"BeDY3miIr4v8ikhYrf8r/R4/LbAgkgxQvbNSsYYvFOwD"},"_chains":{"BRoY4EIB3vsLOTY6BDPMoaRlu02ZcHoMd0Jcf7QuPYQ9":{"chainKey":{"counter":0,"key":"7eRFljBm+8rh/iXSqtNG7mCib+XskNRReTZZweduMZY="},"chainType":1,"messageKeys":{}}},"pendingPreKey":{"signedKeyId":2,"baseKey":"BegzmW6mD6APCJoqFGJxEOLqyKy6aTI90ONXGlGPtTFq","preKeyId":5255677}},"BSjPTO1bnyN+ofuXQQVwwjAuzQaDqCt/OjjO+gFBwnQy":{"registrationId":85546193,"currentRatchet":{"ephemeralKeyPair":{"pubKey":"BZHdVembFeXRQcGRrNvzZ3iyTbhAapjFxzU0OVws72Q6","privKey":"OLUjmsryuy3m7DH4QJrrm89R1wJEA4Ca3Df3FMiX4Ws="},"lastRemoteEphemeralKey":"BcsADArMjYG441f7Egbmhx5mcRuYA49M+qizX+w1WsFR","previousCounter":0,"rootKey":"LyQsKVX2q0z7YjFbFmJyiSZ2qKJucgvo/j5IltQE37I="},"indexInfo":{"baseKey":"BSjPTO1bnyN+ofuXQQVwwjAuzQaDqCt/OjjO+gFBwnQy","baseKeyType":1,"closed":1743328968202,"used":1743328967571,"created":1743328967571,"remoteIdentityKey":"BeDY3miIr4v8ikhYrf8r/R4/LbAgkgxQvbNSsYYvFOwD"},"_chains":{"BZHdVembFeXRQcGRrNvzZ3iyTbhAapjFxzU0OVws72Q6":{"chainKey":{"counter":-1,"key":"ePwT6Nb7jDbX+t79RmzuQ/p+gbVztSW2uuLBd7hiwDI="},"chainType":1,"messageKeys":{}}},"pendingPreKey":{"signedKeyId":2,"baseKey":"BSjPTO1bnyN+ofuXQQVwwjAuzQaDqCt/OjjO+gFBwnQy","preKeyId":5254996}},"BRZoIFBPGG2618HlOlIvc6R9oT92vqq+EVDj7sdrQVMc":{"registrationId":85546193,"currentRatchet":{"ephemeralKeyPair":{"pubKey":"BeZQGm01L25F5fzFWF+zY+/PPJHlAvXb1uYz0VERxuFy","privKey":"mP8VHF+gnmaJIzoYL7+AnvyjfNs9t8IQBgSOCpHOOk0="},"lastRemoteEphemeralKey":"BcsADArMjYG441f7Egbmhx5mcRuYA49M+qizX+w1WsFR","previousCounter":0,"rootKey":"UKtxbXfqHnPhH3Jaw9v8c4zP78HWPALSgNuO/igEmOc="},"indexInfo":{"baseKey":"BRZoIFBPGG2618HlOlIvc6R9oT92vqq+EVDj7sdrQVMc","baseKeyType":1,"closed":1743328971747,"used":1743328968202,"created":1743328968202,"remoteIdentityKey":"BeDY3miIr4v8ikhYrf8r/R4/LbAgkgxQvbNSsYYvFOwD"},"_chains":{"BeZQGm01L25F5fzFWF+zY+/PPJHlAvXb1uYz0VERxuFy":{"chainKey":{"counter":0,"key":"K4R6kN2XWGEW2VApR1MDlbUGKxEWhWDW4VFI69aYAB4="},"chainType":1,"messageKeys":{}}},"pendingPreKey":{"signedKeyId":2,"baseKey":"BRZoIFBPGG2618HlOlIvc6R9oT92vqq+EVDj7sdrQVMc","preKeyId":5255685}},"BWrYqG8fi2PLXUcaEyO5ON9sP3deDqKViJ4YTVHjCdsH":{"registrationId":85546193,"currentRatchet":{"ephemeralKeyPair":{"pubKey":"BY8x+xiBxT5nSnM+vud0+TE5QOd35+LVXip7ilBgN8IS","privKey":"gAHvEW4orpGCwHQpPVmTezMQcmt5qo3F5zyGV7DAO2g="},"lastRemoteEphemeralKey":"BcsADArMjYG441f7Egbmhx5mcRuYA49M+qizX+w1WsFR","previousCounter":0,"rootKey":"83K7cMTLDHFoVWM6Y8pl7LpoN0H2yMpp05GU339if/A="},"indexInfo":{"baseKey":"BWrYqG8fi2PLXUcaEyO5ON9sP3deDqKViJ4YTVHjCdsH","baseKeyType":1,"closed":1743328972198,"used":1743328971744,"created":1743328971744,"remoteIdentityKey":"BeDY3miIr4v8ikhYrf8r/R4/LbAgkgxQvbNSsYYvFOwD"},"_chains":{"BY8x+xiBxT5nSnM+vud0+TE5QOd35+LVXip7ilBgN8IS":{"chainKey":{"counter":-1,"key":"KQqWFBBuWBWYPHiIhbwtoRN0joi3K6HVfpqrlJhQYUM="},"chainType":1,"messageKeys":{}}},"pendingPreKey":{"signedKeyId":2,"baseKey":"BWrYqG8fi2PLXUcaEyO5ON9sP3deDqKViJ4YTVHjCdsH","preKeyId":5255012}},"BW6oP6vfuB3zupd/EkYD8RYZJ4tbqFNE1CyWVYafdlUp":{"registrationId":85546193,"currentRatchet":{"ephemeralKeyPair":{"pubKey":"BZaj1YVaBtENOVfBZmn+Y3a932Ji6ihryKc+dzxjDHdK","privKey":"SP12mKfkPCcGwOGdXLCyQuaBb3k+HtWRcu6TgskLvWg="},"lastRemoteEphemeralKey":"BcsADArMjYG441f7Egbmhx5mcRuYA49M+qizX+w1WsFR","previousCounter":0,"rootKey":"/8vgaS6Z6okmYheawM+H0ah2s7indyvWbf+LhgA4K9A="},"indexInfo":{"baseKey":"BW6oP6vfuB3zupd/EkYD8RYZJ4tbqFNE1CyWVYafdlUp","baseKeyType":1,"closed":1743328972642,"used":1743328972196,"created":1743328972196,"remoteIdentityKey":"BeDY3miIr4v8ikhYrf8r/R4/LbAgkgxQvbNSsYYvFOwD"},"_chains":{"BZaj1YVaBtENOVfBZmn+Y3a932Ji6ihryKc+dzxjDHdK":{"chainKey":{"counter":-1,"key":"x8MkUZnV+ovNpCk/17ct+b1XAbZZznyLGida3qQga9M="},"chainType":1,"messageKeys":{}}},"pendingPreKey":{"signedKeyId":2,"baseKey":"BW6oP6vfuB3zupd/EkYD8RYZJ4tbqFNE1CyWVYafdlUp","preKeyId":5255689}},"BeCPoUzkWvpCGpBM+pHzNwWP/1+74BEn05CYYqvk6FpD":{"registrationId":85546193,"currentRatchet":{"ephemeralKeyPair":{"pubKey":"BblptTAf5FnR5lSob7esD1/bURz6FGRcWkIi4hdWtKw5","privKey":"CGlmqXaxwV/4XUUd2TEaiFALB+SiSu9XTY9Woc8/Sks="},"lastRemoteEphemeralKey":"BcsADArMjYG441f7Egbmhx5mcRuYA49M+qizX+w1WsFR","previousCounter":0,"rootKey":"oHVk9WX4sIjaXtTLSnBN28cD6NIHvh5zddiT9EGY/n0="},"indexInfo":{"baseKey":"BeCPoUzkWvpCGpBM+pHzNwWP/1+74BEn05CYYqvk6FpD","baseKeyType":1,"closed":1743328973088,"used":1743328972641,"created":1743328972641,"remoteIdentityKey":"BeDY3miIr4v8ikhYrf8r/R4/LbAgkgxQvbNSsYYvFOwD"},"_chains":{"BblptTAf5FnR5lSob7esD1/bURz6FGRcWkIi4hdWtKw5":{"chainKey":{"counter":-1,"key":"TPxIFjZStvZsGrXvrGumv4ziewqm157233nr/FbAjEI="},"chainType":1,"messageKeys":{}}},"pendingPreKey":{"signedKeyId":2,"baseKey":"BeCPoUzkWvpCGpBM+pHzNwWP/1+74BEn05CYYqvk6FpD","preKeyId":5255681}},"BTLRh0rQlu8aXadnm/noDExGudeQE82Rcrr5hR+/qu0w":{"registrationId":85546193,"currentRatchet":{"ephemeralKeyPair":{"pubKey":"BSWrv40YLrpSUxO8/D8afEUkttzzLm4fsmu65hb8kT07","privKey":"kAGb5dJqgHf5JJMi8cnOuyO7SEApI/78GvJJpmiymWk="},"lastRemoteEphemeralKey":"BcsADArMjYG441f7Egbmhx5mcRuYA49M+qizX+w1WsFR","previousCounter":0,"rootKey":"UGNyCPAVysysd4C3tdLO4YVQQYLyujA1qL6myAAqrPk="},"indexInfo":{"baseKey":"BTLRh0rQlu8aXadnm/noDExGudeQE82Rcrr5hR+/qu0w","baseKeyType":1,"closed":-1,"used":1743328973086,"created":1743328973086,"remoteIdentityKey":"BeDY3miIr4v8ikhYrf8r/R4/LbAgkgxQvbNSsYYvFOwD"},"_chains":{"BSWrv40YLrpSUxO8/D8afEUkttzzLm4fsmu65hb8kT07":{"chainKey":{"counter":67,"key":"Xtcudf5ekn4Gpn3BSTaUqRKZ2cICLmG83z2iTOcc358="},"chainType":1,"messageKeys":{}}},"pendingPreKey":{"signedKeyId":2,"baseKey":"BTLRh0rQlu8aXadnm/noDExGudeQE82Rcrr5hR+/qu0w","preKeyId":5255080}}},"version":"v1"}