{"_sessions":{"Bf0pI6dLWP3fpHYGVKFbFuR3vKMMYP6pTKvNrQrOqENI":{"registrationId":1273727124,"currentRatchet":{"ephemeralKeyPair":{"pubKey":"BWPo/9ajnjVIbe8uDyNN2Dd3bjWL/PSQYecUrKpSbOUs","privKey":"GCAesSK3KjjgNw3SwKba//BzrgoZZPcPXVsrZR9Yc3c="},"lastRemoteEphemeralKey":"BQGL7YNKZ6g52RPXFZULw/O86Oya0GoKYAURlpamUoBx","previousCounter":0,"rootKey":"A2hKJyNvP6T8l+85q+Mg38ji3ot/ptB57nzHmQpbKLo="},"indexInfo":{"baseKey":"Bf0pI6dLWP3fpHYGVKFbFuR3vKMMYP6pTKvNrQrOqENI","baseKeyType":1,"closed":1743340444786,"used":1743319956758,"created":1743319956758,"remoteIdentityKey":"BZoLqgau/1Ycoq8iZCaFGMNmHqCpwIUKGqcn8SOiHJoK"},"_chains":{"BWPo/9ajnjVIbe8uDyNN2Dd3bjWL/PSQYecUrKpSbOUs":{"chainKey":{"counter":91,"key":"pb6zJtuJNcJAjF2+bLKyzjMrYDGYLpVQq2tZ9H/Bhp4="},"chainType":1,"messageKeys":{}}},"pendingPreKey":{"signedKeyId":33,"baseKey":"Bf0pI6dLWP3fpHYGVKFbFuR3vKMMYP6pTKvNrQrOqENI","preKeyId":2770}},"BfcpP/b6+eiOya1d9BQhikOUFnFYaLvOFilRnzrtD112":{"registrationId":1273727124,"currentRatchet":{"ephemeralKeyPair":{"pubKey":"BWNVe54N4gMyumvPsRYxAb80WgvcId1IHbc03JhCxtYX","privKey":"yBg0YKb2bQxvxOEA3aY/eyrzg+Pqlk0p7rV3ZTSYJ1M="},"lastRemoteEphemeralKey":"BQGL7YNKZ6g52RPXFZULw/O86Oya0GoKYAURlpamUoBx","previousCounter":0,"rootKey":"R8JSK4ak7+XMil2pkIUua7T1J+t+fPqSnzmWB4w9VsQ="},"indexInfo":{"baseKey":"BfcpP/b6+eiOya1d9BQhikOUFnFYaLvOFilRnzrtD112","baseKeyType":1,"closed":1743341117991,"used":1743340444772,"created":1743340444772,"remoteIdentityKey":"BZoLqgau/1Ycoq8iZCaFGMNmHqCpwIUKGqcn8SOiHJoK"},"_chains":{"BWNVe54N4gMyumvPsRYxAb80WgvcId1IHbc03JhCxtYX":{"chainKey":{"counter":0,"key":"aRaolOKHJAf5IND+qgehVFj80KfUAnRWHgArJIjqjgY="},"chainType":1,"messageKeys":{}}},"pendingPreKey":{"signedKeyId":33,"baseKey":"BfcpP/b6+eiOya1d9BQhikOUFnFYaLvOFilRnzrtD112","preKeyId":3349}},"BUJ3v/hbYUpN9dTmeouufeNWyWCeGGuY4Hq/EeSfK49y":{"registrationId":1273727124,"currentRatchet":{"ephemeralKeyPair":{"pubKey":"BfRjshbV3tlrG6MQJL0QAHvxQC4/PDFFYDrDvV/bl60Y","privKey":"QFe7UaWmODFCS6dW4mPjOhDwdPOmlm4Qg3tCMaKjSkc="},"lastRemoteEphemeralKey":"BQGL7YNKZ6g52RPXFZULw/O86Oya0GoKYAURlpamUoBx","previousCounter":0,"rootKey":"T6+mgWHoaxGWmD6T2rH89KXOGUmWzHD7vHnwpF5Kvfc="},"indexInfo":{"baseKey":"BUJ3v/hbYUpN9dTmeouufeNWyWCeGGuY4Hq/EeSfK49y","baseKeyType":1,"closed":1743341123325,"used":1743341117989,"created":1743341117989,"remoteIdentityKey":"BZoLqgau/1Ycoq8iZCaFGMNmHqCpwIUKGqcn8SOiHJoK"},"_chains":{"BfRjshbV3tlrG6MQJL0QAHvxQC4/PDFFYDrDvV/bl60Y":{"chainKey":{"counter":0,"key":"dP02rpE2bFgc7IJSPsgS8D6ysdf9LVK80YIzeQNqVrI="},"chainType":1,"messageKeys":{}}},"pendingPreKey":{"signedKeyId":33,"baseKey":"BUJ3v/hbYUpN9dTmeouufeNWyWCeGGuY4Hq/EeSfK49y","preKeyId":3018}},"BVVUakraPO24tmS4MwWpO/pmn4Fhjm7GDAsvg2WPbRdi":{"registrationId":1273727124,"currentRatchet":{"ephemeralKeyPair":{"pubKey":"Bb1gVQsTwRVkTag4rVh9ozs2uXy1nF21i6MIoJ4/iiVP","privKey":"0DQvc28vbTqaUa+ZdYxbI/y2LlDg4b28vjNnkZMN2kU="},"lastRemoteEphemeralKey":"BQGL7YNKZ6g52RPXFZULw/O86Oya0GoKYAURlpamUoBx","previousCounter":0,"rootKey":"JZyAGKlCtagoMaZF/DT2YhPAd0Dey1cNfmnXDnka8Uw="},"indexInfo":{"baseKey":"BVVUakraPO24tmS4MwWpO/pmn4Fhjm7GDAsvg2WPbRdi","baseKeyType":1,"closed":-1,"used":1743341123325,"created":1743341123325,"remoteIdentityKey":"BZoLqgau/1Ycoq8iZCaFGMNmHqCpwIUKGqcn8SOiHJoK"},"_chains":{"Bb1gVQsTwRVkTag4rVh9ozs2uXy1nF21i6MIoJ4/iiVP":{"chainKey":{"counter":5,"key":"isuU9kJw7uOOQmK5KprkPgpfRW+ediuOGjIkL6e9iSo="},"chainType":1,"messageKeys":{}}},"pendingPreKey":{"signedKeyId":33,"baseKey":"BVVUakraPO24tmS4MwWpO/pmn4Fhjm7GDAsvg2WPbRdi","preKeyId":2859}}},"version":"v1"}