{"_sessions":{"BZgJR86vrBXfBHK/P2rPVWIsK73VfB/NCQXoANKK0/5O":{"registrationId":1435140806,"currentRatchet":{"ephemeralKeyPair":{"pubKey":"BXNFb8sfp7wRYOtv/Ilv/X/I4ZDUuGAVZ9fz5ldMnLcE","privKey":"cHphgUPTle/8lTG6jcbaF1HhU5xut/GtM5GQSDd3rFI="},"lastRemoteEphemeralKey":"Ban1Eoa6qDnsQn0D1zyt+Ph48xDnnBLpXPHiauvJGs5b","previousCounter":2,"rootKey":"SgXMFlwqWIgQvU8Txr/z+rKKKYp/YJ49uu4PFvUmNZw="},"indexInfo":{"baseKey":"BZgJR86vrBXfBHK/P2rPVWIsK73VfB/NCQXoANKK0/5O","baseKeyType":1,"closed":-1,"used":1743319953706,"created":1743257675468,"remoteIdentityKey":"BbXZUotQDPBN6WdENfuvZC14DlHpqVHvWWECrGxOV6I+"},"_chains":{"BYcxd6ElU+w2Zmj+NnD6eLDRjzeZw6wrqVb3Jz6naVkZ":{"chainKey":{"counter":1},"chainType":2,"messageKeys":{}},"Ban1Eoa6qDnsQn0D1zyt+Ph48xDnnBLpXPHiauvJGs5b":{"chainKey":{"counter":1,"key":"LI2QqRDPclXYQDI+5GWpoixfFXcW3K+ziDH/e+OL3HA="},"chainType":2,"messageKeys":{"0":"V4ayU7WjP3SAfGcS1872b1yqQmWVIwOjZbOBOM0OSVE="}},"BXNFb8sfp7wRYOtv/Ilv/X/I4ZDUuGAVZ9fz5ldMnLcE":{"chainKey":{"counter":98,"key":"UZCXu/WLauvX6WxH/hSLBAO0Xbww7WJlASXx2l7ulRU="},"chainType":1,"messageKeys":{}}}}},"version":"v1"}