{"_sessions":{"BWkkyLxZ6XYNv9k9SBdRkkuhDJY0bBY9g0a3BKczKdk2":{"registrationId":836324264,"currentRatchet":{"ephemeralKeyPair":{"pubKey":"BTuBjGT1iY31MW6Fn2b+ufWj2hypvdcatUW5gavInK0T","privKey":"mGPaT6fmPbGb5mrYGXJgrd06jlrSA12AepUVenhZ734="},"lastRemoteEphemeralKey":"BfMIpSUy52YJOHG0iM2pGo94/JXbh46O0hpBwDmjIjV5","previousCounter":0,"rootKey":"o4mXP9oYWV/0NrPoqSUMaid4DtVkZZriKg38kZUFYPQ="},"indexInfo":{"baseKey":"BWkkyLxZ6XYNv9k9SBdRkkuhDJY0bBY9g0a3BKczKdk2","baseKeyType":1,"closed":1743330996312,"used":1743257675480,"created":1743257675480,"remoteIdentityKey":"BcR19vk0k3tqQ98XH4hTSWsSU2CIpxqjU/kSRNeZbjwf"},"_chains":{"BTuBjGT1iY31MW6Fn2b+ufWj2hypvdcatUW5gavInK0T":{"chainKey":{"counter":100,"key":"1MNrghARJ8XhqUosO+ybcCW7kzIdLVEkNqy3YxHB1Vk="},"chainType":1,"messageKeys":{}}},"pendingPreKey":{"signedKeyId":3684264,"baseKey":"BWkkyLxZ6XYNv9k9SBdRkkuhDJY0bBY9g0a3BKczKdk2","preKeyId":368}},"BbBj5ZAJnF3Yla0OkeCYnBXa9LVJIkZdLr2Z2b4vAFBz":{"registrationId":836324264,"currentRatchet":{"ephemeralKeyPair":{"pubKey":"BRxtXCFtghnHYD+mJTmuMVYSAjqQmhHy4y27vUBpC+lK","privKey":"aG/ZePz9TwqslMufpEJaxB3RfS/ljxzYxc/kRwrWVUw="},"lastRemoteEphemeralKey":"BfMIpSUy52YJOHG0iM2pGo94/JXbh46O0hpBwDmjIjV5","previousCounter":0,"rootKey":"rKmvsIhXESnkCZovAEhTaioQVVTlnTyzZSoh81bL4n8="},"indexInfo":{"baseKey":"BbBj5ZAJnF3Yla0OkeCYnBXa9LVJIkZdLr2Z2b4vAFBz","baseKeyType":1,"closed":1743330997555,"used":1743330996311,"created":1743330996311,"remoteIdentityKey":"BcR19vk0k3tqQ98XH4hTSWsSU2CIpxqjU/kSRNeZbjwf"},"_chains":{"BRxtXCFtghnHYD+mJTmuMVYSAjqQmhHy4y27vUBpC+lK":{"chainKey":{"counter":-1,"key":"yHafVJEfP9Q5OwURCuZ0+aSozqoTFclZ3TfyUKshYAU="},"chainType":1,"messageKeys":{}}},"pendingPreKey":{"signedKeyId":3684264,"baseKey":"BbBj5ZAJnF3Yla0OkeCYnBXa9LVJIkZdLr2Z2b4vAFBz","preKeyId":565}},"BcCoL+9MkFTjnoox4cOm1xUoFPcRFW8SlVE1bQCs9mAK":{"registrationId":836324264,"currentRatchet":{"ephemeralKeyPair":{"pubKey":"BTCsUA5O/tp4OHUPy05RJkdYUlLlXiCv/XxoprjSf0oJ","privKey":"ME/GY84fzGMcxfpqDThjwDsmvNDTJW8nAUG3cU8cx2g="},"lastRemoteEphemeralKey":"BfMIpSUy52YJOHG0iM2pGo94/JXbh46O0hpBwDmjIjV5","previousCounter":0,"rootKey":"9+ckNNxi1xs/1emfvL3Q6ezHy9GviUUpIw5NklNQtkY="},"indexInfo":{"baseKey":"BcCoL+9MkFTjnoox4cOm1xUoFPcRFW8SlVE1bQCs9mAK","baseKeyType":1,"closed":1743330998451,"used":1743330997555,"created":1743330997555,"remoteIdentityKey":"BcR19vk0k3tqQ98XH4hTSWsSU2CIpxqjU/kSRNeZbjwf"},"_chains":{"BTCsUA5O/tp4OHUPy05RJkdYUlLlXiCv/XxoprjSf0oJ":{"chainKey":{"counter":-1,"key":"ReF2wTvB+537x+Yg4vzLHG3ZXxyyLWxDus7ijwodczo="},"chainType":1,"messageKeys":{}}},"pendingPreKey":{"signedKeyId":3684264,"baseKey":"BcCoL+9MkFTjnoox4cOm1xUoFPcRFW8SlVE1bQCs9mAK","preKeyId":468}},"BRar413oYfN074jlTpScZN7G0jw8rlpCT+LU61z/e4t8":{"registrationId":836324264,"currentRatchet":{"ephemeralKeyPair":{"pubKey":"BT94v89xy2yl530XM9uejqlKOsJX8S01UhBJwUv/n3wm","privKey":"qNrPhD7WTFpa65o1D2mnvbNojh9BjxHpfJVk5/zwO00="},"lastRemoteEphemeralKey":"BfMIpSUy52YJOHG0iM2pGo94/JXbh46O0hpBwDmjIjV5","previousCounter":0,"rootKey":"mSBTmOZb1R6OnNpibafZlVLape/wnUO0UEc8XD8Y0Uo="},"indexInfo":{"baseKey":"BRar413oYfN074jlTpScZN7G0jw8rlpCT+LU61z/e4t8","baseKeyType":1,"closed":-1,"used":1743330998450,"created":1743330998450,"remoteIdentityKey":"BcR19vk0k3tqQ98XH4hTSWsSU2CIpxqjU/kSRNeZbjwf"},"_chains":{"BT94v89xy2yl530XM9uejqlKOsJX8S01UhBJwUv/n3wm":{"chainKey":{"counter":8,"key":"hTILy2U9rKOiujbHy1wHmrCXfeC46fZGZvavQDCsD9I="},"chainType":1,"messageKeys":{}}},"pendingPreKey":{"signedKeyId":3684264,"baseKey":"BRar413oYfN074jlTpScZN7G0jw8rlpCT+LU61z/e4t8","preKeyId":754}}},"version":"v1"}