{"_sessions":{"Bfw3CnHc41In4sTpJMIH3FaXFkW1x/W+aPp4W4tJlG4D":{"registrationId":1484483525,"currentRatchet":{"ephemeralKeyPair":{"pubKey":"BSbkSdi+Y31E2JrTtyft8J1tlsG9HChrIX18VHzdHIkz","privKey":"OE9iDPaKlXT62sIO/pQmTRfDxBXt3BxX3ZXGK36UAXU="},"lastRemoteEphemeralKey":"Bd6i2ws0GR72fQ7G1wezUPobXMSN5ilA7nSQrUpvaRJ7","previousCounter":3,"rootKey":"r3GejZ0l4A28nc+2bUiPC/pVd+/DANjAny6VV32Xyt8="},"indexInfo":{"baseKey":"Bfw3CnHc41In4sTpJMIH3FaXFkW1x/W+aPp4W4tJlG4D","baseKeyType":1,"closed":1742891494089,"used":1742891440627,"created":1742891389799,"remoteIdentityKey":"BWvRUYyjT/w97vuvzqUtEeqxcktLiFmPdwyD3ctfm80Z"},"_chains":{"Bd6i2ws0GR72fQ7G1wezUPobXMSN5ilA7nSQrUpvaRJ7":{"chainKey":{"counter":2,"key":"4Kea/7/3JRBow2/RoAWOjfZeaKwE5/VRcqPUjJw41dQ="},"chainType":2,"messageKeys":{}},"BSbkSdi+Y31E2JrTtyft8J1tlsG9HChrIX18VHzdHIkz":{"chainKey":{"counter":0,"key":"Nx6yhlX4TVlne9tnPktdlOo9e+YhBReUo25xmHKNzK4="},"chainType":1,"messageKeys":{}}}},"BdlQItdltGbvbojcpaCRCaMh2P1GWnC29PYzGqlLsDEb":{"registrationId":1484483525,"currentRatchet":{"ephemeralKeyPair":{"pubKey":"BctJAFWoC1Gbd+jItt0QUd7r33KMUOll5YMTzVyLUkEg","privKey":"CFELI6AdY+0kdxzQ55OhpT18glMfxShLLAMrYzgoT1k="},"lastRemoteEphemeralKey":"BWoXPxO2uMo1yG9kpgu6JUGbKX/QfIFElpAVpO/JK4EO","previousCounter":1,"rootKey":"B34CaC3mBfsSP+N6xmSsoMnFnUhRmB6evXq+hTqukdI="},"indexInfo":{"baseKey":"BdlQItdltGbvbojcpaCRCaMh2P1GWnC29PYzGqlLsDEb","baseKeyType":1,"closed":-1,"used":1743343697492,"created":1742891494088,"remoteIdentityKey":"BWvRUYyjT/w97vuvzqUtEeqxcktLiFmPdwyD3ctfm80Z"},"_chains":{"BdJ+BspYgC3yNqWbdqvTTakqjcA2bjHbKNBhVkKSktoJ":{"chainKey":{"counter":0},"chainType":2,"messageKeys":{}},"BbOj6nOv7gMMy3duV4etBIbG8bufumTpeDkzb11iHddi":{"chainKey":{"counter":0},"chainType":2,"messageKeys":{}},"BeRlJAkUKwlnS2oA5brZNr8bZHF/xKsI6czhc9wbDvAy":{"chainKey":{"counter":0},"chainType":2,"messageKeys":{}},"BQSdiKAHS7+oKkyjDFvbvkcwIJm5+HI5Rau4BoNJx/RS":{"chainKey":{"counter":3},"chainType":2,"messageKeys":{}},"BaI9OTw9WE5uLxi59ghwxlZYa+oT6IiybI+Th3fW5Cg9":{"chainKey":{"counter":0},"chainType":2,"messageKeys":{}},"BSiJrgBG1sIQs0cj1xIuJZFkQuCekkdnZtf5kXykhl8q":{"chainKey":{"counter":1},"chainType":2,"messageKeys":{}},"BQuPhg1R+n0aY+nBVhq6Mn+H2DW1JSz09C18wupEjPpM":{"chainKey":{"counter":0},"chainType":2,"messageKeys":{}},"BdT4VcPnsaPR4tfLiUc0AHAwxyNYlcDW9WjKpNcULUwV":{"chainKey":{"counter":0},"chainType":2,"messageKeys":{}},"BYIneV/tL2WAmVybje+pJ0JXP7VBSR7raxTIknzvOCQe":{"chainKey":{"counter":0},"chainType":2,"messageKeys":{}},"BUCWuglL8wWawhALIa0IbBKbNRPf2prANHvWZ42xJal/":{"chainKey":{"counter":0},"chainType":2,"messageKeys":{}},"BUIRoSaw/zsf2odFOEEj8rHFhvOTqmAJFg9ioB4xdFMA":{"chainKey":{"counter":0},"chainType":2,"messageKeys":{}},"BRCnMOxTlc38vo2YWwVQnAOROFlUdHZgYAf/5cPWMsp5":{"chainKey":{"counter":0},"chainType":2,"messageKeys":{}},"BZUfrcxGLqWqNFllOKa2TGt1uSnYdAvWR8jeUtqWTrsH":{"chainKey":{"counter":0},"chainType":2,"messageKeys":{}},"BfUWMD22MI7nszpW+j0yB7N3ItsFXdw94vnWSNStVAZJ":{"chainKey":{"counter":1},"chainType":2,"messageKeys":{}},"BRvEGAiP8sXH4CPww6DJSs4eAQ8HrkUucMvLyYZlDkpg":{"chainKey":{"counter":0},"chainType":2,"messageKeys":{}},"Bd1auhvPXhevD5O6cjYa8StMVOzyIAfoMSs14rbBkpJh":{"chainKey":{"counter":0},"chainType":2,"messageKeys":{}},"BSrwEyB5+o9rYQ4r4z9ivEewx+w0PNifOy1IrsQldA4w":{"chainKey":{"counter":0},"chainType":2,"messageKeys":{}},"BU7ZnQ3lFrHFViM6dyVR2HTH/NiO15JuVC89e3Wk0VtN":{"chainKey":{"counter":0},"chainType":2,"messageKeys":{}},"Bbzp3fvIJ7MZNjeaP9cyM4sNj8xeO4+4YQMLlWaH0VQQ":{"chainKey":{"counter":0},"chainType":2,"messageKeys":{}},"BW5On7MZPVoSTPCr6h0ZCSzCxlztTFEUBGLnYItJ62wL":{"chainKey":{"counter":0},"chainType":2,"messageKeys":{}},"BbxrsQKk+MoOdwd+1MFc++ZFrCDcloI23sj+8iWrT7V5":{"chainKey":{"counter":0},"chainType":2,"messageKeys":{}},"BZOj5zHq6nJSbybpMWcB9/B9mtAFY0EM/ar4usgpQ7Ni":{"chainKey":{"counter":0},"chainType":2,"messageKeys":{}},"BYhoFXFfEYpKNAb6RzdegM8K5Ojlck7LmkD7VsHODHBE":{"chainKey":{"counter":0},"chainType":2,"messageKeys":{}},"BWQKRbGQltDmNsHJXpb5ToP8yB6/G+wSomevhJO1StIS":{"chainKey":{"counter":0},"chainType":2,"messageKeys":{}},"BYLic7/wppWQZOcOO/9wdWlIe9RkC/B3FxvbyEtnzHVy":{"chainKey":{"counter":1},"chainType":2,"messageKeys":{}},"BRQf+YFdwIMUZx0skuhkImJZBxO0MvZh601TPvzGNzkP":{"chainKey":{"counter":204},"chainType":2,"messageKeys":{"157":"dll0q67nGr1nxJsrlvdWaJAqt+qe2bAl2kg50SCD1rU=","158":"N8VYvWU8SfF94BPCrOTkh0C6fCG8+AvPbuEpHS4llQ8="}},"BVg20HuNEoTJDeNhbaPP7s7pn2tJZpH5mfk5BxqZHJNz":{"chainKey":{"counter":0},"chainType":2,"messageKeys":{}},"BW8PAMVs6TM8sB49Tb2fxnsXJEEnMeOix2CxHcu3JhoU":{"chainKey":{"counter":0},"chainType":2,"messageKeys":{}},"BfUjZNIF7WtSmqsjaQZKKkfoDfHYqXUtwwccOSLx/fQo":{"chainKey":{"counter":0},"chainType":2,"messageKeys":{}},"BXQ/abhXtDv++xHJCLk0odPszGiVhMRvL7oa7PYj/rFy":{"chainKey":{"counter":0},"chainType":2,"messageKeys":{}},"BWoXPxO2uMo1yG9kpgu6JUGbKX/QfIFElpAVpO/JK4EO":{"chainKey":{"counter":3,"key":"Mj+COACeheBK2jinJf/g3bpWhNtpTkqWxxZRXiq5Qp4="},"chainType":2,"messageKeys":{}},"BctJAFWoC1Gbd+jItt0QUd7r33KMUOll5YMTzVyLUkEg":{"chainKey":{"counter":10,"key":"b6bzWlUCqFeD/NFKM7otuQ7TeZT+u1CYI88AxY/qh58="},"chainType":1,"messageKeys":{}}}}},"version":"v1"}