{"_sessions":{"BcT/5nFyGNPatr0AorpYZRZC0VBK6MRgk2XvmcwHJjsW":{"registrationId":1247234239,"currentRatchet":{"ephemeralKeyPair":{"pubKey":"BXoeUMQFeE7VVUeQkqdeQMupa+mymu189pTBBWmhg0d7","privKey":"kIJ25LHnQOn//uFQ7yZUOWz3tbHTjQVQg2G4S/KtiWA="},"lastRemoteEphemeralKey":"BUwjkm/QmsZyd35+N6L9+6YTEak9HErSsQ7AJd3BVkRb","previousCounter":0,"rootKey":"v5QtDamBxEPhSz2gAhnfNbvW5BsuZk3SBgfbbUPxWSo="},"indexInfo":{"baseKey":"BcT/5nFyGNPatr0AorpYZRZC0VBK6MRgk2XvmcwHJjsW","baseKeyType":1,"closed":-1,"used":1743257675490,"created":1743257675490,"remoteIdentityKey":"BSBFxdYLyoMdNBBCQWJJi0g4tggkVaJVS1xqh8e5gpI2"},"_chains":{"BXoeUMQFeE7VVUeQkqdeQMupa+mymu189pTBBWmhg0d7":{"chainKey":{"counter":109,"key":"SAWV+dzRKILhJixh8IyC8PI/UlyFBb38oE1wy+8powc="},"chainType":1,"messageKeys":{}}},"pendingPreKey":{"signedKeyId":9,"baseKey":"BcT/5nFyGNPatr0AorpYZRZC0VBK6MRgk2XvmcwHJjsW","preKeyId":11904796}}},"version":"v1"}