{"_sessions":{"BTICGTRX9mhem9DmVJDfCxLoBv3yiO0KHBpgaSWYRe90":{"registrationId":2095393838,"currentRatchet":{"ephemeralKeyPair":{"pubKey":"BWYR8QhVHhleryiX03qcdsoe7GyWOgC2e2qoxuEv3xIL","privKey":"qEv2fh41lRJEGRi5BCOQIVTNEbZAYuBOW03kjyEowEE="},"lastRemoteEphemeralKey":"Ba9C9SDWhovjiliC2mcdmDH/wDWxIrzdf6HtsbM/26QU","previousCounter":0,"rootKey":"grpiAR0C9MPR0LKUfcVvTMG30DfdNEb+ZZTY2lee9FE="},"indexInfo":{"baseKey":"BTICGTRX9mhem9DmVJDfCxLoBv3yiO0KHBpgaSWYRe90","baseKeyType":1,"closed":-1,"used":1743257675523,"created":1743257675523,"remoteIdentityKey":"BQpkEDuYw0lKN2MbrHYXPTAdwVGK0RVCra1g+BODrdYG"},"_chains":{"BWYR8QhVHhleryiX03qcdsoe7GyWOgC2e2qoxuEv3xIL":{"chainKey":{"counter":109,"key":"OtFigyMAG1sGprmlN/dLiBuYMXlJz1iUcFMAk9f6Kvo="},"chainType":1,"messageKeys":{}}},"pendingPreKey":{"signedKeyId":12,"baseKey":"BTICGTRX9mhem9DmVJDfCxLoBv3yiO0KHBpgaSWYRe90","preKeyId":10167928}}},"version":"v1"}