{"_sessions":{"BYPSG7PABbUTjx5yVBjndusofcK+L2OC8hH+ut/u+AVK":{"registrationId":875258176,"currentRatchet":{"ephemeralKeyPair":{"pubKey":"BWTcbMR5CIgn9SzLNJ5My7gX2sjwLkYVcNU6Di/xKlkp","privKey":"EFT+Mj2V0NtsUlaKVWquUTRBRn0O4i+USYsgPUtB0lU="},"lastRemoteEphemeralKey":"BW9bJDeaYnp31ZRImqFyWrq21ThN1I/jhxWEKSGQDZZP","previousCounter":0,"rootKey":"gDDFOLdEhe7gU0RGQK+1K2HleYzhWFrHMXUeqwRxRIQ="},"indexInfo":{"baseKey":"BYPSG7PABbUTjx5yVBjndusofcK+L2OC8hH+ut/u+AVK","baseKeyType":1,"closed":-1,"used":1743319956763,"created":1743319956763,"remoteIdentityKey":"BYLtljAW1ttfIB7MGhyNWlza3PLDITVJEYmBQ80fjohU"},"_chains":{"BWTcbMR5CIgn9SzLNJ5My7gX2sjwLkYVcNU6Di/xKlkp":{"chainKey":{"counter":2,"key":"Tn7x99ilYbxWNmvwNsPahvwaNLzChJ33HVZIXmR0GMc="},"chainType":1,"messageKeys":{}}},"pendingPreKey":{"signedKeyId":1,"baseKey":"BYPSG7PABbUTjx5yVBjndusofcK+L2OC8hH+ut/u+AVK","preKeyId":782}}},"version":"v1"}