{"_sessions":{"BepTW4uWQz/AoDhuViDYozzhOyOhbZzcHn6G8qryrS0Q":{"registrationId":142010722,"currentRatchet":{"ephemeralKeyPair":{"pubKey":"BZyuQOHN+09jvY9tuRjECxlA8br/q79Cyqa3xbHVdlsc","privKey":"MMuwlGJjZjzJGPL2aYD/Las2qigf6dCNvdiACeTtO1I="},"lastRemoteEphemeralKey":"BW4+M09cYLyVgpOFBwIGyj2GR58QaQSVLsntlruQ9zw+","previousCounter":0,"rootKey":"cwtDR3kFuTCd69lMAASYmtosJbjGeiiR1wM4rWIsKeI="},"indexInfo":{"baseKey":"BepTW4uWQz/AoDhuViDYozzhOyOhbZzcHn6G8qryrS0Q","baseKeyType":1,"closed":1743329337300,"used":1743257675488,"created":1743257675488,"remoteIdentityKey":"BT+t87f6VzSOJ5E3ikTOlF3KEmmZtenpI/m8Co5zXlMY"},"_chains":{"BZyuQOHN+09jvY9tuRjECxlA8br/q79Cyqa3xbHVdlsc":{"chainKey":{"counter":72,"key":"wJurWCYwswRztl87K4/XIcxeiPeCR3Z6vFOApW5GX0s="},"chainType":1,"messageKeys":{}}},"pendingPreKey":{"signedKeyId":13763639,"baseKey":"BepTW4uWQz/AoDhuViDYozzhOyOhbZzcHn6G8qryrS0Q","preKeyId":2338}},"BWM82lahe8ckeAgGsP3j2fDXfcl6dCnt55ZEiEcULgos":{"registrationId":142010722,"currentRatchet":{"ephemeralKeyPair":{"pubKey":"BSTIsoGWv6xRR0oAwLAwsxojRNeDzkh3RQNsfrj6+K8P","privKey":"4Kkz3GDcLx16cXfo5B9h01k3zFHmWo+0ZoNTZl8julo="},"lastRemoteEphemeralKey":"BW4+M09cYLyVgpOFBwIGyj2GR58QaQSVLsntlruQ9zw+","previousCounter":0,"rootKey":"rtUwLMZuHdsuf2MaJZ5Ci8PWGwOtr7TWNYKH7B0aDO0="},"indexInfo":{"baseKey":"BWM82lahe8ckeAgGsP3j2fDXfcl6dCnt55ZEiEcULgos","baseKeyType":1,"closed":-1,"used":1743329337299,"created":1743329337299,"remoteIdentityKey":"BT+t87f6VzSOJ5E3ikTOlF3KEmmZtenpI/m8Co5zXlMY"},"_chains":{"BSTIsoGWv6xRR0oAwLAwsxojRNeDzkh3RQNsfrj6+K8P":{"chainKey":{"counter":36,"key":"ypdw6Ub0/fqLkO86ZHvsFirL0LQiKOhtYPfhQqxWLlw="},"chainType":1,"messageKeys":{}}},"pendingPreKey":{"signedKeyId":13763639,"baseKey":"BWM82lahe8ckeAgGsP3j2fDXfcl6dCnt55ZEiEcULgos","preKeyId":2256}}},"version":"v1"}