{"_sessions":{"Bfd8FZ+epj/Mb5VHIA9EJr4NA7LGYBu2sgcQIz2LY1p1":{"registrationId":112610047,"currentRatchet":{"ephemeralKeyPair":{"pubKey":"BQU688V7LBXMxF24rbhX29jg7+2/Q9JUgDDfEcsLBJ4z","privKey":"6LzUSnkEI5PQ7t5Mj0lmLnTbmostHRAOWe8WslEllVE="},"lastRemoteEphemeralKey":"BbnxznkRNnb6P9hgAyDKEt9mvT+rmuUMkRiN+d+1qdBy","previousCounter":10,"rootKey":"zpECNyKCx0UX4N8m1El7ZSpGiNUtw995JKmEe2F5mkI="},"indexInfo":{"baseKey":"Bfd8FZ+epj/Mb5VHIA9EJr4NA7LGYBu2sgcQIz2LY1p1","baseKeyType":1,"closed":-1,"used":1743319931602,"created":1743257675477,"remoteIdentityKey":"BcCqBOJDE+wW6DhsE78APZesmsmfAv7NvRz9gowKvGRR"},"_chains":{"BbnxznkRNnb6P9hgAyDKEt9mvT+rmuUMkRiN+d+1qdBy":{"chainKey":{"counter":0,"key":"S8lHVVdMsJ/DrWCwq1fnJ0CCP2cleLMYOSZeWPR2JVA="},"chainType":2,"messageKeys":{}},"BQU688V7LBXMxF24rbhX29jg7+2/Q9JUgDDfEcsLBJ4z":{"chainKey":{"counter":98,"key":"GK7cO+640OWOY6HL1oHQCLk80Hd/iU+5g3+yBhrIV1g="},"chainType":1,"messageKeys":{}}}}},"version":"v1"}