{"_sessions":{"BeSTAyrm/IQDyERCVXzZBzvhG2/QY/FTw6WdTPpbepEl":{"registrationId":9163,"currentRatchet":{"ephemeralKeyPair":{"pubKey":"BcKexIoV/YGz+fnjYRUOt/iFtILi24GeJsG6uYmsbK5S","privKey":"yARsl/3edd47siZLrSDS0TWzr0EzUEH96yTrS5pSjWc="},"lastRemoteEphemeralKey":"BeLEbHwuFugUUaDbt93/R0az9F6eDQz4yY439IByVmB6","previousCounter":0,"rootKey":"hEO396MHSVCVtbLoLjvc+/2FFabA3ysKC4YVznvf7Y4="},"indexInfo":{"baseKey":"BeSTAyrm/IQDyERCVXzZBzvhG2/QY/FTw6WdTPpbepEl","baseKeyType":1,"closed":-1,"used":1743257675430,"created":1743257675430,"remoteIdentityKey":"BczDvLngnOtY6SveSkjNNgd4+mAgjVZfuZv42gmXie1/"},"_chains":{"BcKexIoV/YGz+fnjYRUOt/iFtILi24GeJsG6uYmsbK5S":{"chainKey":{"counter":109,"key":"u0ZF5scWHTXPPHRZ4ao7W/ozcs2B6fnftu64htFyvO8="},"chainType":1,"messageKeys":{}}},"pendingPreKey":{"signedKeyId":1,"baseKey":"BeSTAyrm/IQDyERCVXzZBzvhG2/QY/FTw6WdTPpbepEl"}}},"version":"v1"}