{"_sessions":{"BZye4hbgI6HtotgVmYCMoLqkrDS4g9NLoXFPdfiBO7s2":{"registrationId":1301030443,"currentRatchet":{"ephemeralKeyPair":{"pubKey":"Bd7poj+AaPFHa/h6zTtE/BiGj4rM8GTJlIVxiwIviTpj","privKey":"4EHSz3+kck8JNku3lD3Gyafrg5mDRv9kbiV2zLItck8="},"lastRemoteEphemeralKey":"BfcCJzQL/Z0ApCdgBe2uXvmnflL39IMyHvf4GkZeooAD","previousCounter":0,"rootKey":"JPSMRNfQYyZMM/MujZpzNkpbWXBHIjOiRXOee8h3Owg="},"indexInfo":{"baseKey":"BZye4hbgI6HtotgVmYCMoLqkrDS4g9NLoXFPdfiBO7s2","baseKeyType":1,"closed":1743329277723,"used":1743257675489,"created":1743257675489,"remoteIdentityKey":"BbdavYG+dl28hKBmA3eDmeaLgF0azHdl+gmR3Yl2RwdR"},"_chains":{"Bd7poj+AaPFHa/h6zTtE/BiGj4rM8GTJlIVxiwIviTpj":{"chainKey":{"counter":45,"key":"/DPEhzklO8X/N9HLAF7hO1u8SVRfBxFqijiL6ty3g3Y="},"chainType":1,"messageKeys":{}}},"pendingPreKey":{"signedKeyId":15067509,"baseKey":"BZye4hbgI6HtotgVmYCMoLqkrDS4g9NLoXFPdfiBO7s2","preKeyId":2662}},"BRXOCahnz8Om/gLKfHK5nBJQvxCJYfgopHLf7R8R2S9H":{"registrationId":1301030443,"currentRatchet":{"ephemeralKeyPair":{"pubKey":"BajtaM2ckT++wBZXIcYV1LQgqFPDIAkAGbmDBRmPqe8i","privKey":"cPL6GDqAhLVmKk/inSqyVYsXJPFuGAc3aubcT8kcNHg="},"lastRemoteEphemeralKey":"BfcCJzQL/Z0ApCdgBe2uXvmnflL39IMyHvf4GkZeooAD","previousCounter":0,"rootKey":"K9eRugAFbZ/VWulz9+FnuUVlbXzx9X9XKusdrWXeLXY="},"indexInfo":{"baseKey":"BRXOCahnz8Om/gLKfHK5nBJQvxCJYfgopHLf7R8R2S9H","baseKeyType":1,"closed":1743331432623,"used":1743329277722,"created":1743329277722,"remoteIdentityKey":"BbdavYG+dl28hKBmA3eDmeaLgF0azHdl+gmR3Yl2RwdR"},"_chains":{"BajtaM2ckT++wBZXIcYV1LQgqFPDIAkAGbmDBRmPqe8i":{"chainKey":{"counter":54,"key":"oZqpHqdc1EHYEDaNa+wxyoT7x+rWgweEJhwY+hfOqyU="},"chainType":1,"messageKeys":{}}},"pendingPreKey":{"signedKeyId":15067509,"baseKey":"BRXOCahnz8Om/gLKfHK5nBJQvxCJYfgopHLf7R8R2S9H","preKeyId":2632}},"Bd8xnKlBSwCXv0xjNuXv+t7QzLQRb3a3TDtyu3X/6ZZs":{"registrationId":1301030443,"currentRatchet":{"ephemeralKeyPair":{"pubKey":"BT+EwHORSdtmMolg93TFnOXQ4/IEdWQUtF7pJUkMsSIY","privKey":"MCS+WZdLb8aWx85tdxq8gu5M/YvTzjxHd0qW1rN0Vmo="},"lastRemoteEphemeralKey":"BfcCJzQL/Z0ApCdgBe2uXvmnflL39IMyHvf4GkZeooAD","previousCounter":0,"rootKey":"r32x4+myalA1NGqQkG4/p2WyHMj/m7jzRiY4Q9J4PCQ="},"indexInfo":{"baseKey":"Bd8xnKlBSwCXv0xjNuXv+t7QzLQRb3a3TDtyu3X/6ZZs","baseKeyType":1,"closed":1743331433193,"used":1743331432621,"created":1743331432621,"remoteIdentityKey":"BbdavYG+dl28hKBmA3eDmeaLgF0azHdl+gmR3Yl2RwdR"},"_chains":{"BT+EwHORSdtmMolg93TFnOXQ4/IEdWQUtF7pJUkMsSIY":{"chainKey":{"counter":-1,"key":"GlasgNAF+jLAtEBz3mtyFqp52STU8lG/HAYMj9PaWhM="},"chainType":1,"messageKeys":{}}},"pendingPreKey":{"signedKeyId":15067509,"baseKey":"Bd8xnKlBSwCXv0xjNuXv+t7QzLQRb3a3TDtyu3X/6ZZs","preKeyId":3015}},"BcYyOtVjrhL2ujgqMjIVBaraQ3nVt+wlM6neY0qpKsMV":{"registrationId":1301030443,"currentRatchet":{"ephemeralKeyPair":{"pubKey":"BRP2hKqCQBXDfbsskwjOXaJxp9Msx9EZGki0wSyR4PsP","privKey":"uFQ3GpiBwJv1HqWceLBLO1UhntQADQigMxxfynvUZVI="},"lastRemoteEphemeralKey":"BfcCJzQL/Z0ApCdgBe2uXvmnflL39IMyHvf4GkZeooAD","previousCounter":0,"rootKey":"l0HIkSj76YeULmOKqWiXyUTWc80eoOr+3N9co1GZUts="},"indexInfo":{"baseKey":"BcYyOtVjrhL2ujgqMjIVBaraQ3nVt+wlM6neY0qpKsMV","baseKeyType":1,"closed":1743331433305,"used":1743331433192,"created":1743331433192,"remoteIdentityKey":"BbdavYG+dl28hKBmA3eDmeaLgF0azHdl+gmR3Yl2RwdR"},"_chains":{"BRP2hKqCQBXDfbsskwjOXaJxp9Msx9EZGki0wSyR4PsP":{"chainKey":{"counter":-1,"key":"OW8wRBrVSoeYZHnbaz8jzu7SuSD+wAzl8JvDwEPcjCM="},"chainType":1,"messageKeys":{}}},"pendingPreKey":{"signedKeyId":15067509,"baseKey":"BcYyOtVjrhL2ujgqMjIVBaraQ3nVt+wlM6neY0qpKsMV","preKeyId":3031}},"BRAWvV1CG0vS3BK7FxEEKGLez4kmC9VRCuAAFVYaabBa":{"registrationId":1301030443,"currentRatchet":{"ephemeralKeyPair":{"pubKey":"BbaPwmg3E5Jfp+wKk/oZ7GyBQ47Yh5wNC7WyZqpYsKkh","privKey":"ULndS2TZ7D+6Jc8hmGsnkDBg3tKwuSqqu93zzjpCqkc="},"lastRemoteEphemeralKey":"BfcCJzQL/Z0ApCdgBe2uXvmnflL39IMyHvf4GkZeooAD","previousCounter":0,"rootKey":"2vD6faNuqMnJdYcR7k6R0XRW23KE71P3T7MLrErbWS8="},"indexInfo":{"baseKey":"BRAWvV1CG0vS3BK7FxEEKGLez4kmC9VRCuAAFVYaabBa","baseKeyType":1,"closed":-1,"used":1743331433305,"created":1743331433305,"remoteIdentityKey":"BbdavYG+dl28hKBmA3eDmeaLgF0azHdl+gmR3Yl2RwdR"},"_chains":{"BbaPwmg3E5Jfp+wKk/oZ7GyBQ47Yh5wNC7WyZqpYsKkh":{"chainKey":{"counter":8,"key":"EW0E4FD4+1okKEaRL2y+cF+9MVRv9ltiZ8sg0XW490s="},"chainType":1,"messageKeys":{}}},"pendingPreKey":{"signedKeyId":15067509,"baseKey":"BRAWvV1CG0vS3BK7FxEEKGLez4kmC9VRCuAAFVYaabBa","preKeyId":2529}}},"version":"v1"}