{"_sessions":{"BQGowCvv+SlLobGGF7EEJzxHcHwr20o7RrAHv1qS759v":{"registrationId":6757,"currentRatchet":{"ephemeralKeyPair":{"pubKey":"BcluKAatx90nuh1AAenQPLucwQ5Uu9v+T/CzQNTq//5+","privKey":"AAZf+F2kEL+0W5PLS5XhNVaNeoEC4CbHthvp9LCt7mI="},"lastRemoteEphemeralKey":"Bb4T+YBd32pGSqTmP2+ewkeiZkr1HT9jRK0+w24zTsEi","previousCounter":0,"rootKey":"dYZhloKZ4g+EcyP0gQREYBIkanRFzcVdef5m+BsT1KQ="},"indexInfo":{"baseKey":"BQGowCvv+SlLobGGF7EEJzxHcHwr20o7RrAHv1qS759v","baseKeyType":1,"closed":-1,"used":1743319956772,"created":1743319956772,"remoteIdentityKey":"BX1IUxAFy6zqvGhzM7fD1Pd5wUTYJ15UhUqfLyZ+T4Ae"},"_chains":{"BcluKAatx90nuh1AAenQPLucwQ5Uu9v+T/CzQNTq//5+":{"chainKey":{"counter":98,"key":"DzrFEGKH6gJYPYfhUHOmJtET3PMaeQwRiR0fCR4zpoo="},"chainType":1,"messageKeys":{}}},"pendingPreKey":{"signedKeyId":1,"baseKey":"BQGowCvv+SlLobGGF7EEJzxHcHwr20o7RrAHv1qS759v","preKeyId":640}}},"version":"v1"}