{"_sessions":{"Bef1BItJ1tA0nzHrUPTOM8OtLA/guw6rsgs6YeF38rho":{"registrationId":1176166798,"currentRatchet":{"ephemeralKeyPair":{"pubKey":"BR9Dco2xbMk0qKD81Ylw5Q2ddI4a60k61eCh1JrnjtUa","privKey":"wI0S1/DjumpwedbqHiwCV0vUrpVFU70F3+FnFji5f2k="},"lastRemoteEphemeralKey":"BVE1972B29BKWG3NThgQ+mI8Pa8z9ExB4ksoOfVN065o","previousCounter":0,"rootKey":"LKCfMwcypgkyBX0Ki2Nf7hyuvYqXXWXYAKolw4NbjfY="},"indexInfo":{"baseKey":"Bef1BItJ1tA0nzHrUPTOM8OtLA/guw6rsgs6YeF38rho","baseKeyType":1,"closed":-1,"used":1743257675516,"created":1743257675516,"remoteIdentityKey":"BdjAHKaAGbdiVhMrEFjQGQkG3qbXomKJD3vDq7Z5XyIZ"},"_chains":{"BR9Dco2xbMk0qKD81Ylw5Q2ddI4a60k61eCh1JrnjtUa":{"chainKey":{"counter":109,"key":"gEVDLYfEjYjniZQoT/hl8UyLLlLuBmQ34aN6C4uL4Ek="},"chainType":1,"messageKeys":{}}},"pendingPreKey":{"signedKeyId":5,"baseKey":"Bef1BItJ1tA0nzHrUPTOM8OtLA/guw6rsgs6YeF38rho"}}},"version":"v1"}