{"_sessions":{"BXuk2GlBGMW4M2nl8AParxyuikMUliKnv1j2bSolv0t6":{"registrationId":295304650,"currentRatchet":{"ephemeralKeyPair":{"pubKey":"BXJd49JE2qtrQfzN4obJKVLcaFrSbRLq26yq73rQpc5B","privKey":"yC3CCfTjhHza1ZqhpMTB+vk849x2fKCR8tgeoWU5uHs="},"lastRemoteEphemeralKey":"BUKHygZNz+yGLQEXxUPIS5go/BgbtBma+NLO39D3CF0Y","previousCounter":0,"rootKey":"iuA1gAsS6yE/uPb3nXOqH0gutwiFJqrAP+85b8aIgP4="},"indexInfo":{"baseKey":"BXuk2GlBGMW4M2nl8AParxyuikMUliKnv1j2bSolv0t6","baseKeyType":1,"closed":1742891502143,"used":1742891451666,"created":1742891451666,"remoteIdentityKey":"BbnYEqm3Fw0MZ389qNJiUf5y4jwm7A2+uRQYYlH5cDp4"},"_chains":{"BXJd49JE2qtrQfzN4obJKVLcaFrSbRLq26yq73rQpc5B":{"chainKey":{"counter":1,"key":"5OC2M0mwzc9mmkN0fqyFK8xG6vlKMTX6a4yDdWAvqFM="},"chainType":1,"messageKeys":{}}},"pendingPreKey":{"signedKeyId":8665043,"baseKey":"BXuk2GlBGMW4M2nl8AParxyuikMUliKnv1j2bSolv0t6","preKeyId":1078}},"BR/XEYgK86H1n07M3Ox/6eyzBkSG1hRCc2uC74yihzog":{"registrationId":295304650,"currentRatchet":{"ephemeralKeyPair":{"pubKey":"BXG3gAC4DSqIuQa8Sc/NpY20wajtlkcw99Fp84zp9SdF","privKey":"GL9JqO606eLcttBYxKfROMgGSkI1MjIDiWmu12YuemA="},"lastRemoteEphemeralKey":"BUKHygZNz+yGLQEXxUPIS5go/BgbtBma+NLO39D3CF0Y","previousCounter":0,"rootKey":"7GoER0Ma0DAT2EYhuWNQRoVKLT/d4dgojkxo+jph7qk="},"indexInfo":{"baseKey":"BR/XEYgK86H1n07M3Ox/6eyzBkSG1hRCc2uC74yihzog","baseKeyType":1,"closed":1742891503651,"used":1742891502142,"created":1742891502142,"remoteIdentityKey":"BbnYEqm3Fw0MZ389qNJiUf5y4jwm7A2+uRQYYlH5cDp4"},"_chains":{"BXG3gAC4DSqIuQa8Sc/NpY20wajtlkcw99Fp84zp9SdF":{"chainKey":{"counter":0,"key":"hmFMFfn3tAM0rbwPqOqKtQHsaW1ZxeKSk2HwAVYXzXE="},"chainType":1,"messageKeys":{}}},"pendingPreKey":{"signedKeyId":8665043,"baseKey":"BR/XEYgK86H1n07M3Ox/6eyzBkSG1hRCc2uC74yihzog","preKeyId":1091}},"BWaQjYf9ZhXajPmKw+9qsOz6fDd+OuByEnn2rof1Q55n":{"registrationId":295304650,"currentRatchet":{"ephemeralKeyPair":{"pubKey":"BT4XLvFSSjcpP86I83Z9mU6+pejuNcIi600u5qgcCowV","privKey":"YMy4YbtW9StBaiE78smHRYugE47hnS9nr8uBnPo8qEg="},"lastRemoteEphemeralKey":"BUKHygZNz+yGLQEXxUPIS5go/BgbtBma+NLO39D3CF0Y","previousCounter":0,"rootKey":"IMddqL8xh6G3UIqrbeIEJKYU4LdjA/CnjqOWk5ibOZ4="},"indexInfo":{"baseKey":"BWaQjYf9ZhXajPmKw+9qsOz6fDd+OuByEnn2rof1Q55n","baseKeyType":1,"closed":1742891845624,"used":1742891503650,"created":1742891503650,"remoteIdentityKey":"BbnYEqm3Fw0MZ389qNJiUf5y4jwm7A2+uRQYYlH5cDp4"},"_chains":{"BT4XLvFSSjcpP86I83Z9mU6+pejuNcIi600u5qgcCowV":{"chainKey":{"counter":0,"key":"YXDppMGgx07amGOC2do1Co7FFILgTp5VhjLVhLMpZAw="},"chainType":1,"messageKeys":{}}},"pendingPreKey":{"signedKeyId":8665043,"baseKey":"BWaQjYf9ZhXajPmKw+9qsOz6fDd+OuByEnn2rof1Q55n","preKeyId":986}},"Bdhh9M3J8GphT3J9s+OxNCeRGvYeawKRz+JB760OCugA":{"registrationId":295304650,"currentRatchet":{"ephemeralKeyPair":{"pubKey":"BQo2dLTyxkhPV5VAnVCiaCpBjJvLYpQDkI0s1mpmdXJi","privKey":"cEHVklvhxOsiyviVEtERE/aX1gBjuCSBFops6urg0Xs="},"lastRemoteEphemeralKey":"BUKHygZNz+yGLQEXxUPIS5go/BgbtBma+NLO39D3CF0Y","previousCounter":0,"rootKey":"2G6oBdZ2GpRifhSKmegQ9mUZSHlPQxwDbkp22sHYOmg="},"indexInfo":{"baseKey":"Bdhh9M3J8GphT3J9s+OxNCeRGvYeawKRz+JB760OCugA","baseKeyType":1,"closed":1742891846124,"used":1742891845621,"created":1742891845621,"remoteIdentityKey":"BbnYEqm3Fw0MZ389qNJiUf5y4jwm7A2+uRQYYlH5cDp4"},"_chains":{"BQo2dLTyxkhPV5VAnVCiaCpBjJvLYpQDkI0s1mpmdXJi":{"chainKey":{"counter":-1,"key":"mJfDD9p9Vh78lSXcnBxUU3RyfCDOVfAjJqyJD4LF6OE="},"chainType":1,"messageKeys":{}}},"pendingPreKey":{"signedKeyId":8665043,"baseKey":"Bdhh9M3J8GphT3J9s+OxNCeRGvYeawKRz+JB760OCugA","preKeyId":960}},"Bf3VDPbu3Ih2L3VwWVFfIeFdiCCJAanMJYDtW2rP4PdR":{"registrationId":295304650,"currentRatchet":{"ephemeralKeyPair":{"pubKey":"BbkegeshmGEEnIcGFU7nB6e3IkPLlbo5/NuJpc2VzhwY","privKey":"6MQX2mukdcR6uzWVDbIU3TcdTkUtk6jNT7+BBUI01GI="},"lastRemoteEphemeralKey":"BZnnb9KTnaEFNWD5Hw2PGaNl0zWCnqVHp0pa8V/AYg1c","previousCounter":0,"rootKey":"NqKREOKCQnhPQezOq4LRfDKtjvLhhfU+5DlZ/3z7pno="},"indexInfo":{"baseKey":"Bf3VDPbu3Ih2L3VwWVFfIeFdiCCJAanMJYDtW2rP4PdR","baseKeyType":1,"closed":-1,"used":1742892752557,"created":1742891846122,"remoteIdentityKey":"BbnYEqm3Fw0MZ389qNJiUf5y4jwm7A2+uRQYYlH5cDp4"},"_chains":{"BZnnb9KTnaEFNWD5Hw2PGaNl0zWCnqVHp0pa8V/AYg1c":{"chainKey":{"counter":0,"key":"9UfzPeFv3hFdF0VLG24rFShDzOMnGN9PQUlrJALAGKM="},"chainType":2,"messageKeys":{}},"BbkegeshmGEEnIcGFU7nB6e3IkPLlbo5/NuJpc2VzhwY":{"chainKey":{"counter":-1,"key":"W5A2XCmcDSA1N/BH/rk2Hvz8IrVaIhoLxt9PKPmoCJw="},"chainType":1,"messageKeys":{}}}}},"version":"v1"}