{"_sessions":{"BSQre9rOxpQYYwiDdTdkGDx4mEoM1Zxexn+PU36L0L40":{"registrationId":428058814,"currentRatchet":{"ephemeralKeyPair":{"pubKey":"Bb4WsKjfNHpTZV1DFPAn2uBCoJXfDRvtG8AL7Qw/jWEE","privKey":"GDVPTG3bGnPGDH16wDwK/i2t8Na6JQ1ZTRuPnIIOR2o="},"lastRemoteEphemeralKey":"BSUADE3IPFN0ropHkRN2CeB1/r+WLToqDBrGglPtcpFH","previousCounter":0,"rootKey":"yZfSAAEkvMPTMNLTatHmVnHLDj7PS+Vldf+aEsccryk="},"indexInfo":{"baseKey":"BSQre9rOxpQYYwiDdTdkGDx4mEoM1Zxexn+PU36L0L40","baseKeyType":1,"closed":1743329289450,"used":1743257675965,"created":1743257675965,"remoteIdentityKey":"BZLTYujIwQY8A1EX0AE5XUMB+L5TQw2AXYbooH1Ea9pM"},"_chains":{"Bb4WsKjfNHpTZV1DFPAn2uBCoJXfDRvtG8AL7Qw/jWEE":{"chainKey":{"counter":52,"key":"NXNuQEIdyZfgjgXUwGRjkLEMSi2/Yg1vCvc6NVsR0AY="},"chainType":1,"messageKeys":{}}},"pendingPreKey":{"signedKeyId":5541782,"baseKey":"BSQre9rOxpQYYwiDdTdkGDx4mEoM1Zxexn+PU36L0L40","preKeyId":195}},"BZnzORiH+k9QEqdu9rBHI/G4fqSojai8cIofWU+pY2QS":{"registrationId":428058814,"currentRatchet":{"ephemeralKeyPair":{"pubKey":"BUwUXp5dO5r2wwT7mUzyABGB59ykLpGjq+4AfFohyaVe","privKey":"GPTZvpsX5kcuQEvo8hvk0w2X/Tzctlo1RHz9+5D3NHE="},"lastRemoteEphemeralKey":"BSUADE3IPFN0ropHkRN2CeB1/r+WLToqDBrGglPtcpFH","previousCounter":0,"rootKey":"mlVjumi20uRi+VD30AtAuzo9gzRAHMWumaX3JBAlI/c="},"indexInfo":{"baseKey":"BZnzORiH+k9QEqdu9rBHI/G4fqSojai8cIofWU+pY2QS","baseKeyType":1,"closed":-1,"used":1743329289449,"created":1743329289449,"remoteIdentityKey":"BZLTYujIwQY8A1EX0AE5XUMB+L5TQw2AXYbooH1Ea9pM"},"_chains":{"BUwUXp5dO5r2wwT7mUzyABGB59ykLpGjq+4AfFohyaVe":{"chainKey":{"counter":56,"key":"SUX2U4hipQPmuIqZ8j8LczxPTQz+1QkZGEMAmwlrMII="},"chainType":1,"messageKeys":{}}},"pendingPreKey":{"signedKeyId":5541782,"baseKey":"BZnzORiH+k9QEqdu9rBHI/G4fqSojai8cIofWU+pY2QS","preKeyId":192}}},"version":"v1"}