{"_sessions":{"Bd2Vjd2PgFJNWqb2JzglXkoEWHHkEH5be85ymiFx9K46":{"registrationId":1288992479,"currentRatchet":{"ephemeralKeyPair":{"pubKey":"BUrvB5sKYCrw9o93Cz+/A6paTIIfLFB4ddyALzFhln0U","privKey":"qHMOUbPwX64CB2U8IBxyyBz7N8LY+8mea5fXDBGzpFE="},"lastRemoteEphemeralKey":"BYbaTjE3/wD7fOTG/p5pxOQjspFOApyimhmIkbx53HAr","previousCounter":0,"rootKey":"BAIZlWzTZhTLewYO4u6SB6xmKmjPjemP4paMqr1lwMQ="},"indexInfo":{"baseKey":"Bd2Vjd2PgFJNWqb2JzglXkoEWHHkEH5be85ymiFx9K46","baseKeyType":1,"closed":1743329333797,"used":1743257675514,"created":1743257675514,"remoteIdentityKey":"BbxHdFj6/LCdkLzHeQr4rPBG108d6EdBdEMEvKenyVRL"},"_chains":{"BUrvB5sKYCrw9o93Cz+/A6paTIIfLFB4ddyALzFhln0U":{"chainKey":{"counter":70,"key":"sMX6teqAjJ/sol42DQJlw5crYe+wVxhUKcE7szRUAdg="},"chainType":1,"messageKeys":{}}},"pendingPreKey":{"signedKeyId":14813703,"baseKey":"Bd2Vjd2PgFJNWqb2JzglXkoEWHHkEH5be85ymiFx9K46","preKeyId":13878}},"Bd5hCDD4WTICh68Zb3A0mxQcY+wfTJy5hhDtOvOQZ/k2":{"registrationId":1288992479,"currentRatchet":{"ephemeralKeyPair":{"pubKey":"BavFS+fa3PggYlZxK7E/QCdPyTruzW1/QtvjPXRxetJf","privKey":"QKpU0h2rsS3kAnEqPzJWFFqZosRKJLooTuPbvszybn4="},"lastRemoteEphemeralKey":"BYbaTjE3/wD7fOTG/p5pxOQjspFOApyimhmIkbx53HAr","previousCounter":0,"rootKey":"nMbU+A5ciHpTADCx6nWTryRXTe3xYrxzWfV3l2wh+Bs="},"indexInfo":{"baseKey":"Bd5hCDD4WTICh68Zb3A0mxQcY+wfTJy5hhDtOvOQZ/k2","baseKeyType":1,"closed":-1,"used":1743329333796,"created":1743329333796,"remoteIdentityKey":"BbxHdFj6/LCdkLzHeQr4rPBG108d6EdBdEMEvKenyVRL"},"_chains":{"BavFS+fa3PggYlZxK7E/QCdPyTruzW1/QtvjPXRxetJf":{"chainKey":{"counter":38,"key":"IZ/LLCQYXiG4LO14ZJwDjw0wQbu53Q5qc1ozKVfYCCw="},"chainType":1,"messageKeys":{}}},"pendingPreKey":{"signedKeyId":14813703,"baseKey":"Bd5hCDD4WTICh68Zb3A0mxQcY+wfTJy5hhDtOvOQZ/k2","preKeyId":14451}}},"version":"v1"}